ISO-10303-21;
HEADER;
FILE_DESCRIPTION(('KiCad electronic assembly'),'2;1');
FILE_NAME('t9_keypad_back.step','2026-10-07T11:15:01',('Pcbnew'),(
    'Kicad'),'Open CASCADE STEP processor 7.6','KiCad to STEP converter'
  ,'Unknown');
FILE_SCHEMA(('AUTOMOTIVE_DESIGN { 1 0 10303 214 1 1 1 1 }'));
ENDSEC;
DATA;
#1 = APPLICATION_PROTOCOL_DEFINITION('international standard',
  'automotive_design',2000,#2);
#2 = APPLICATION_CONTEXT(
  'core data for automotive mechanical design processes');
#3 = SHAPE_DEFINITION_REPRESENTATION(#4,#10);
#4 = PRODUCT_DEFINITION_SHAPE('','',#5);
#5 = PRODUCT_DEFINITION('design','',#6,#9);
#6 = PRODUCT_DEFINITION_FORMATION('','',#7);
#7 = PRODUCT('t9_keypad_back 1','t9_keypad_back 1','',(#8));
#8 = PRODUCT_CONTEXT('',#2,'mechanical');
#9 = PRODUCT_DEFINITION_CONTEXT('part definition',#2,'design');
#10 = SHAPE_REPRESENTATION('',(#11,#15,#19,#23,#27,#31,#35,#39,#43),#47
  );
#11 = AXIS2_PLACEMENT_3D('',#12,#13,#14);
#12 = CARTESIAN_POINT('',(0.,0.,0.));
#13 = DIRECTION('',(0.,0.,1.));
#14 = DIRECTION('',(1.,0.,-0.));
#15 = AXIS2_PLACEMENT_3D('',#16,#17,#18);
#16 = CARTESIAN_POINT('',(112.4,-145.8,1.595));
#17 = DIRECTION('',(0.,-0.,1.));
#18 = DIRECTION('',(1.110223024625E-16,1.,0.));
#19 = AXIS2_PLACEMENT_3D('',#20,#21,#22);
#20 = CARTESIAN_POINT('',(112.4,-139.65,1.595));
#21 = DIRECTION('',(0.,-0.,1.));
#22 = DIRECTION('',(1.110223024625E-16,1.,0.));
#23 = AXIS2_PLACEMENT_3D('',#24,#25,#26);
#24 = CARTESIAN_POINT('',(119.,-144.,1.595));
#25 = DIRECTION('',(0.,-0.,1.));
#26 = DIRECTION('',(1.110223024625E-16,1.,0.));
#27 = AXIS2_PLACEMENT_3D('',#28,#29,#30);
#28 = CARTESIAN_POINT('',(135.5,-108.2,1.595));
#29 = DIRECTION('',(0.,-0.,1.));
#30 = DIRECTION('',(1.110223024625E-16,1.,0.));
#31 = AXIS2_PLACEMENT_3D('',#32,#33,#34);
#32 = CARTESIAN_POINT('',(128.5,-108.2,1.595));
#33 = DIRECTION('',(0.,-0.,1.));
#34 = DIRECTION('',(1.110223024625E-16,1.,0.));
#35 = AXIS2_PLACEMENT_3D('',#36,#37,#38);
#36 = CARTESIAN_POINT('',(132.,-103.1,1.595));
#37 = DIRECTION('',(0.,0.,1.));
#38 = DIRECTION('',(-1.,1.224646799147E-16,0.));
#39 = AXIS2_PLACEMENT_3D('',#40,#41,#42);
#40 = CARTESIAN_POINT('',(112.2232,-142.7232,1.595));
#41 = DIRECTION('',(0.,-0.,1.));
#42 = DIRECTION('',(1.110223024625E-16,1.,0.));
#43 = AXIS2_PLACEMENT_3D('',#44,#45,#46);
#44 = CARTESIAN_POINT('',(0.,0.,0.));
#45 = DIRECTION('',(0.,0.,1.));
#46 = DIRECTION('',(1.,0.,-0.));
#47 = ( GEOMETRIC_REPRESENTATION_CONTEXT(3) 
GLOBAL_UNCERTAINTY_ASSIGNED_CONTEXT((#51)) GLOBAL_UNIT_ASSIGNED_CONTEXT(
(#48,#49,#50)) REPRESENTATION_CONTEXT('Context #1',
  '3D Context with UNIT and UNCERTAINTY') );
#48 = ( LENGTH_UNIT() NAMED_UNIT(*) SI_UNIT(.MILLI.,.METRE.) );
#49 = ( NAMED_UNIT(*) PLANE_ANGLE_UNIT() SI_UNIT($,.RADIAN.) );
#50 = ( NAMED_UNIT(*) SI_UNIT($,.STERADIAN.) SOLID_ANGLE_UNIT() );
#51 = UNCERTAINTY_MEASURE_WITH_UNIT(LENGTH_MEASURE(1.E-07),#48,
  'distance_accuracy_value','confusion accuracy');
#52 = PRODUCT_RELATED_PRODUCT_CATEGORY('part',$,(#7));
#53 = SHAPE_DEFINITION_REPRESENTATION(#54,#60);
#54 = PRODUCT_DEFINITION_SHAPE('','',#55);
#55 = PRODUCT_DEFINITION('design','',#56,#59);
#56 = PRODUCT_DEFINITION_FORMATION('','',#57);
#57 = PRODUCT('C_0603_1608Metric','C_0603_1608Metric','',(#58));
#58 = PRODUCT_CONTEXT('',#2,'mechanical');
#59 = PRODUCT_DEFINITION_CONTEXT('part definition',#2,'design');
#60 = ADVANCED_BREP_SHAPE_REPRESENTATION('',(#11,#61),#915);
#61 = MANIFOLD_SOLID_BREP('',#62);
#62 = CLOSED_SHELL('',(#63,#139,#170,#195,#220,#244,#268,#293,#318,#335,
    #421,#453,#477,#502,#526,#551,#575,#600,#617,#703,#734,#759,#784,
    #808,#832,#857,#882,#899));
#63 = ADVANCED_FACE('',(#64),#134,.F.);
#64 = FACE_BOUND('',#65,.F.);
#65 = EDGE_LOOP('',(#66,#76,#85,#93,#102,#110,#119,#127));
#66 = ORIENTED_EDGE('',*,*,#67,.F.);
#67 = EDGE_CURVE('',#68,#70,#72,.T.);
#68 = VERTEX_POINT('',#69);
#69 = CARTESIAN_POINT('',(-0.8,-0.4,3.E-02));
#70 = VERTEX_POINT('',#71);
#71 = CARTESIAN_POINT('',(-0.8,-0.4,0.77));
#72 = LINE('',#73,#74);
#73 = CARTESIAN_POINT('',(-0.8,-0.4,0.));
#74 = VECTOR('',#75,1.);
#75 = DIRECTION('',(0.,0.,1.));
#76 = ORIENTED_EDGE('',*,*,#77,.T.);
#77 = EDGE_CURVE('',#68,#78,#80,.T.);
#78 = VERTEX_POINT('',#79);
#79 = CARTESIAN_POINT('',(-0.8,-0.37,0.));
#80 = CIRCLE('',#81,3.E-02);
#81 = AXIS2_PLACEMENT_3D('',#82,#83,#84);
#82 = CARTESIAN_POINT('',(-0.8,-0.37,3.E-02));
#83 = DIRECTION('',(1.,0.,-0.));
#84 = DIRECTION('',(0.,0.,1.));
#85 = ORIENTED_EDGE('',*,*,#86,.T.);
#86 = EDGE_CURVE('',#78,#87,#89,.T.);
#87 = VERTEX_POINT('',#88);
#88 = CARTESIAN_POINT('',(-0.8,0.37,0.));
#89 = LINE('',#90,#91);
#90 = CARTESIAN_POINT('',(-0.8,-0.4,0.));
#91 = VECTOR('',#92,1.);
#92 = DIRECTION('',(0.,1.,0.));
#93 = ORIENTED_EDGE('',*,*,#94,.F.);
#94 = EDGE_CURVE('',#95,#87,#97,.T.);
#95 = VERTEX_POINT('',#96);
#96 = CARTESIAN_POINT('',(-0.8,0.4,3.E-02));
#97 = CIRCLE('',#98,3.E-02);
#98 = AXIS2_PLACEMENT_3D('',#99,#100,#101);
#99 = CARTESIAN_POINT('',(-0.8,0.37,3.E-02));
#100 = DIRECTION('',(-1.,0.,0.));
#101 = DIRECTION('',(0.,0.,1.));
#102 = ORIENTED_EDGE('',*,*,#103,.T.);
#103 = EDGE_CURVE('',#95,#104,#106,.T.);
#104 = VERTEX_POINT('',#105);
#105 = CARTESIAN_POINT('',(-0.8,0.4,0.77));
#106 = LINE('',#107,#108);
#107 = CARTESIAN_POINT('',(-0.8,0.4,0.));
#108 = VECTOR('',#109,1.);
#109 = DIRECTION('',(0.,0.,1.));
#110 = ORIENTED_EDGE('',*,*,#111,.T.);
#111 = EDGE_CURVE('',#104,#112,#114,.T.);
#112 = VERTEX_POINT('',#113);
#113 = CARTESIAN_POINT('',(-0.8,0.37,0.8));
#114 = CIRCLE('',#115,3.E-02);
#115 = AXIS2_PLACEMENT_3D('',#116,#117,#118);
#116 = CARTESIAN_POINT('',(-0.8,0.37,0.77));
#117 = DIRECTION('',(1.,0.,-0.));
#118 = DIRECTION('',(0.,0.,1.));
#119 = ORIENTED_EDGE('',*,*,#120,.F.);
#120 = EDGE_CURVE('',#121,#112,#123,.T.);
#121 = VERTEX_POINT('',#122);
#122 = CARTESIAN_POINT('',(-0.8,-0.37,0.8));
#123 = LINE('',#124,#125);
#124 = CARTESIAN_POINT('',(-0.8,-0.4,0.8));
#125 = VECTOR('',#126,1.);
#126 = DIRECTION('',(0.,1.,0.));
#127 = ORIENTED_EDGE('',*,*,#128,.F.);
#128 = EDGE_CURVE('',#70,#121,#129,.T.);
#129 = CIRCLE('',#130,3.E-02);
#130 = AXIS2_PLACEMENT_3D('',#131,#132,#133);
#131 = CARTESIAN_POINT('',(-0.8,-0.37,0.77));
#132 = DIRECTION('',(-1.,0.,0.));
#133 = DIRECTION('',(0.,0.,1.));
#134 = PLANE('',#135);
#135 = AXIS2_PLACEMENT_3D('',#136,#137,#138);
#136 = CARTESIAN_POINT('',(-0.8,-0.4,0.));
#137 = DIRECTION('',(1.,0.,0.));
#138 = DIRECTION('',(0.,0.,1.));
#139 = ADVANCED_FACE('',(#140),#165,.F.);
#140 = FACE_BOUND('',#141,.F.);
#141 = EDGE_LOOP('',(#142,#152,#158,#159));
#142 = ORIENTED_EDGE('',*,*,#143,.F.);
#143 = EDGE_CURVE('',#144,#146,#148,.T.);
#144 = VERTEX_POINT('',#145);
#145 = CARTESIAN_POINT('',(-0.5,-0.4,3.E-02));
#146 = VERTEX_POINT('',#147);
#147 = CARTESIAN_POINT('',(-0.5,-0.4,0.77));
#148 = LINE('',#149,#150);
#149 = CARTESIAN_POINT('',(-0.5,-0.4,0.));
#150 = VECTOR('',#151,1.);
#151 = DIRECTION('',(0.,0.,1.));
#152 = ORIENTED_EDGE('',*,*,#153,.F.);
#153 = EDGE_CURVE('',#68,#144,#154,.T.);
#154 = LINE('',#155,#156);
#155 = CARTESIAN_POINT('',(-0.8,-0.4,3.E-02));
#156 = VECTOR('',#157,1.);
#157 = DIRECTION('',(1.,0.,0.));
#158 = ORIENTED_EDGE('',*,*,#67,.T.);
#159 = ORIENTED_EDGE('',*,*,#160,.T.);
#160 = EDGE_CURVE('',#70,#146,#161,.T.);
#161 = LINE('',#162,#163);
#162 = CARTESIAN_POINT('',(-0.8,-0.4,0.77));
#163 = VECTOR('',#164,1.);
#164 = DIRECTION('',(1.,0.,0.));
#165 = PLANE('',#166);
#166 = AXIS2_PLACEMENT_3D('',#167,#168,#169);
#167 = CARTESIAN_POINT('',(-0.8,-0.4,0.));
#168 = DIRECTION('',(0.,1.,0.));
#169 = DIRECTION('',(0.,-0.,1.));
#170 = ADVANCED_FACE('',(#171),#190,.T.);
#171 = FACE_BOUND('',#172,.T.);
#172 = EDGE_LOOP('',(#173,#174,#182,#189));
#173 = ORIENTED_EDGE('',*,*,#77,.T.);
#174 = ORIENTED_EDGE('',*,*,#175,.T.);
#175 = EDGE_CURVE('',#78,#176,#178,.T.);
#176 = VERTEX_POINT('',#177);
#177 = CARTESIAN_POINT('',(-0.5,-0.37,0.));
#178 = LINE('',#179,#180);
#179 = CARTESIAN_POINT('',(-0.8,-0.37,0.));
#180 = VECTOR('',#181,1.);
#181 = DIRECTION('',(1.,0.,0.));
#182 = ORIENTED_EDGE('',*,*,#183,.F.);
#183 = EDGE_CURVE('',#144,#176,#184,.T.);
#184 = CIRCLE('',#185,3.E-02);
#185 = AXIS2_PLACEMENT_3D('',#186,#187,#188);
#186 = CARTESIAN_POINT('',(-0.5,-0.37,3.E-02));
#187 = DIRECTION('',(1.,0.,-0.));
#188 = DIRECTION('',(0.,0.,1.));
#189 = ORIENTED_EDGE('',*,*,#153,.F.);
#190 = CYLINDRICAL_SURFACE('',#191,3.E-02);
#191 = AXIS2_PLACEMENT_3D('',#192,#193,#194);
#192 = CARTESIAN_POINT('',(-0.8,-0.37,3.E-02));
#193 = DIRECTION('',(1.,0.,0.));
#194 = DIRECTION('',(0.,-1.,0.));
#195 = ADVANCED_FACE('',(#196),#215,.T.);
#196 = FACE_BOUND('',#197,.T.);
#197 = EDGE_LOOP('',(#198,#199,#208,#214));
#198 = ORIENTED_EDGE('',*,*,#160,.T.);
#199 = ORIENTED_EDGE('',*,*,#200,.T.);
#200 = EDGE_CURVE('',#146,#201,#203,.T.);
#201 = VERTEX_POINT('',#202);
#202 = CARTESIAN_POINT('',(-0.5,-0.37,0.8));
#203 = CIRCLE('',#204,3.E-02);
#204 = AXIS2_PLACEMENT_3D('',#205,#206,#207);
#205 = CARTESIAN_POINT('',(-0.5,-0.37,0.77));
#206 = DIRECTION('',(-1.,0.,0.));
#207 = DIRECTION('',(0.,0.,1.));
#208 = ORIENTED_EDGE('',*,*,#209,.F.);
#209 = EDGE_CURVE('',#121,#201,#210,.T.);
#210 = LINE('',#211,#212);
#211 = CARTESIAN_POINT('',(-0.8,-0.37,0.8));
#212 = VECTOR('',#213,1.);
#213 = DIRECTION('',(1.,0.,0.));
#214 = ORIENTED_EDGE('',*,*,#128,.F.);
#215 = CYLINDRICAL_SURFACE('',#216,3.E-02);
#216 = AXIS2_PLACEMENT_3D('',#217,#218,#219);
#217 = CARTESIAN_POINT('',(-0.8,-0.37,0.77));
#218 = DIRECTION('',(1.,0.,0.));
#219 = DIRECTION('',(0.,-1.,0.));
#220 = ADVANCED_FACE('',(#221),#239,.F.);
#221 = FACE_BOUND('',#222,.F.);
#222 = EDGE_LOOP('',(#223,#224,#225,#233));
#223 = ORIENTED_EDGE('',*,*,#86,.F.);
#224 = ORIENTED_EDGE('',*,*,#175,.T.);
#225 = ORIENTED_EDGE('',*,*,#226,.T.);
#226 = EDGE_CURVE('',#176,#227,#229,.T.);
#227 = VERTEX_POINT('',#228);
#228 = CARTESIAN_POINT('',(-0.5,0.37,0.));
#229 = LINE('',#230,#231);
#230 = CARTESIAN_POINT('',(-0.5,-0.4,0.));
#231 = VECTOR('',#232,1.);
#232 = DIRECTION('',(0.,1.,0.));
#233 = ORIENTED_EDGE('',*,*,#234,.F.);
#234 = EDGE_CURVE('',#87,#227,#235,.T.);
#235 = LINE('',#236,#237);
#236 = CARTESIAN_POINT('',(-0.8,0.37,0.));
#237 = VECTOR('',#238,1.);
#238 = DIRECTION('',(1.,0.,0.));
#239 = PLANE('',#240);
#240 = AXIS2_PLACEMENT_3D('',#241,#242,#243);
#241 = CARTESIAN_POINT('',(-0.8,-0.4,0.));
#242 = DIRECTION('',(0.,0.,1.));
#243 = DIRECTION('',(1.,0.,-0.));
#244 = ADVANCED_FACE('',(#245),#263,.T.);
#245 = FACE_BOUND('',#246,.T.);
#246 = EDGE_LOOP('',(#247,#248,#249,#257));
#247 = ORIENTED_EDGE('',*,*,#120,.F.);
#248 = ORIENTED_EDGE('',*,*,#209,.T.);
#249 = ORIENTED_EDGE('',*,*,#250,.T.);
#250 = EDGE_CURVE('',#201,#251,#253,.T.);
#251 = VERTEX_POINT('',#252);
#252 = CARTESIAN_POINT('',(-0.5,0.37,0.8));
#253 = LINE('',#254,#255);
#254 = CARTESIAN_POINT('',(-0.5,-0.4,0.8));
#255 = VECTOR('',#256,1.);
#256 = DIRECTION('',(0.,1.,0.));
#257 = ORIENTED_EDGE('',*,*,#258,.F.);
#258 = EDGE_CURVE('',#112,#251,#259,.T.);
#259 = LINE('',#260,#261);
#260 = CARTESIAN_POINT('',(-0.8,0.37,0.8));
#261 = VECTOR('',#262,1.);
#262 = DIRECTION('',(1.,0.,0.));
#263 = PLANE('',#264);
#264 = AXIS2_PLACEMENT_3D('',#265,#266,#267);
#265 = CARTESIAN_POINT('',(-0.8,-0.4,0.8));
#266 = DIRECTION('',(0.,0.,1.));
#267 = DIRECTION('',(1.,0.,-0.));
#268 = ADVANCED_FACE('',(#269),#288,.T.);
#269 = FACE_BOUND('',#270,.T.);
#270 = EDGE_LOOP('',(#271,#279,#286,#287));
#271 = ORIENTED_EDGE('',*,*,#272,.T.);
#272 = EDGE_CURVE('',#95,#273,#275,.T.);
#273 = VERTEX_POINT('',#274);
#274 = CARTESIAN_POINT('',(-0.5,0.4,3.E-02));
#275 = LINE('',#276,#277);
#276 = CARTESIAN_POINT('',(-0.8,0.4,3.E-02));
#277 = VECTOR('',#278,1.);
#278 = DIRECTION('',(1.,0.,0.));
#279 = ORIENTED_EDGE('',*,*,#280,.T.);
#280 = EDGE_CURVE('',#273,#227,#281,.T.);
#281 = CIRCLE('',#282,3.E-02);
#282 = AXIS2_PLACEMENT_3D('',#283,#284,#285);
#283 = CARTESIAN_POINT('',(-0.5,0.37,3.E-02));
#284 = DIRECTION('',(-1.,0.,0.));
#285 = DIRECTION('',(0.,0.,1.));
#286 = ORIENTED_EDGE('',*,*,#234,.F.);
#287 = ORIENTED_EDGE('',*,*,#94,.F.);
#288 = CYLINDRICAL_SURFACE('',#289,3.E-02);
#289 = AXIS2_PLACEMENT_3D('',#290,#291,#292);
#290 = CARTESIAN_POINT('',(-0.8,0.37,3.E-02));
#291 = DIRECTION('',(1.,0.,0.));
#292 = DIRECTION('',(-0.,1.,0.));
#293 = ADVANCED_FACE('',(#294),#313,.T.);
#294 = FACE_BOUND('',#295,.T.);
#295 = EDGE_LOOP('',(#296,#297,#298,#307));
#296 = ORIENTED_EDGE('',*,*,#111,.T.);
#297 = ORIENTED_EDGE('',*,*,#258,.T.);
#298 = ORIENTED_EDGE('',*,*,#299,.F.);
#299 = EDGE_CURVE('',#300,#251,#302,.T.);
#300 = VERTEX_POINT('',#301);
#301 = CARTESIAN_POINT('',(-0.5,0.4,0.77));
#302 = CIRCLE('',#303,3.E-02);
#303 = AXIS2_PLACEMENT_3D('',#304,#305,#306);
#304 = CARTESIAN_POINT('',(-0.5,0.37,0.77));
#305 = DIRECTION('',(1.,0.,-0.));
#306 = DIRECTION('',(0.,0.,1.));
#307 = ORIENTED_EDGE('',*,*,#308,.F.);
#308 = EDGE_CURVE('',#104,#300,#309,.T.);
#309 = LINE('',#310,#311);
#310 = CARTESIAN_POINT('',(-0.8,0.4,0.77));
#311 = VECTOR('',#312,1.);
#312 = DIRECTION('',(1.,0.,0.));
#313 = CYLINDRICAL_SURFACE('',#314,3.E-02);
#314 = AXIS2_PLACEMENT_3D('',#315,#316,#317);
#315 = CARTESIAN_POINT('',(-0.8,0.37,0.77));
#316 = DIRECTION('',(1.,0.,0.));
#317 = DIRECTION('',(-0.,1.,0.));
#318 = ADVANCED_FACE('',(#319),#330,.T.);
#319 = FACE_BOUND('',#320,.T.);
#320 = EDGE_LOOP('',(#321,#327,#328,#329));
#321 = ORIENTED_EDGE('',*,*,#322,.F.);
#322 = EDGE_CURVE('',#273,#300,#323,.T.);
#323 = LINE('',#324,#325);
#324 = CARTESIAN_POINT('',(-0.5,0.4,0.));
#325 = VECTOR('',#326,1.);
#326 = DIRECTION('',(0.,0.,1.));
#327 = ORIENTED_EDGE('',*,*,#272,.F.);
#328 = ORIENTED_EDGE('',*,*,#103,.T.);
#329 = ORIENTED_EDGE('',*,*,#308,.T.);
#330 = PLANE('',#331);
#331 = AXIS2_PLACEMENT_3D('',#332,#333,#334);
#332 = CARTESIAN_POINT('',(-0.8,0.4,0.));
#333 = DIRECTION('',(0.,1.,0.));
#334 = DIRECTION('',(0.,-0.,1.));
#335 = ADVANCED_FACE('',(#336,#346),#416,.T.);
#336 = FACE_BOUND('',#337,.T.);
#337 = EDGE_LOOP('',(#338,#339,#340,#341,#342,#343,#344,#345));
#338 = ORIENTED_EDGE('',*,*,#143,.F.);
#339 = ORIENTED_EDGE('',*,*,#183,.T.);
#340 = ORIENTED_EDGE('',*,*,#226,.T.);
#341 = ORIENTED_EDGE('',*,*,#280,.F.);
#342 = ORIENTED_EDGE('',*,*,#322,.T.);
#343 = ORIENTED_EDGE('',*,*,#299,.T.);
#344 = ORIENTED_EDGE('',*,*,#250,.F.);
#345 = ORIENTED_EDGE('',*,*,#200,.F.);
#346 = FACE_BOUND('',#347,.T.);
#347 = EDGE_LOOP('',(#348,#359,#367,#376,#384,#393,#401,#410));
#348 = ORIENTED_EDGE('',*,*,#349,.F.);
#349 = EDGE_CURVE('',#350,#352,#354,.T.);
#350 = VERTEX_POINT('',#351);
#351 = CARTESIAN_POINT('',(-0.5,-0.37,6.E-02));
#352 = VERTEX_POINT('',#353);
#353 = CARTESIAN_POINT('',(-0.5,-0.34,3.E-02));
#354 = CIRCLE('',#355,3.E-02);
#355 = AXIS2_PLACEMENT_3D('',#356,#357,#358);
#356 = CARTESIAN_POINT('',(-0.5,-0.34,6.E-02));
#357 = DIRECTION('',(1.,0.,-0.));
#358 = DIRECTION('',(0.,0.,1.));
#359 = ORIENTED_EDGE('',*,*,#360,.T.);
#360 = EDGE_CURVE('',#350,#361,#363,.T.);
#361 = VERTEX_POINT('',#362);
#362 = CARTESIAN_POINT('',(-0.5,-0.37,0.74));
#363 = LINE('',#364,#365);
#364 = CARTESIAN_POINT('',(-0.5,-0.37,3.E-02));
#365 = VECTOR('',#366,1.);
#366 = DIRECTION('',(0.,0.,1.));
#367 = ORIENTED_EDGE('',*,*,#368,.T.);
#368 = EDGE_CURVE('',#361,#369,#371,.T.);
#369 = VERTEX_POINT('',#370);
#370 = CARTESIAN_POINT('',(-0.5,-0.34,0.77));
#371 = CIRCLE('',#372,3.E-02);
#372 = AXIS2_PLACEMENT_3D('',#373,#374,#375);
#373 = CARTESIAN_POINT('',(-0.5,-0.34,0.74));
#374 = DIRECTION('',(-1.,0.,0.));
#375 = DIRECTION('',(0.,0.,1.));
#376 = ORIENTED_EDGE('',*,*,#377,.T.);
#377 = EDGE_CURVE('',#369,#378,#380,.T.);
#378 = VERTEX_POINT('',#379);
#379 = CARTESIAN_POINT('',(-0.5,0.34,0.77));
#380 = LINE('',#381,#382);
#381 = CARTESIAN_POINT('',(-0.5,-0.37,0.77));
#382 = VECTOR('',#383,1.);
#383 = DIRECTION('',(0.,1.,0.));
#384 = ORIENTED_EDGE('',*,*,#385,.F.);
#385 = EDGE_CURVE('',#386,#378,#388,.T.);
#386 = VERTEX_POINT('',#387);
#387 = CARTESIAN_POINT('',(-0.5,0.37,0.74));
#388 = CIRCLE('',#389,3.E-02);
#389 = AXIS2_PLACEMENT_3D('',#390,#391,#392);
#390 = CARTESIAN_POINT('',(-0.5,0.34,0.74));
#391 = DIRECTION('',(1.,0.,-0.));
#392 = DIRECTION('',(0.,0.,1.));
#393 = ORIENTED_EDGE('',*,*,#394,.F.);
#394 = EDGE_CURVE('',#395,#386,#397,.T.);
#395 = VERTEX_POINT('',#396);
#396 = CARTESIAN_POINT('',(-0.5,0.37,6.E-02));
#397 = LINE('',#398,#399);
#398 = CARTESIAN_POINT('',(-0.5,0.37,3.E-02));
#399 = VECTOR('',#400,1.);
#400 = DIRECTION('',(0.,0.,1.));
#401 = ORIENTED_EDGE('',*,*,#402,.T.);
#402 = EDGE_CURVE('',#395,#403,#405,.T.);
#403 = VERTEX_POINT('',#404);
#404 = CARTESIAN_POINT('',(-0.5,0.34,3.E-02));
#405 = CIRCLE('',#406,3.E-02);
#406 = AXIS2_PLACEMENT_3D('',#407,#408,#409);
#407 = CARTESIAN_POINT('',(-0.5,0.34,6.E-02));
#408 = DIRECTION('',(-1.,0.,0.));
#409 = DIRECTION('',(0.,0.,1.));
#410 = ORIENTED_EDGE('',*,*,#411,.F.);
#411 = EDGE_CURVE('',#352,#403,#412,.T.);
#412 = LINE('',#413,#414);
#413 = CARTESIAN_POINT('',(-0.5,-0.37,3.E-02));
#414 = VECTOR('',#415,1.);
#415 = DIRECTION('',(0.,1.,0.));
#416 = PLANE('',#417);
#417 = AXIS2_PLACEMENT_3D('',#418,#419,#420);
#418 = CARTESIAN_POINT('',(-0.5,-0.4,0.));
#419 = DIRECTION('',(1.,0.,0.));
#420 = DIRECTION('',(0.,0.,1.));
#421 = ADVANCED_FACE('',(#422),#448,.T.);
#422 = FACE_BOUND('',#423,.T.);
#423 = EDGE_LOOP('',(#424,#425,#433,#442));
#424 = ORIENTED_EDGE('',*,*,#349,.T.);
#425 = ORIENTED_EDGE('',*,*,#426,.T.);
#426 = EDGE_CURVE('',#352,#427,#429,.T.);
#427 = VERTEX_POINT('',#428);
#428 = CARTESIAN_POINT('',(0.5,-0.34,3.E-02));
#429 = LINE('',#430,#431);
#430 = CARTESIAN_POINT('',(-0.5,-0.34,3.E-02));
#431 = VECTOR('',#432,1.);
#432 = DIRECTION('',(1.,0.,0.));
#433 = ORIENTED_EDGE('',*,*,#434,.F.);
#434 = EDGE_CURVE('',#435,#427,#437,.T.);
#435 = VERTEX_POINT('',#436);
#436 = CARTESIAN_POINT('',(0.5,-0.37,6.E-02));
#437 = CIRCLE('',#438,3.E-02);
#438 = AXIS2_PLACEMENT_3D('',#439,#440,#441);
#439 = CARTESIAN_POINT('',(0.5,-0.34,6.E-02));
#440 = DIRECTION('',(1.,0.,-0.));
#441 = DIRECTION('',(0.,0.,1.));
#442 = ORIENTED_EDGE('',*,*,#443,.F.);
#443 = EDGE_CURVE('',#350,#435,#444,.T.);
#444 = LINE('',#445,#446);
#445 = CARTESIAN_POINT('',(-0.5,-0.37,6.E-02));
#446 = VECTOR('',#447,1.);
#447 = DIRECTION('',(1.,0.,0.));
#448 = CYLINDRICAL_SURFACE('',#449,3.E-02);
#449 = AXIS2_PLACEMENT_3D('',#450,#451,#452);
#450 = CARTESIAN_POINT('',(-0.5,-0.34,6.E-02));
#451 = DIRECTION('',(1.,0.,0.));
#452 = DIRECTION('',(0.,-1.,0.));
#453 = ADVANCED_FACE('',(#454),#472,.F.);
#454 = FACE_BOUND('',#455,.F.);
#455 = EDGE_LOOP('',(#456,#457,#458,#466));
#456 = ORIENTED_EDGE('',*,*,#411,.F.);
#457 = ORIENTED_EDGE('',*,*,#426,.T.);
#458 = ORIENTED_EDGE('',*,*,#459,.T.);
#459 = EDGE_CURVE('',#427,#460,#462,.T.);
#460 = VERTEX_POINT('',#461);
#461 = CARTESIAN_POINT('',(0.5,0.34,3.E-02));
#462 = LINE('',#463,#464);
#463 = CARTESIAN_POINT('',(0.5,-0.37,3.E-02));
#464 = VECTOR('',#465,1.);
#465 = DIRECTION('',(0.,1.,0.));
#466 = ORIENTED_EDGE('',*,*,#467,.F.);
#467 = EDGE_CURVE('',#403,#460,#468,.T.);
#468 = LINE('',#469,#470);
#469 = CARTESIAN_POINT('',(-0.5,0.34,3.E-02));
#470 = VECTOR('',#471,1.);
#471 = DIRECTION('',(1.,0.,0.));
#472 = PLANE('',#473);
#473 = AXIS2_PLACEMENT_3D('',#474,#475,#476);
#474 = CARTESIAN_POINT('',(-0.5,-0.37,3.E-02));
#475 = DIRECTION('',(0.,0.,1.));
#476 = DIRECTION('',(1.,0.,-0.));
#477 = ADVANCED_FACE('',(#478),#497,.T.);
#478 = FACE_BOUND('',#479,.T.);
#479 = EDGE_LOOP('',(#480,#488,#495,#496));
#480 = ORIENTED_EDGE('',*,*,#481,.T.);
#481 = EDGE_CURVE('',#395,#482,#484,.T.);
#482 = VERTEX_POINT('',#483);
#483 = CARTESIAN_POINT('',(0.5,0.37,6.E-02));
#484 = LINE('',#485,#486);
#485 = CARTESIAN_POINT('',(-0.5,0.37,6.E-02));
#486 = VECTOR('',#487,1.);
#487 = DIRECTION('',(1.,0.,0.));
#488 = ORIENTED_EDGE('',*,*,#489,.T.);
#489 = EDGE_CURVE('',#482,#460,#490,.T.);
#490 = CIRCLE('',#491,3.E-02);
#491 = AXIS2_PLACEMENT_3D('',#492,#493,#494);
#492 = CARTESIAN_POINT('',(0.5,0.34,6.E-02));
#493 = DIRECTION('',(-1.,0.,0.));
#494 = DIRECTION('',(0.,0.,1.));
#495 = ORIENTED_EDGE('',*,*,#467,.F.);
#496 = ORIENTED_EDGE('',*,*,#402,.F.);
#497 = CYLINDRICAL_SURFACE('',#498,3.E-02);
#498 = AXIS2_PLACEMENT_3D('',#499,#500,#501);
#499 = CARTESIAN_POINT('',(-0.5,0.34,6.E-02));
#500 = DIRECTION('',(1.,0.,0.));
#501 = DIRECTION('',(-0.,1.,0.));
#502 = ADVANCED_FACE('',(#503),#521,.T.);
#503 = FACE_BOUND('',#504,.T.);
#504 = EDGE_LOOP('',(#505,#513,#514,#515));
#505 = ORIENTED_EDGE('',*,*,#506,.F.);
#506 = EDGE_CURVE('',#482,#507,#509,.T.);
#507 = VERTEX_POINT('',#508);
#508 = CARTESIAN_POINT('',(0.5,0.37,0.74));
#509 = LINE('',#510,#511);
#510 = CARTESIAN_POINT('',(0.5,0.37,3.E-02));
#511 = VECTOR('',#512,1.);
#512 = DIRECTION('',(0.,0.,1.));
#513 = ORIENTED_EDGE('',*,*,#481,.F.);
#514 = ORIENTED_EDGE('',*,*,#394,.T.);
#515 = ORIENTED_EDGE('',*,*,#516,.T.);
#516 = EDGE_CURVE('',#386,#507,#517,.T.);
#517 = LINE('',#518,#519);
#518 = CARTESIAN_POINT('',(-0.5,0.37,0.74));
#519 = VECTOR('',#520,1.);
#520 = DIRECTION('',(1.,0.,0.));
#521 = PLANE('',#522);
#522 = AXIS2_PLACEMENT_3D('',#523,#524,#525);
#523 = CARTESIAN_POINT('',(-0.5,0.37,3.E-02));
#524 = DIRECTION('',(0.,1.,0.));
#525 = DIRECTION('',(0.,-0.,1.));
#526 = ADVANCED_FACE('',(#527),#546,.T.);
#527 = FACE_BOUND('',#528,.T.);
#528 = EDGE_LOOP('',(#529,#530,#538,#545));
#529 = ORIENTED_EDGE('',*,*,#385,.T.);
#530 = ORIENTED_EDGE('',*,*,#531,.T.);
#531 = EDGE_CURVE('',#378,#532,#534,.T.);
#532 = VERTEX_POINT('',#533);
#533 = CARTESIAN_POINT('',(0.5,0.34,0.77));
#534 = LINE('',#535,#536);
#535 = CARTESIAN_POINT('',(-0.5,0.34,0.77));
#536 = VECTOR('',#537,1.);
#537 = DIRECTION('',(1.,0.,0.));
#538 = ORIENTED_EDGE('',*,*,#539,.F.);
#539 = EDGE_CURVE('',#507,#532,#540,.T.);
#540 = CIRCLE('',#541,3.E-02);
#541 = AXIS2_PLACEMENT_3D('',#542,#543,#544);
#542 = CARTESIAN_POINT('',(0.5,0.34,0.74));
#543 = DIRECTION('',(1.,0.,-0.));
#544 = DIRECTION('',(0.,0.,1.));
#545 = ORIENTED_EDGE('',*,*,#516,.F.);
#546 = CYLINDRICAL_SURFACE('',#547,3.E-02);
#547 = AXIS2_PLACEMENT_3D('',#548,#549,#550);
#548 = CARTESIAN_POINT('',(-0.5,0.34,0.74));
#549 = DIRECTION('',(1.,0.,0.));
#550 = DIRECTION('',(-0.,1.,0.));
#551 = ADVANCED_FACE('',(#552),#570,.T.);
#552 = FACE_BOUND('',#553,.T.);
#553 = EDGE_LOOP('',(#554,#555,#563,#569));
#554 = ORIENTED_EDGE('',*,*,#377,.F.);
#555 = ORIENTED_EDGE('',*,*,#556,.T.);
#556 = EDGE_CURVE('',#369,#557,#559,.T.);
#557 = VERTEX_POINT('',#558);
#558 = CARTESIAN_POINT('',(0.5,-0.34,0.77));
#559 = LINE('',#560,#561);
#560 = CARTESIAN_POINT('',(-0.5,-0.34,0.77));
#561 = VECTOR('',#562,1.);
#562 = DIRECTION('',(1.,0.,0.));
#563 = ORIENTED_EDGE('',*,*,#564,.T.);
#564 = EDGE_CURVE('',#557,#532,#565,.T.);
#565 = LINE('',#566,#567);
#566 = CARTESIAN_POINT('',(0.5,-0.37,0.77));
#567 = VECTOR('',#568,1.);
#568 = DIRECTION('',(0.,1.,0.));
#569 = ORIENTED_EDGE('',*,*,#531,.F.);
#570 = PLANE('',#571);
#571 = AXIS2_PLACEMENT_3D('',#572,#573,#574);
#572 = CARTESIAN_POINT('',(-0.5,-0.37,0.77));
#573 = DIRECTION('',(0.,0.,1.));
#574 = DIRECTION('',(1.,0.,-0.));
#575 = ADVANCED_FACE('',(#576),#595,.T.);
#576 = FACE_BOUND('',#577,.T.);
#577 = EDGE_LOOP('',(#578,#586,#593,#594));
#578 = ORIENTED_EDGE('',*,*,#579,.T.);
#579 = EDGE_CURVE('',#361,#580,#582,.T.);
#580 = VERTEX_POINT('',#581);
#581 = CARTESIAN_POINT('',(0.5,-0.37,0.74));
#582 = LINE('',#583,#584);
#583 = CARTESIAN_POINT('',(-0.5,-0.37,0.74));
#584 = VECTOR('',#585,1.);
#585 = DIRECTION('',(1.,0.,0.));
#586 = ORIENTED_EDGE('',*,*,#587,.T.);
#587 = EDGE_CURVE('',#580,#557,#588,.T.);
#588 = CIRCLE('',#589,3.E-02);
#589 = AXIS2_PLACEMENT_3D('',#590,#591,#592);
#590 = CARTESIAN_POINT('',(0.5,-0.34,0.74));
#591 = DIRECTION('',(-1.,0.,0.));
#592 = DIRECTION('',(0.,0.,1.));
#593 = ORIENTED_EDGE('',*,*,#556,.F.);
#594 = ORIENTED_EDGE('',*,*,#368,.F.);
#595 = CYLINDRICAL_SURFACE('',#596,3.E-02);
#596 = AXIS2_PLACEMENT_3D('',#597,#598,#599);
#597 = CARTESIAN_POINT('',(-0.5,-0.34,0.74));
#598 = DIRECTION('',(1.,0.,0.));
#599 = DIRECTION('',(0.,-1.,0.));
#600 = ADVANCED_FACE('',(#601),#612,.F.);
#601 = FACE_BOUND('',#602,.F.);
#602 = EDGE_LOOP('',(#603,#609,#610,#611));
#603 = ORIENTED_EDGE('',*,*,#604,.F.);
#604 = EDGE_CURVE('',#435,#580,#605,.T.);
#605 = LINE('',#606,#607);
#606 = CARTESIAN_POINT('',(0.5,-0.37,3.E-02));
#607 = VECTOR('',#608,1.);
#608 = DIRECTION('',(0.,0.,1.));
#609 = ORIENTED_EDGE('',*,*,#443,.F.);
#610 = ORIENTED_EDGE('',*,*,#360,.T.);
#611 = ORIENTED_EDGE('',*,*,#579,.T.);
#612 = PLANE('',#613);
#613 = AXIS2_PLACEMENT_3D('',#614,#615,#616);
#614 = CARTESIAN_POINT('',(-0.5,-0.37,3.E-02));
#615 = DIRECTION('',(0.,1.,0.));
#616 = DIRECTION('',(0.,-0.,1.));
#617 = ADVANCED_FACE('',(#618,#688),#698,.F.);
#618 = FACE_BOUND('',#619,.F.);
#619 = EDGE_LOOP('',(#620,#630,#639,#647,#656,#664,#673,#681));
#620 = ORIENTED_EDGE('',*,*,#621,.F.);
#621 = EDGE_CURVE('',#622,#624,#626,.T.);
#622 = VERTEX_POINT('',#623);
#623 = CARTESIAN_POINT('',(0.5,-0.4,3.E-02));
#624 = VERTEX_POINT('',#625);
#625 = CARTESIAN_POINT('',(0.5,-0.4,0.77));
#626 = LINE('',#627,#628);
#627 = CARTESIAN_POINT('',(0.5,-0.4,0.));
#628 = VECTOR('',#629,1.);
#629 = DIRECTION('',(0.,0.,1.));
#630 = ORIENTED_EDGE('',*,*,#631,.T.);
#631 = EDGE_CURVE('',#622,#632,#634,.T.);
#632 = VERTEX_POINT('',#633);
#633 = CARTESIAN_POINT('',(0.5,-0.37,0.));
#634 = CIRCLE('',#635,3.E-02);
#635 = AXIS2_PLACEMENT_3D('',#636,#637,#638);
#636 = CARTESIAN_POINT('',(0.5,-0.37,3.E-02));
#637 = DIRECTION('',(1.,0.,-0.));
#638 = DIRECTION('',(0.,0.,1.));
#639 = ORIENTED_EDGE('',*,*,#640,.T.);
#640 = EDGE_CURVE('',#632,#641,#643,.T.);
#641 = VERTEX_POINT('',#642);
#642 = CARTESIAN_POINT('',(0.5,0.37,0.));
#643 = LINE('',#644,#645);
#644 = CARTESIAN_POINT('',(0.5,-0.4,0.));
#645 = VECTOR('',#646,1.);
#646 = DIRECTION('',(0.,1.,0.));
#647 = ORIENTED_EDGE('',*,*,#648,.F.);
#648 = EDGE_CURVE('',#649,#641,#651,.T.);
#649 = VERTEX_POINT('',#650);
#650 = CARTESIAN_POINT('',(0.5,0.4,3.E-02));
#651 = CIRCLE('',#652,3.E-02);
#652 = AXIS2_PLACEMENT_3D('',#653,#654,#655);
#653 = CARTESIAN_POINT('',(0.5,0.37,3.E-02));
#654 = DIRECTION('',(-1.,0.,0.));
#655 = DIRECTION('',(0.,0.,1.));
#656 = ORIENTED_EDGE('',*,*,#657,.T.);
#657 = EDGE_CURVE('',#649,#658,#660,.T.);
#658 = VERTEX_POINT('',#659);
#659 = CARTESIAN_POINT('',(0.5,0.4,0.77));
#660 = LINE('',#661,#662);
#661 = CARTESIAN_POINT('',(0.5,0.4,0.));
#662 = VECTOR('',#663,1.);
#663 = DIRECTION('',(0.,0.,1.));
#664 = ORIENTED_EDGE('',*,*,#665,.T.);
#665 = EDGE_CURVE('',#658,#666,#668,.T.);
#666 = VERTEX_POINT('',#667);
#667 = CARTESIAN_POINT('',(0.5,0.37,0.8));
#668 = CIRCLE('',#669,3.E-02);
#669 = AXIS2_PLACEMENT_3D('',#670,#671,#672);
#670 = CARTESIAN_POINT('',(0.5,0.37,0.77));
#671 = DIRECTION('',(1.,0.,-0.));
#672 = DIRECTION('',(0.,0.,1.));
#673 = ORIENTED_EDGE('',*,*,#674,.F.);
#674 = EDGE_CURVE('',#675,#666,#677,.T.);
#675 = VERTEX_POINT('',#676);
#676 = CARTESIAN_POINT('',(0.5,-0.37,0.8));
#677 = LINE('',#678,#679);
#678 = CARTESIAN_POINT('',(0.5,-0.4,0.8));
#679 = VECTOR('',#680,1.);
#680 = DIRECTION('',(0.,1.,0.));
#681 = ORIENTED_EDGE('',*,*,#682,.F.);
#682 = EDGE_CURVE('',#624,#675,#683,.T.);
#683 = CIRCLE('',#684,3.E-02);
#684 = AXIS2_PLACEMENT_3D('',#685,#686,#687);
#685 = CARTESIAN_POINT('',(0.5,-0.37,0.77));
#686 = DIRECTION('',(-1.,0.,0.));
#687 = DIRECTION('',(0.,0.,1.));
#688 = FACE_BOUND('',#689,.F.);
#689 = EDGE_LOOP('',(#690,#691,#692,#693,#694,#695,#696,#697));
#690 = ORIENTED_EDGE('',*,*,#434,.F.);
#691 = ORIENTED_EDGE('',*,*,#604,.T.);
#692 = ORIENTED_EDGE('',*,*,#587,.T.);
#693 = ORIENTED_EDGE('',*,*,#564,.T.);
#694 = ORIENTED_EDGE('',*,*,#539,.F.);
#695 = ORIENTED_EDGE('',*,*,#506,.F.);
#696 = ORIENTED_EDGE('',*,*,#489,.T.);
#697 = ORIENTED_EDGE('',*,*,#459,.F.);
#698 = PLANE('',#699);
#699 = AXIS2_PLACEMENT_3D('',#700,#701,#702);
#700 = CARTESIAN_POINT('',(0.5,-0.4,0.));
#701 = DIRECTION('',(1.,0.,0.));
#702 = DIRECTION('',(0.,0.,1.));
#703 = ADVANCED_FACE('',(#704),#729,.F.);
#704 = FACE_BOUND('',#705,.F.);
#705 = EDGE_LOOP('',(#706,#716,#722,#723));
#706 = ORIENTED_EDGE('',*,*,#707,.F.);
#707 = EDGE_CURVE('',#708,#710,#712,.T.);
#708 = VERTEX_POINT('',#709);
#709 = CARTESIAN_POINT('',(0.8,-0.4,3.E-02));
#710 = VERTEX_POINT('',#711);
#711 = CARTESIAN_POINT('',(0.8,-0.4,0.77));
#712 = LINE('',#713,#714);
#713 = CARTESIAN_POINT('',(0.8,-0.4,0.));
#714 = VECTOR('',#715,1.);
#715 = DIRECTION('',(0.,0.,1.));
#716 = ORIENTED_EDGE('',*,*,#717,.F.);
#717 = EDGE_CURVE('',#622,#708,#718,.T.);
#718 = LINE('',#719,#720);
#719 = CARTESIAN_POINT('',(0.5,-0.4,3.E-02));
#720 = VECTOR('',#721,1.);
#721 = DIRECTION('',(1.,0.,0.));
#722 = ORIENTED_EDGE('',*,*,#621,.T.);
#723 = ORIENTED_EDGE('',*,*,#724,.T.);
#724 = EDGE_CURVE('',#624,#710,#725,.T.);
#725 = LINE('',#726,#727);
#726 = CARTESIAN_POINT('',(0.5,-0.4,0.77));
#727 = VECTOR('',#728,1.);
#728 = DIRECTION('',(1.,0.,0.));
#729 = PLANE('',#730);
#730 = AXIS2_PLACEMENT_3D('',#731,#732,#733);
#731 = CARTESIAN_POINT('',(0.5,-0.4,0.));
#732 = DIRECTION('',(0.,1.,0.));
#733 = DIRECTION('',(0.,-0.,1.));
#734 = ADVANCED_FACE('',(#735),#754,.T.);
#735 = FACE_BOUND('',#736,.T.);
#736 = EDGE_LOOP('',(#737,#738,#746,#753));
#737 = ORIENTED_EDGE('',*,*,#631,.T.);
#738 = ORIENTED_EDGE('',*,*,#739,.T.);
#739 = EDGE_CURVE('',#632,#740,#742,.T.);
#740 = VERTEX_POINT('',#741);
#741 = CARTESIAN_POINT('',(0.8,-0.37,0.));
#742 = LINE('',#743,#744);
#743 = CARTESIAN_POINT('',(0.5,-0.37,0.));
#744 = VECTOR('',#745,1.);
#745 = DIRECTION('',(1.,0.,0.));
#746 = ORIENTED_EDGE('',*,*,#747,.F.);
#747 = EDGE_CURVE('',#708,#740,#748,.T.);
#748 = CIRCLE('',#749,3.E-02);
#749 = AXIS2_PLACEMENT_3D('',#750,#751,#752);
#750 = CARTESIAN_POINT('',(0.8,-0.37,3.E-02));
#751 = DIRECTION('',(1.,0.,-0.));
#752 = DIRECTION('',(0.,0.,1.));
#753 = ORIENTED_EDGE('',*,*,#717,.F.);
#754 = CYLINDRICAL_SURFACE('',#755,3.E-02);
#755 = AXIS2_PLACEMENT_3D('',#756,#757,#758);
#756 = CARTESIAN_POINT('',(0.5,-0.37,3.E-02));
#757 = DIRECTION('',(1.,0.,0.));
#758 = DIRECTION('',(0.,-1.,0.));
#759 = ADVANCED_FACE('',(#760),#779,.T.);
#760 = FACE_BOUND('',#761,.T.);
#761 = EDGE_LOOP('',(#762,#763,#772,#778));
#762 = ORIENTED_EDGE('',*,*,#724,.T.);
#763 = ORIENTED_EDGE('',*,*,#764,.T.);
#764 = EDGE_CURVE('',#710,#765,#767,.T.);
#765 = VERTEX_POINT('',#766);
#766 = CARTESIAN_POINT('',(0.8,-0.37,0.8));
#767 = CIRCLE('',#768,3.E-02);
#768 = AXIS2_PLACEMENT_3D('',#769,#770,#771);
#769 = CARTESIAN_POINT('',(0.8,-0.37,0.77));
#770 = DIRECTION('',(-1.,0.,0.));
#771 = DIRECTION('',(0.,0.,1.));
#772 = ORIENTED_EDGE('',*,*,#773,.F.);
#773 = EDGE_CURVE('',#675,#765,#774,.T.);
#774 = LINE('',#775,#776);
#775 = CARTESIAN_POINT('',(0.5,-0.37,0.8));
#776 = VECTOR('',#777,1.);
#777 = DIRECTION('',(1.,0.,0.));
#778 = ORIENTED_EDGE('',*,*,#682,.F.);
#779 = CYLINDRICAL_SURFACE('',#780,3.E-02);
#780 = AXIS2_PLACEMENT_3D('',#781,#782,#783);
#781 = CARTESIAN_POINT('',(0.5,-0.37,0.77));
#782 = DIRECTION('',(1.,0.,0.));
#783 = DIRECTION('',(0.,-1.,0.));
#784 = ADVANCED_FACE('',(#785),#803,.F.);
#785 = FACE_BOUND('',#786,.F.);
#786 = EDGE_LOOP('',(#787,#788,#789,#797));
#787 = ORIENTED_EDGE('',*,*,#640,.F.);
#788 = ORIENTED_EDGE('',*,*,#739,.T.);
#789 = ORIENTED_EDGE('',*,*,#790,.T.);
#790 = EDGE_CURVE('',#740,#791,#793,.T.);
#791 = VERTEX_POINT('',#792);
#792 = CARTESIAN_POINT('',(0.8,0.37,0.));
#793 = LINE('',#794,#795);
#794 = CARTESIAN_POINT('',(0.8,-0.4,0.));
#795 = VECTOR('',#796,1.);
#796 = DIRECTION('',(0.,1.,0.));
#797 = ORIENTED_EDGE('',*,*,#798,.F.);
#798 = EDGE_CURVE('',#641,#791,#799,.T.);
#799 = LINE('',#800,#801);
#800 = CARTESIAN_POINT('',(0.5,0.37,0.));
#801 = VECTOR('',#802,1.);
#802 = DIRECTION('',(1.,0.,0.));
#803 = PLANE('',#804);
#804 = AXIS2_PLACEMENT_3D('',#805,#806,#807);
#805 = CARTESIAN_POINT('',(0.5,-0.4,0.));
#806 = DIRECTION('',(0.,0.,1.));
#807 = DIRECTION('',(1.,0.,-0.));
#808 = ADVANCED_FACE('',(#809),#827,.T.);
#809 = FACE_BOUND('',#810,.T.);
#810 = EDGE_LOOP('',(#811,#812,#813,#821));
#811 = ORIENTED_EDGE('',*,*,#674,.F.);
#812 = ORIENTED_EDGE('',*,*,#773,.T.);
#813 = ORIENTED_EDGE('',*,*,#814,.T.);
#814 = EDGE_CURVE('',#765,#815,#817,.T.);
#815 = VERTEX_POINT('',#816);
#816 = CARTESIAN_POINT('',(0.8,0.37,0.8));
#817 = LINE('',#818,#819);
#818 = CARTESIAN_POINT('',(0.8,-0.4,0.8));
#819 = VECTOR('',#820,1.);
#820 = DIRECTION('',(0.,1.,0.));
#821 = ORIENTED_EDGE('',*,*,#822,.F.);
#822 = EDGE_CURVE('',#666,#815,#823,.T.);
#823 = LINE('',#824,#825);
#824 = CARTESIAN_POINT('',(0.5,0.37,0.8));
#825 = VECTOR('',#826,1.);
#826 = DIRECTION('',(1.,0.,0.));
#827 = PLANE('',#828);
#828 = AXIS2_PLACEMENT_3D('',#829,#830,#831);
#829 = CARTESIAN_POINT('',(0.5,-0.4,0.8));
#830 = DIRECTION('',(0.,0.,1.));
#831 = DIRECTION('',(1.,0.,-0.));
#832 = ADVANCED_FACE('',(#833),#852,.T.);
#833 = FACE_BOUND('',#834,.T.);
#834 = EDGE_LOOP('',(#835,#843,#850,#851));
#835 = ORIENTED_EDGE('',*,*,#836,.T.);
#836 = EDGE_CURVE('',#649,#837,#839,.T.);
#837 = VERTEX_POINT('',#838);
#838 = CARTESIAN_POINT('',(0.8,0.4,3.E-02));
#839 = LINE('',#840,#841);
#840 = CARTESIAN_POINT('',(0.5,0.4,3.E-02));
#841 = VECTOR('',#842,1.);
#842 = DIRECTION('',(1.,0.,0.));
#843 = ORIENTED_EDGE('',*,*,#844,.T.);
#844 = EDGE_CURVE('',#837,#791,#845,.T.);
#845 = CIRCLE('',#846,3.E-02);
#846 = AXIS2_PLACEMENT_3D('',#847,#848,#849);
#847 = CARTESIAN_POINT('',(0.8,0.37,3.E-02));
#848 = DIRECTION('',(-1.,0.,0.));
#849 = DIRECTION('',(0.,0.,1.));
#850 = ORIENTED_EDGE('',*,*,#798,.F.);
#851 = ORIENTED_EDGE('',*,*,#648,.F.);
#852 = CYLINDRICAL_SURFACE('',#853,3.E-02);
#853 = AXIS2_PLACEMENT_3D('',#854,#855,#856);
#854 = CARTESIAN_POINT('',(0.5,0.37,3.E-02));
#855 = DIRECTION('',(1.,0.,0.));
#856 = DIRECTION('',(-0.,1.,0.));
#857 = ADVANCED_FACE('',(#858),#877,.T.);
#858 = FACE_BOUND('',#859,.T.);
#859 = EDGE_LOOP('',(#860,#861,#862,#871));
#860 = ORIENTED_EDGE('',*,*,#665,.T.);
#861 = ORIENTED_EDGE('',*,*,#822,.T.);
#862 = ORIENTED_EDGE('',*,*,#863,.F.);
#863 = EDGE_CURVE('',#864,#815,#866,.T.);
#864 = VERTEX_POINT('',#865);
#865 = CARTESIAN_POINT('',(0.8,0.4,0.77));
#866 = CIRCLE('',#867,3.E-02);
#867 = AXIS2_PLACEMENT_3D('',#868,#869,#870);
#868 = CARTESIAN_POINT('',(0.8,0.37,0.77));
#869 = DIRECTION('',(1.,0.,-0.));
#870 = DIRECTION('',(0.,0.,1.));
#871 = ORIENTED_EDGE('',*,*,#872,.F.);
#872 = EDGE_CURVE('',#658,#864,#873,.T.);
#873 = LINE('',#874,#875);
#874 = CARTESIAN_POINT('',(0.5,0.4,0.77));
#875 = VECTOR('',#876,1.);
#876 = DIRECTION('',(1.,0.,0.));
#877 = CYLINDRICAL_SURFACE('',#878,3.E-02);
#878 = AXIS2_PLACEMENT_3D('',#879,#880,#881);
#879 = CARTESIAN_POINT('',(0.5,0.37,0.77));
#880 = DIRECTION('',(1.,0.,0.));
#881 = DIRECTION('',(-0.,1.,0.));
#882 = ADVANCED_FACE('',(#883),#894,.T.);
#883 = FACE_BOUND('',#884,.T.);
#884 = EDGE_LOOP('',(#885,#891,#892,#893));
#885 = ORIENTED_EDGE('',*,*,#886,.F.);
#886 = EDGE_CURVE('',#837,#864,#887,.T.);
#887 = LINE('',#888,#889);
#888 = CARTESIAN_POINT('',(0.8,0.4,0.));
#889 = VECTOR('',#890,1.);
#890 = DIRECTION('',(0.,0.,1.));
#891 = ORIENTED_EDGE('',*,*,#836,.F.);
#892 = ORIENTED_EDGE('',*,*,#657,.T.);
#893 = ORIENTED_EDGE('',*,*,#872,.T.);
#894 = PLANE('',#895);
#895 = AXIS2_PLACEMENT_3D('',#896,#897,#898);
#896 = CARTESIAN_POINT('',(0.5,0.4,0.));
#897 = DIRECTION('',(0.,1.,0.));
#898 = DIRECTION('',(0.,-0.,1.));
#899 = ADVANCED_FACE('',(#900),#910,.T.);
#900 = FACE_BOUND('',#901,.T.);
#901 = EDGE_LOOP('',(#902,#903,#904,#905,#906,#907,#908,#909));
#902 = ORIENTED_EDGE('',*,*,#707,.F.);
#903 = ORIENTED_EDGE('',*,*,#747,.T.);
#904 = ORIENTED_EDGE('',*,*,#790,.T.);
#905 = ORIENTED_EDGE('',*,*,#844,.F.);
#906 = ORIENTED_EDGE('',*,*,#886,.T.);
#907 = ORIENTED_EDGE('',*,*,#863,.T.);
#908 = ORIENTED_EDGE('',*,*,#814,.F.);
#909 = ORIENTED_EDGE('',*,*,#764,.F.);
#910 = PLANE('',#911);
#911 = AXIS2_PLACEMENT_3D('',#912,#913,#914);
#912 = CARTESIAN_POINT('',(0.8,-0.4,0.));
#913 = DIRECTION('',(1.,0.,0.));
#914 = DIRECTION('',(0.,0.,1.));
#915 = ( GEOMETRIC_REPRESENTATION_CONTEXT(3) 
GLOBAL_UNCERTAINTY_ASSIGNED_CONTEXT((#919)) GLOBAL_UNIT_ASSIGNED_CONTEXT
((#916,#917,#918)) REPRESENTATION_CONTEXT('Context #1',
  '3D Context with UNIT and UNCERTAINTY') );
#916 = ( LENGTH_UNIT() NAMED_UNIT(*) SI_UNIT(.MILLI.,.METRE.) );
#917 = ( NAMED_UNIT(*) PLANE_ANGLE_UNIT() SI_UNIT($,.RADIAN.) );
#918 = ( NAMED_UNIT(*) SI_UNIT($,.STERADIAN.) SOLID_ANGLE_UNIT() );
#919 = UNCERTAINTY_MEASURE_WITH_UNIT(LENGTH_MEASURE(1.E-07),#916,
  'distance_accuracy_value','confusion accuracy');
#920 = CONTEXT_DEPENDENT_SHAPE_REPRESENTATION(#921,#923);
#921 = ( REPRESENTATION_RELATIONSHIP('','',#60,#10) 
REPRESENTATION_RELATIONSHIP_WITH_TRANSFORMATION(#922) 
SHAPE_REPRESENTATION_RELATIONSHIP() );
#922 = ITEM_DEFINED_TRANSFORMATION('','',#11,#15);
#923 = PRODUCT_DEFINITION_SHAPE('Placement','Placement of an item',#924
  );
#924 = NEXT_ASSEMBLY_USAGE_OCCURRENCE('1','C1','',#5,#55,$);
#925 = PRODUCT_RELATED_PRODUCT_CATEGORY('part',$,(#57));
#926 = SHAPE_DEFINITION_REPRESENTATION(#927,#933);
#927 = PRODUCT_DEFINITION_SHAPE('','',#928);
#928 = PRODUCT_DEFINITION('design','',#929,#932);
#929 = PRODUCT_DEFINITION_FORMATION('','',#930);
#930 = PRODUCT('R_0603_1608Metric','R_0603_1608Metric','',(#931));
#931 = PRODUCT_CONTEXT('',#2,'mechanical');
#932 = PRODUCT_DEFINITION_CONTEXT('part definition',#2,'design');
#933 = ADVANCED_BREP_SHAPE_REPRESENTATION('',(#11,#934),#1724);
#934 = MANIFOLD_SOLID_BREP('',#935);
#935 = CLOSED_SHELL('',(#936,#976,#1059,#1084,#1109,#1176,#1193,#1210,
    #1259,#1276,#1293,#1342,#1359,#1428,#1459,#1483,#1552,#1576,#1593,
    #1610,#1627,#1644,#1661,#1678,#1695,#1712));
#936 = ADVANCED_FACE('',(#937),#971,.F.);
#937 = FACE_BOUND('',#938,.F.);
#938 = EDGE_LOOP('',(#939,#949,#957,#965));
#939 = ORIENTED_EDGE('',*,*,#940,.F.);
#940 = EDGE_CURVE('',#941,#943,#945,.T.);
#941 = VERTEX_POINT('',#942);
#942 = CARTESIAN_POINT('',(-0.8,-0.4,4.5E-02));
#943 = VERTEX_POINT('',#944);
#944 = CARTESIAN_POINT('',(-0.8,-0.4,0.405));
#945 = LINE('',#946,#947);
#946 = CARTESIAN_POINT('',(-0.8,-0.4,0.));
#947 = VECTOR('',#948,1.);
#948 = DIRECTION('',(0.,0.,1.));
#949 = ORIENTED_EDGE('',*,*,#950,.T.);
#950 = EDGE_CURVE('',#941,#951,#953,.T.);
#951 = VERTEX_POINT('',#952);
#952 = CARTESIAN_POINT('',(-0.8,0.4,4.5E-02));
#953 = LINE('',#954,#955);
#954 = CARTESIAN_POINT('',(-0.8,-0.4,4.5E-02));
#955 = VECTOR('',#956,1.);
#956 = DIRECTION('',(0.,1.,0.));
#957 = ORIENTED_EDGE('',*,*,#958,.T.);
#958 = EDGE_CURVE('',#951,#959,#961,.T.);
#959 = VERTEX_POINT('',#960);
#960 = CARTESIAN_POINT('',(-0.8,0.4,0.405));
#961 = LINE('',#962,#963);
#962 = CARTESIAN_POINT('',(-0.8,0.4,0.));
#963 = VECTOR('',#964,1.);
#964 = DIRECTION('',(0.,0.,1.));
#965 = ORIENTED_EDGE('',*,*,#966,.F.);
#966 = EDGE_CURVE('',#943,#959,#967,.T.);
#967 = LINE('',#968,#969);
#968 = CARTESIAN_POINT('',(-0.8,-0.4,0.405));
#969 = VECTOR('',#970,1.);
#970 = DIRECTION('',(0.,1.,0.));
#971 = PLANE('',#972);
#972 = AXIS2_PLACEMENT_3D('',#973,#974,#975);
#973 = CARTESIAN_POINT('',(-0.8,-0.4,0.));
#974 = DIRECTION('',(1.,0.,0.));
#975 = DIRECTION('',(0.,0.,1.));
#976 = ADVANCED_FACE('',(#977),#1054,.F.);
#977 = FACE_BOUND('',#978,.F.);
#978 = EDGE_LOOP('',(#979,#989,#996,#997,#1006,#1014,#1023,#1031,#1039,
    #1047));
#979 = ORIENTED_EDGE('',*,*,#980,.F.);
#980 = EDGE_CURVE('',#981,#983,#985,.T.);
#981 = VERTEX_POINT('',#982);
#982 = CARTESIAN_POINT('',(-0.755,-0.4,-2.775557561563E-17));
#983 = VERTEX_POINT('',#984);
#984 = CARTESIAN_POINT('',(-0.545,-0.4,-2.775557561563E-17));
#985 = LINE('',#986,#987);
#986 = CARTESIAN_POINT('',(-0.8,-0.4,0.));
#987 = VECTOR('',#988,1.);
#988 = DIRECTION('',(1.,0.,0.));
#989 = ORIENTED_EDGE('',*,*,#990,.F.);
#990 = EDGE_CURVE('',#941,#981,#991,.T.);
#991 = CIRCLE('',#992,4.5E-02);
#992 = AXIS2_PLACEMENT_3D('',#993,#994,#995);
#993 = CARTESIAN_POINT('',(-0.755,-0.4,4.5E-02));
#994 = DIRECTION('',(0.,-1.,0.));
#995 = DIRECTION('',(0.,0.,1.));
#996 = ORIENTED_EDGE('',*,*,#940,.T.);
#997 = ORIENTED_EDGE('',*,*,#998,.T.);
#998 = EDGE_CURVE('',#943,#999,#1001,.T.);
#999 = VERTEX_POINT('',#1000);
#1000 = CARTESIAN_POINT('',(-0.755,-0.4,0.45));
#1001 = CIRCLE('',#1002,4.5E-02);
#1002 = AXIS2_PLACEMENT_3D('',#1003,#1004,#1005);
#1003 = CARTESIAN_POINT('',(-0.755,-0.4,0.405));
#1004 = DIRECTION('',(0.,1.,0.));
#1005 = DIRECTION('',(0.,-0.,1.));
#1006 = ORIENTED_EDGE('',*,*,#1007,.T.);
#1007 = EDGE_CURVE('',#999,#1008,#1010,.T.);
#1008 = VERTEX_POINT('',#1009);
#1009 = CARTESIAN_POINT('',(-0.545,-0.4,0.45));
#1010 = LINE('',#1011,#1012);
#1011 = CARTESIAN_POINT('',(-0.8,-0.4,0.45));
#1012 = VECTOR('',#1013,1.);
#1013 = DIRECTION('',(1.,0.,0.));
#1014 = ORIENTED_EDGE('',*,*,#1015,.F.);
#1015 = EDGE_CURVE('',#1016,#1008,#1018,.T.);
#1016 = VERTEX_POINT('',#1017);
#1017 = CARTESIAN_POINT('',(-0.5,-0.4,0.405));
#1018 = CIRCLE('',#1019,4.5E-02);
#1019 = AXIS2_PLACEMENT_3D('',#1020,#1021,#1022);
#1020 = CARTESIAN_POINT('',(-0.545,-0.4,0.405));
#1021 = DIRECTION('',(0.,-1.,0.));
#1022 = DIRECTION('',(0.,0.,1.));
#1023 = ORIENTED_EDGE('',*,*,#1024,.F.);
#1024 = EDGE_CURVE('',#1025,#1016,#1027,.T.);
#1025 = VERTEX_POINT('',#1026);
#1026 = CARTESIAN_POINT('',(-0.755,-0.4,0.405));
#1027 = LINE('',#1028,#1029);
#1028 = CARTESIAN_POINT('',(-0.755,-0.4,0.405));
#1029 = VECTOR('',#1030,1.);
#1030 = DIRECTION('',(1.,0.,0.));
#1031 = ORIENTED_EDGE('',*,*,#1032,.F.);
#1032 = EDGE_CURVE('',#1033,#1025,#1035,.T.);
#1033 = VERTEX_POINT('',#1034);
#1034 = CARTESIAN_POINT('',(-0.755,-0.4,4.5E-02));
#1035 = LINE('',#1036,#1037);
#1036 = CARTESIAN_POINT('',(-0.755,-0.4,4.5E-02));
#1037 = VECTOR('',#1038,1.);
#1038 = DIRECTION('',(0.,0.,1.));
#1039 = ORIENTED_EDGE('',*,*,#1040,.T.);
#1040 = EDGE_CURVE('',#1033,#1041,#1043,.T.);
#1041 = VERTEX_POINT('',#1042);
#1042 = CARTESIAN_POINT('',(-0.5,-0.4,4.5E-02));
#1043 = LINE('',#1044,#1045);
#1044 = CARTESIAN_POINT('',(-0.755,-0.4,4.5E-02));
#1045 = VECTOR('',#1046,1.);
#1046 = DIRECTION('',(1.,0.,0.));
#1047 = ORIENTED_EDGE('',*,*,#1048,.T.);
#1048 = EDGE_CURVE('',#1041,#983,#1049,.T.);
#1049 = CIRCLE('',#1050,4.5E-02);
#1050 = AXIS2_PLACEMENT_3D('',#1051,#1052,#1053);
#1051 = CARTESIAN_POINT('',(-0.545,-0.4,4.5E-02));
#1052 = DIRECTION('',(0.,1.,0.));
#1053 = DIRECTION('',(0.,-0.,1.));
#1054 = PLANE('',#1055);
#1055 = AXIS2_PLACEMENT_3D('',#1056,#1057,#1058);
#1056 = CARTESIAN_POINT('',(-0.8,-0.4,0.));
#1057 = DIRECTION('',(0.,1.,0.));
#1058 = DIRECTION('',(0.,-0.,1.));
#1059 = ADVANCED_FACE('',(#1060),#1079,.T.);
#1060 = FACE_BOUND('',#1061,.T.);
#1061 = EDGE_LOOP('',(#1062,#1063,#1072,#1078));
#1062 = ORIENTED_EDGE('',*,*,#950,.T.);
#1063 = ORIENTED_EDGE('',*,*,#1064,.T.);
#1064 = EDGE_CURVE('',#951,#1065,#1067,.T.);
#1065 = VERTEX_POINT('',#1066);
#1066 = CARTESIAN_POINT('',(-0.755,0.4,-2.775557561563E-17));
#1067 = CIRCLE('',#1068,4.5E-02);
#1068 = AXIS2_PLACEMENT_3D('',#1069,#1070,#1071);
#1069 = CARTESIAN_POINT('',(-0.755,0.4,4.5E-02));
#1070 = DIRECTION('',(0.,-1.,0.));
#1071 = DIRECTION('',(0.,0.,1.));
#1072 = ORIENTED_EDGE('',*,*,#1073,.F.);
#1073 = EDGE_CURVE('',#981,#1065,#1074,.T.);
#1074 = LINE('',#1075,#1076);
#1075 = CARTESIAN_POINT('',(-0.755,-0.4,-2.775557561563E-17));
#1076 = VECTOR('',#1077,1.);
#1077 = DIRECTION('',(0.,1.,0.));
#1078 = ORIENTED_EDGE('',*,*,#990,.F.);
#1079 = CYLINDRICAL_SURFACE('',#1080,4.5E-02);
#1080 = AXIS2_PLACEMENT_3D('',#1081,#1082,#1083);
#1081 = CARTESIAN_POINT('',(-0.755,-0.4,4.5E-02));
#1082 = DIRECTION('',(0.,1.,0.));
#1083 = DIRECTION('',(-1.,0.,0.));
#1084 = ADVANCED_FACE('',(#1085),#1104,.T.);
#1085 = FACE_BOUND('',#1086,.T.);
#1086 = EDGE_LOOP('',(#1087,#1088,#1096,#1103));
#1087 = ORIENTED_EDGE('',*,*,#998,.T.);
#1088 = ORIENTED_EDGE('',*,*,#1089,.T.);
#1089 = EDGE_CURVE('',#999,#1090,#1092,.T.);
#1090 = VERTEX_POINT('',#1091);
#1091 = CARTESIAN_POINT('',(-0.755,0.4,0.45));
#1092 = LINE('',#1093,#1094);
#1093 = CARTESIAN_POINT('',(-0.755,-0.4,0.45));
#1094 = VECTOR('',#1095,1.);
#1095 = DIRECTION('',(0.,1.,0.));
#1096 = ORIENTED_EDGE('',*,*,#1097,.F.);
#1097 = EDGE_CURVE('',#959,#1090,#1098,.T.);
#1098 = CIRCLE('',#1099,4.5E-02);
#1099 = AXIS2_PLACEMENT_3D('',#1100,#1101,#1102);
#1100 = CARTESIAN_POINT('',(-0.755,0.4,0.405));
#1101 = DIRECTION('',(0.,1.,0.));
#1102 = DIRECTION('',(0.,-0.,1.));
#1103 = ORIENTED_EDGE('',*,*,#966,.F.);
#1104 = CYLINDRICAL_SURFACE('',#1105,4.5E-02);
#1105 = AXIS2_PLACEMENT_3D('',#1106,#1107,#1108);
#1106 = CARTESIAN_POINT('',(-0.755,-0.4,0.405));
#1107 = DIRECTION('',(0.,1.,0.));
#1108 = DIRECTION('',(-1.,0.,0.));
#1109 = ADVANCED_FACE('',(#1110),#1171,.T.);
#1110 = FACE_BOUND('',#1111,.T.);
#1111 = EDGE_LOOP('',(#1112,#1120,#1121,#1122,#1123,#1131,#1140,#1148,
    #1156,#1164));
#1112 = ORIENTED_EDGE('',*,*,#1113,.F.);
#1113 = EDGE_CURVE('',#1065,#1114,#1116,.T.);
#1114 = VERTEX_POINT('',#1115);
#1115 = CARTESIAN_POINT('',(-0.545,0.4,-2.775557561563E-17));
#1116 = LINE('',#1117,#1118);
#1117 = CARTESIAN_POINT('',(-0.8,0.4,0.));
#1118 = VECTOR('',#1119,1.);
#1119 = DIRECTION('',(1.,0.,0.));
#1120 = ORIENTED_EDGE('',*,*,#1064,.F.);
#1121 = ORIENTED_EDGE('',*,*,#958,.T.);
#1122 = ORIENTED_EDGE('',*,*,#1097,.T.);
#1123 = ORIENTED_EDGE('',*,*,#1124,.T.);
#1124 = EDGE_CURVE('',#1090,#1125,#1127,.T.);
#1125 = VERTEX_POINT('',#1126);
#1126 = CARTESIAN_POINT('',(-0.545,0.4,0.45));
#1127 = LINE('',#1128,#1129);
#1128 = CARTESIAN_POINT('',(-0.8,0.4,0.45));
#1129 = VECTOR('',#1130,1.);
#1130 = DIRECTION('',(1.,0.,0.));
#1131 = ORIENTED_EDGE('',*,*,#1132,.F.);
#1132 = EDGE_CURVE('',#1133,#1125,#1135,.T.);
#1133 = VERTEX_POINT('',#1134);
#1134 = CARTESIAN_POINT('',(-0.5,0.4,0.405));
#1135 = CIRCLE('',#1136,4.5E-02);
#1136 = AXIS2_PLACEMENT_3D('',#1137,#1138,#1139);
#1137 = CARTESIAN_POINT('',(-0.545,0.4,0.405));
#1138 = DIRECTION('',(0.,-1.,0.));
#1139 = DIRECTION('',(0.,0.,1.));
#1140 = ORIENTED_EDGE('',*,*,#1141,.F.);
#1141 = EDGE_CURVE('',#1142,#1133,#1144,.T.);
#1142 = VERTEX_POINT('',#1143);
#1143 = CARTESIAN_POINT('',(-0.755,0.4,0.405));
#1144 = LINE('',#1145,#1146);
#1145 = CARTESIAN_POINT('',(-0.755,0.4,0.405));
#1146 = VECTOR('',#1147,1.);
#1147 = DIRECTION('',(1.,0.,0.));
#1148 = ORIENTED_EDGE('',*,*,#1149,.F.);
#1149 = EDGE_CURVE('',#1150,#1142,#1152,.T.);
#1150 = VERTEX_POINT('',#1151);
#1151 = CARTESIAN_POINT('',(-0.755,0.4,4.5E-02));
#1152 = LINE('',#1153,#1154);
#1153 = CARTESIAN_POINT('',(-0.755,0.4,4.5E-02));
#1154 = VECTOR('',#1155,1.);
#1155 = DIRECTION('',(0.,0.,1.));
#1156 = ORIENTED_EDGE('',*,*,#1157,.T.);
#1157 = EDGE_CURVE('',#1150,#1158,#1160,.T.);
#1158 = VERTEX_POINT('',#1159);
#1159 = CARTESIAN_POINT('',(-0.5,0.4,4.5E-02));
#1160 = LINE('',#1161,#1162);
#1161 = CARTESIAN_POINT('',(-0.755,0.4,4.5E-02));
#1162 = VECTOR('',#1163,1.);
#1163 = DIRECTION('',(1.,0.,0.));
#1164 = ORIENTED_EDGE('',*,*,#1165,.T.);
#1165 = EDGE_CURVE('',#1158,#1114,#1166,.T.);
#1166 = CIRCLE('',#1167,4.5E-02);
#1167 = AXIS2_PLACEMENT_3D('',#1168,#1169,#1170);
#1168 = CARTESIAN_POINT('',(-0.545,0.4,4.5E-02));
#1169 = DIRECTION('',(0.,1.,0.));
#1170 = DIRECTION('',(0.,-0.,1.));
#1171 = PLANE('',#1172);
#1172 = AXIS2_PLACEMENT_3D('',#1173,#1174,#1175);
#1173 = CARTESIAN_POINT('',(-0.8,0.4,0.));
#1174 = DIRECTION('',(0.,1.,0.));
#1175 = DIRECTION('',(0.,-0.,1.));
#1176 = ADVANCED_FACE('',(#1177),#1188,.F.);
#1177 = FACE_BOUND('',#1178,.F.);
#1178 = EDGE_LOOP('',(#1179,#1180,#1181,#1182));
#1179 = ORIENTED_EDGE('',*,*,#1113,.F.);
#1180 = ORIENTED_EDGE('',*,*,#1073,.F.);
#1181 = ORIENTED_EDGE('',*,*,#980,.T.);
#1182 = ORIENTED_EDGE('',*,*,#1183,.T.);
#1183 = EDGE_CURVE('',#983,#1114,#1184,.T.);
#1184 = LINE('',#1185,#1186);
#1185 = CARTESIAN_POINT('',(-0.545,-0.4,-2.775557561563E-17));
#1186 = VECTOR('',#1187,1.);
#1187 = DIRECTION('',(0.,1.,0.));
#1188 = PLANE('',#1189);
#1189 = AXIS2_PLACEMENT_3D('',#1190,#1191,#1192);
#1190 = CARTESIAN_POINT('',(-0.8,-0.4,0.));
#1191 = DIRECTION('',(0.,0.,1.));
#1192 = DIRECTION('',(1.,0.,-0.));
#1193 = ADVANCED_FACE('',(#1194),#1205,.T.);
#1194 = FACE_BOUND('',#1195,.T.);
#1195 = EDGE_LOOP('',(#1196,#1197,#1198,#1199));
#1196 = ORIENTED_EDGE('',*,*,#1048,.T.);
#1197 = ORIENTED_EDGE('',*,*,#1183,.T.);
#1198 = ORIENTED_EDGE('',*,*,#1165,.F.);
#1199 = ORIENTED_EDGE('',*,*,#1200,.F.);
#1200 = EDGE_CURVE('',#1041,#1158,#1201,.T.);
#1201 = LINE('',#1202,#1203);
#1202 = CARTESIAN_POINT('',(-0.5,-0.4,4.5E-02));
#1203 = VECTOR('',#1204,1.);
#1204 = DIRECTION('',(0.,1.,0.));
#1205 = CYLINDRICAL_SURFACE('',#1206,4.5E-02);
#1206 = AXIS2_PLACEMENT_3D('',#1207,#1208,#1209);
#1207 = CARTESIAN_POINT('',(-0.545,-0.4,4.5E-02));
#1208 = DIRECTION('',(0.,1.,0.));
#1209 = DIRECTION('',(1.,0.,0.));
#1210 = ADVANCED_FACE('',(#1211),#1254,.F.);
#1211 = FACE_BOUND('',#1212,.F.);
#1212 = EDGE_LOOP('',(#1213,#1214,#1215,#1216,#1224,#1232,#1240,#1248));
#1213 = ORIENTED_EDGE('',*,*,#1040,.F.);
#1214 = ORIENTED_EDGE('',*,*,#1032,.T.);
#1215 = ORIENTED_EDGE('',*,*,#1024,.T.);
#1216 = ORIENTED_EDGE('',*,*,#1217,.T.);
#1217 = EDGE_CURVE('',#1016,#1218,#1220,.T.);
#1218 = VERTEX_POINT('',#1219);
#1219 = CARTESIAN_POINT('',(0.5,-0.4,0.405));
#1220 = LINE('',#1221,#1222);
#1221 = CARTESIAN_POINT('',(-0.5,-0.4,0.405));
#1222 = VECTOR('',#1223,1.);
#1223 = DIRECTION('',(1.,0.,0.));
#1224 = ORIENTED_EDGE('',*,*,#1225,.T.);
#1225 = EDGE_CURVE('',#1218,#1226,#1228,.T.);
#1226 = VERTEX_POINT('',#1227);
#1227 = CARTESIAN_POINT('',(0.755,-0.4,0.405));
#1228 = LINE('',#1229,#1230);
#1229 = CARTESIAN_POINT('',(-0.755,-0.4,0.405));
#1230 = VECTOR('',#1231,1.);
#1231 = DIRECTION('',(1.,0.,0.));
#1232 = ORIENTED_EDGE('',*,*,#1233,.F.);
#1233 = EDGE_CURVE('',#1234,#1226,#1236,.T.);
#1234 = VERTEX_POINT('',#1235);
#1235 = CARTESIAN_POINT('',(0.755,-0.4,4.5E-02));
#1236 = LINE('',#1237,#1238);
#1237 = CARTESIAN_POINT('',(0.755,-0.4,4.5E-02));
#1238 = VECTOR('',#1239,1.);
#1239 = DIRECTION('',(0.,0.,1.));
#1240 = ORIENTED_EDGE('',*,*,#1241,.F.);
#1241 = EDGE_CURVE('',#1242,#1234,#1244,.T.);
#1242 = VERTEX_POINT('',#1243);
#1243 = CARTESIAN_POINT('',(0.5,-0.4,4.5E-02));
#1244 = LINE('',#1245,#1246);
#1245 = CARTESIAN_POINT('',(-0.755,-0.4,4.5E-02));
#1246 = VECTOR('',#1247,1.);
#1247 = DIRECTION('',(1.,0.,0.));
#1248 = ORIENTED_EDGE('',*,*,#1249,.F.);
#1249 = EDGE_CURVE('',#1041,#1242,#1250,.T.);
#1250 = LINE('',#1251,#1252);
#1251 = CARTESIAN_POINT('',(-0.755,-0.4,4.5E-02));
#1252 = VECTOR('',#1253,1.);
#1253 = DIRECTION('',(1.,0.,0.));
#1254 = PLANE('',#1255);
#1255 = AXIS2_PLACEMENT_3D('',#1256,#1257,#1258);
#1256 = CARTESIAN_POINT('',(-0.755,-0.4,4.5E-02));
#1257 = DIRECTION('',(0.,1.,0.));
#1258 = DIRECTION('',(0.,-0.,1.));
#1259 = ADVANCED_FACE('',(#1260),#1271,.T.);
#1260 = FACE_BOUND('',#1261,.T.);
#1261 = EDGE_LOOP('',(#1262,#1263,#1264,#1265));
#1262 = ORIENTED_EDGE('',*,*,#1124,.F.);
#1263 = ORIENTED_EDGE('',*,*,#1089,.F.);
#1264 = ORIENTED_EDGE('',*,*,#1007,.T.);
#1265 = ORIENTED_EDGE('',*,*,#1266,.T.);
#1266 = EDGE_CURVE('',#1008,#1125,#1267,.T.);
#1267 = LINE('',#1268,#1269);
#1268 = CARTESIAN_POINT('',(-0.545,-0.4,0.45));
#1269 = VECTOR('',#1270,1.);
#1270 = DIRECTION('',(0.,1.,0.));
#1271 = PLANE('',#1272);
#1272 = AXIS2_PLACEMENT_3D('',#1273,#1274,#1275);
#1273 = CARTESIAN_POINT('',(-0.8,-0.4,0.45));
#1274 = DIRECTION('',(0.,0.,1.));
#1275 = DIRECTION('',(1.,0.,-0.));
#1276 = ADVANCED_FACE('',(#1277),#1288,.T.);
#1277 = FACE_BOUND('',#1278,.T.);
#1278 = EDGE_LOOP('',(#1279,#1285,#1286,#1287));
#1279 = ORIENTED_EDGE('',*,*,#1280,.T.);
#1280 = EDGE_CURVE('',#1016,#1133,#1281,.T.);
#1281 = LINE('',#1282,#1283);
#1282 = CARTESIAN_POINT('',(-0.5,-0.4,0.405));
#1283 = VECTOR('',#1284,1.);
#1284 = DIRECTION('',(0.,1.,0.));
#1285 = ORIENTED_EDGE('',*,*,#1132,.T.);
#1286 = ORIENTED_EDGE('',*,*,#1266,.F.);
#1287 = ORIENTED_EDGE('',*,*,#1015,.F.);
#1288 = CYLINDRICAL_SURFACE('',#1289,4.5E-02);
#1289 = AXIS2_PLACEMENT_3D('',#1290,#1291,#1292);
#1290 = CARTESIAN_POINT('',(-0.545,-0.4,0.405));
#1291 = DIRECTION('',(0.,1.,0.));
#1292 = DIRECTION('',(1.,0.,0.));
#1293 = ADVANCED_FACE('',(#1294),#1337,.T.);
#1294 = FACE_BOUND('',#1295,.T.);
#1295 = EDGE_LOOP('',(#1296,#1297,#1298,#1299,#1307,#1315,#1323,#1331));
#1296 = ORIENTED_EDGE('',*,*,#1157,.F.);
#1297 = ORIENTED_EDGE('',*,*,#1149,.T.);
#1298 = ORIENTED_EDGE('',*,*,#1141,.T.);
#1299 = ORIENTED_EDGE('',*,*,#1300,.T.);
#1300 = EDGE_CURVE('',#1133,#1301,#1303,.T.);
#1301 = VERTEX_POINT('',#1302);
#1302 = CARTESIAN_POINT('',(0.5,0.4,0.405));
#1303 = LINE('',#1304,#1305);
#1304 = CARTESIAN_POINT('',(-0.5,0.4,0.405));
#1305 = VECTOR('',#1306,1.);
#1306 = DIRECTION('',(1.,0.,0.));
#1307 = ORIENTED_EDGE('',*,*,#1308,.T.);
#1308 = EDGE_CURVE('',#1301,#1309,#1311,.T.);
#1309 = VERTEX_POINT('',#1310);
#1310 = CARTESIAN_POINT('',(0.755,0.4,0.405));
#1311 = LINE('',#1312,#1313);
#1312 = CARTESIAN_POINT('',(-0.755,0.4,0.405));
#1313 = VECTOR('',#1314,1.);
#1314 = DIRECTION('',(1.,0.,0.));
#1315 = ORIENTED_EDGE('',*,*,#1316,.F.);
#1316 = EDGE_CURVE('',#1317,#1309,#1319,.T.);
#1317 = VERTEX_POINT('',#1318);
#1318 = CARTESIAN_POINT('',(0.755,0.4,4.5E-02));
#1319 = LINE('',#1320,#1321);
#1320 = CARTESIAN_POINT('',(0.755,0.4,4.5E-02));
#1321 = VECTOR('',#1322,1.);
#1322 = DIRECTION('',(0.,0.,1.));
#1323 = ORIENTED_EDGE('',*,*,#1324,.F.);
#1324 = EDGE_CURVE('',#1325,#1317,#1327,.T.);
#1325 = VERTEX_POINT('',#1326);
#1326 = CARTESIAN_POINT('',(0.5,0.4,4.5E-02));
#1327 = LINE('',#1328,#1329);
#1328 = CARTESIAN_POINT('',(-0.755,0.4,4.5E-02));
#1329 = VECTOR('',#1330,1.);
#1330 = DIRECTION('',(1.,0.,0.));
#1331 = ORIENTED_EDGE('',*,*,#1332,.F.);
#1332 = EDGE_CURVE('',#1158,#1325,#1333,.T.);
#1333 = LINE('',#1334,#1335);
#1334 = CARTESIAN_POINT('',(-0.755,0.4,4.5E-02));
#1335 = VECTOR('',#1336,1.);
#1336 = DIRECTION('',(1.,0.,0.));
#1337 = PLANE('',#1338);
#1338 = AXIS2_PLACEMENT_3D('',#1339,#1340,#1341);
#1339 = CARTESIAN_POINT('',(-0.755,0.4,4.5E-02));
#1340 = DIRECTION('',(0.,1.,0.));
#1341 = DIRECTION('',(0.,-0.,1.));
#1342 = ADVANCED_FACE('',(#1343),#1354,.F.);
#1343 = FACE_BOUND('',#1344,.F.);
#1344 = EDGE_LOOP('',(#1345,#1346,#1347,#1353));
#1345 = ORIENTED_EDGE('',*,*,#1200,.F.);
#1346 = ORIENTED_EDGE('',*,*,#1249,.T.);
#1347 = ORIENTED_EDGE('',*,*,#1348,.T.);
#1348 = EDGE_CURVE('',#1242,#1325,#1349,.T.);
#1349 = LINE('',#1350,#1351);
#1350 = CARTESIAN_POINT('',(0.5,-0.4,4.5E-02));
#1351 = VECTOR('',#1352,1.);
#1352 = DIRECTION('',(0.,1.,0.));
#1353 = ORIENTED_EDGE('',*,*,#1332,.F.);
#1354 = PLANE('',#1355);
#1355 = AXIS2_PLACEMENT_3D('',#1356,#1357,#1358);
#1356 = CARTESIAN_POINT('',(-0.755,-0.4,4.5E-02));
#1357 = DIRECTION('',(0.,0.,1.));
#1358 = DIRECTION('',(1.,0.,-0.));
#1359 = ADVANCED_FACE('',(#1360),#1423,.F.);
#1360 = FACE_BOUND('',#1361,.F.);
#1361 = EDGE_LOOP('',(#1362,#1372,#1379,#1380,#1381,#1382,#1391,#1399,
    #1408,#1416));
#1362 = ORIENTED_EDGE('',*,*,#1363,.F.);
#1363 = EDGE_CURVE('',#1364,#1366,#1368,.T.);
#1364 = VERTEX_POINT('',#1365);
#1365 = CARTESIAN_POINT('',(0.545,-0.4,-2.775557561563E-17));
#1366 = VERTEX_POINT('',#1367);
#1367 = CARTESIAN_POINT('',(0.755,-0.4,-2.775557561563E-17));
#1368 = LINE('',#1369,#1370);
#1369 = CARTESIAN_POINT('',(0.5,-0.4,0.));
#1370 = VECTOR('',#1371,1.);
#1371 = DIRECTION('',(1.,0.,0.));
#1372 = ORIENTED_EDGE('',*,*,#1373,.F.);
#1373 = EDGE_CURVE('',#1242,#1364,#1374,.T.);
#1374 = CIRCLE('',#1375,4.5E-02);
#1375 = AXIS2_PLACEMENT_3D('',#1376,#1377,#1378);
#1376 = CARTESIAN_POINT('',(0.545,-0.4,4.5E-02));
#1377 = DIRECTION('',(0.,-1.,0.));
#1378 = DIRECTION('',(0.,0.,1.));
#1379 = ORIENTED_EDGE('',*,*,#1241,.T.);
#1380 = ORIENTED_EDGE('',*,*,#1233,.T.);
#1381 = ORIENTED_EDGE('',*,*,#1225,.F.);
#1382 = ORIENTED_EDGE('',*,*,#1383,.T.);
#1383 = EDGE_CURVE('',#1218,#1384,#1386,.T.);
#1384 = VERTEX_POINT('',#1385);
#1385 = CARTESIAN_POINT('',(0.545,-0.4,0.45));
#1386 = CIRCLE('',#1387,4.5E-02);
#1387 = AXIS2_PLACEMENT_3D('',#1388,#1389,#1390);
#1388 = CARTESIAN_POINT('',(0.545,-0.4,0.405));
#1389 = DIRECTION('',(0.,1.,0.));
#1390 = DIRECTION('',(0.,-0.,1.));
#1391 = ORIENTED_EDGE('',*,*,#1392,.T.);
#1392 = EDGE_CURVE('',#1384,#1393,#1395,.T.);
#1393 = VERTEX_POINT('',#1394);
#1394 = CARTESIAN_POINT('',(0.755,-0.4,0.45));
#1395 = LINE('',#1396,#1397);
#1396 = CARTESIAN_POINT('',(0.5,-0.4,0.45));
#1397 = VECTOR('',#1398,1.);
#1398 = DIRECTION('',(1.,0.,0.));
#1399 = ORIENTED_EDGE('',*,*,#1400,.F.);
#1400 = EDGE_CURVE('',#1401,#1393,#1403,.T.);
#1401 = VERTEX_POINT('',#1402);
#1402 = CARTESIAN_POINT('',(0.8,-0.4,0.405));
#1403 = CIRCLE('',#1404,4.5E-02);
#1404 = AXIS2_PLACEMENT_3D('',#1405,#1406,#1407);
#1405 = CARTESIAN_POINT('',(0.755,-0.4,0.405));
#1406 = DIRECTION('',(0.,-1.,0.));
#1407 = DIRECTION('',(0.,0.,1.));
#1408 = ORIENTED_EDGE('',*,*,#1409,.F.);
#1409 = EDGE_CURVE('',#1410,#1401,#1412,.T.);
#1410 = VERTEX_POINT('',#1411);
#1411 = CARTESIAN_POINT('',(0.8,-0.4,4.5E-02));
#1412 = LINE('',#1413,#1414);
#1413 = CARTESIAN_POINT('',(0.8,-0.4,0.));
#1414 = VECTOR('',#1415,1.);
#1415 = DIRECTION('',(0.,0.,1.));
#1416 = ORIENTED_EDGE('',*,*,#1417,.T.);
#1417 = EDGE_CURVE('',#1410,#1366,#1418,.T.);
#1418 = CIRCLE('',#1419,4.5E-02);
#1419 = AXIS2_PLACEMENT_3D('',#1420,#1421,#1422);
#1420 = CARTESIAN_POINT('',(0.755,-0.4,4.5E-02));
#1421 = DIRECTION('',(0.,1.,0.));
#1422 = DIRECTION('',(0.,-0.,1.));
#1423 = PLANE('',#1424);
#1424 = AXIS2_PLACEMENT_3D('',#1425,#1426,#1427);
#1425 = CARTESIAN_POINT('',(0.5,-0.4,0.));
#1426 = DIRECTION('',(0.,1.,0.));
#1427 = DIRECTION('',(0.,-0.,1.));
#1428 = ADVANCED_FACE('',(#1429),#1454,.F.);
#1429 = FACE_BOUND('',#1430,.F.);
#1430 = EDGE_LOOP('',(#1431,#1432,#1440,#1448));
#1431 = ORIENTED_EDGE('',*,*,#1217,.F.);
#1432 = ORIENTED_EDGE('',*,*,#1433,.T.);
#1433 = EDGE_CURVE('',#1016,#1434,#1436,.T.);
#1434 = VERTEX_POINT('',#1435);
#1435 = CARTESIAN_POINT('',(-0.5,-0.4,0.45));
#1436 = LINE('',#1437,#1438);
#1437 = CARTESIAN_POINT('',(-0.5,-0.4,0.405));
#1438 = VECTOR('',#1439,1.);
#1439 = DIRECTION('',(0.,0.,1.));
#1440 = ORIENTED_EDGE('',*,*,#1441,.T.);
#1441 = EDGE_CURVE('',#1434,#1442,#1444,.T.);
#1442 = VERTEX_POINT('',#1443);
#1443 = CARTESIAN_POINT('',(0.5,-0.4,0.45));
#1444 = LINE('',#1445,#1446);
#1445 = CARTESIAN_POINT('',(-0.5,-0.4,0.45));
#1446 = VECTOR('',#1447,1.);
#1447 = DIRECTION('',(1.,0.,0.));
#1448 = ORIENTED_EDGE('',*,*,#1449,.F.);
#1449 = EDGE_CURVE('',#1218,#1442,#1450,.T.);
#1450 = LINE('',#1451,#1452);
#1451 = CARTESIAN_POINT('',(0.5,-0.4,0.405));
#1452 = VECTOR('',#1453,1.);
#1453 = DIRECTION('',(0.,0.,1.));
#1454 = PLANE('',#1455);
#1455 = AXIS2_PLACEMENT_3D('',#1456,#1457,#1458);
#1456 = CARTESIAN_POINT('',(-0.5,-0.4,0.405));
#1457 = DIRECTION('',(0.,1.,0.));
#1458 = DIRECTION('',(0.,-0.,1.));
#1459 = ADVANCED_FACE('',(#1460),#1478,.F.);
#1460 = FACE_BOUND('',#1461,.F.);
#1461 = EDGE_LOOP('',(#1462,#1463,#1464,#1472));
#1462 = ORIENTED_EDGE('',*,*,#1433,.F.);
#1463 = ORIENTED_EDGE('',*,*,#1280,.T.);
#1464 = ORIENTED_EDGE('',*,*,#1465,.T.);
#1465 = EDGE_CURVE('',#1133,#1466,#1468,.T.);
#1466 = VERTEX_POINT('',#1467);
#1467 = CARTESIAN_POINT('',(-0.5,0.4,0.45));
#1468 = LINE('',#1469,#1470);
#1469 = CARTESIAN_POINT('',(-0.5,0.4,0.405));
#1470 = VECTOR('',#1471,1.);
#1471 = DIRECTION('',(0.,0.,1.));
#1472 = ORIENTED_EDGE('',*,*,#1473,.F.);
#1473 = EDGE_CURVE('',#1434,#1466,#1474,.T.);
#1474 = LINE('',#1475,#1476);
#1475 = CARTESIAN_POINT('',(-0.5,-0.4,0.45));
#1476 = VECTOR('',#1477,1.);
#1477 = DIRECTION('',(0.,1.,0.));
#1478 = PLANE('',#1479);
#1479 = AXIS2_PLACEMENT_3D('',#1480,#1481,#1482);
#1480 = CARTESIAN_POINT('',(-0.5,-0.4,0.405));
#1481 = DIRECTION('',(1.,0.,0.));
#1482 = DIRECTION('',(0.,0.,1.));
#1483 = ADVANCED_FACE('',(#1484),#1547,.T.);
#1484 = FACE_BOUND('',#1485,.T.);
#1485 = EDGE_LOOP('',(#1486,#1496,#1503,#1504,#1505,#1506,#1515,#1523,
    #1532,#1540));
#1486 = ORIENTED_EDGE('',*,*,#1487,.F.);
#1487 = EDGE_CURVE('',#1488,#1490,#1492,.T.);
#1488 = VERTEX_POINT('',#1489);
#1489 = CARTESIAN_POINT('',(0.545,0.4,-2.775557561563E-17));
#1490 = VERTEX_POINT('',#1491);
#1491 = CARTESIAN_POINT('',(0.755,0.4,-2.775557561563E-17));
#1492 = LINE('',#1493,#1494);
#1493 = CARTESIAN_POINT('',(0.5,0.4,0.));
#1494 = VECTOR('',#1495,1.);
#1495 = DIRECTION('',(1.,0.,0.));
#1496 = ORIENTED_EDGE('',*,*,#1497,.F.);
#1497 = EDGE_CURVE('',#1325,#1488,#1498,.T.);
#1498 = CIRCLE('',#1499,4.5E-02);
#1499 = AXIS2_PLACEMENT_3D('',#1500,#1501,#1502);
#1500 = CARTESIAN_POINT('',(0.545,0.4,4.5E-02));
#1501 = DIRECTION('',(0.,-1.,0.));
#1502 = DIRECTION('',(0.,0.,1.));
#1503 = ORIENTED_EDGE('',*,*,#1324,.T.);
#1504 = ORIENTED_EDGE('',*,*,#1316,.T.);
#1505 = ORIENTED_EDGE('',*,*,#1308,.F.);
#1506 = ORIENTED_EDGE('',*,*,#1507,.T.);
#1507 = EDGE_CURVE('',#1301,#1508,#1510,.T.);
#1508 = VERTEX_POINT('',#1509);
#1509 = CARTESIAN_POINT('',(0.545,0.4,0.45));
#1510 = CIRCLE('',#1511,4.5E-02);
#1511 = AXIS2_PLACEMENT_3D('',#1512,#1513,#1514);
#1512 = CARTESIAN_POINT('',(0.545,0.4,0.405));
#1513 = DIRECTION('',(0.,1.,0.));
#1514 = DIRECTION('',(0.,-0.,1.));
#1515 = ORIENTED_EDGE('',*,*,#1516,.T.);
#1516 = EDGE_CURVE('',#1508,#1517,#1519,.T.);
#1517 = VERTEX_POINT('',#1518);
#1518 = CARTESIAN_POINT('',(0.755,0.4,0.45));
#1519 = LINE('',#1520,#1521);
#1520 = CARTESIAN_POINT('',(0.5,0.4,0.45));
#1521 = VECTOR('',#1522,1.);
#1522 = DIRECTION('',(1.,0.,0.));
#1523 = ORIENTED_EDGE('',*,*,#1524,.F.);
#1524 = EDGE_CURVE('',#1525,#1517,#1527,.T.);
#1525 = VERTEX_POINT('',#1526);
#1526 = CARTESIAN_POINT('',(0.8,0.4,0.405));
#1527 = CIRCLE('',#1528,4.5E-02);
#1528 = AXIS2_PLACEMENT_3D('',#1529,#1530,#1531);
#1529 = CARTESIAN_POINT('',(0.755,0.4,0.405));
#1530 = DIRECTION('',(0.,-1.,0.));
#1531 = DIRECTION('',(0.,0.,1.));
#1532 = ORIENTED_EDGE('',*,*,#1533,.F.);
#1533 = EDGE_CURVE('',#1534,#1525,#1536,.T.);
#1534 = VERTEX_POINT('',#1535);
#1535 = CARTESIAN_POINT('',(0.8,0.4,4.5E-02));
#1536 = LINE('',#1537,#1538);
#1537 = CARTESIAN_POINT('',(0.8,0.4,0.));
#1538 = VECTOR('',#1539,1.);
#1539 = DIRECTION('',(0.,0.,1.));
#1540 = ORIENTED_EDGE('',*,*,#1541,.T.);
#1541 = EDGE_CURVE('',#1534,#1490,#1542,.T.);
#1542 = CIRCLE('',#1543,4.5E-02);
#1543 = AXIS2_PLACEMENT_3D('',#1544,#1545,#1546);
#1544 = CARTESIAN_POINT('',(0.755,0.4,4.5E-02));
#1545 = DIRECTION('',(0.,1.,0.));
#1546 = DIRECTION('',(0.,-0.,1.));
#1547 = PLANE('',#1548);
#1548 = AXIS2_PLACEMENT_3D('',#1549,#1550,#1551);
#1549 = CARTESIAN_POINT('',(0.5,0.4,0.));
#1550 = DIRECTION('',(0.,1.,0.));
#1551 = DIRECTION('',(0.,-0.,1.));
#1552 = ADVANCED_FACE('',(#1553),#1571,.T.);
#1553 = FACE_BOUND('',#1554,.T.);
#1554 = EDGE_LOOP('',(#1555,#1556,#1557,#1565));
#1555 = ORIENTED_EDGE('',*,*,#1300,.F.);
#1556 = ORIENTED_EDGE('',*,*,#1465,.T.);
#1557 = ORIENTED_EDGE('',*,*,#1558,.T.);
#1558 = EDGE_CURVE('',#1466,#1559,#1561,.T.);
#1559 = VERTEX_POINT('',#1560);
#1560 = CARTESIAN_POINT('',(0.5,0.4,0.45));
#1561 = LINE('',#1562,#1563);
#1562 = CARTESIAN_POINT('',(-0.5,0.4,0.45));
#1563 = VECTOR('',#1564,1.);
#1564 = DIRECTION('',(1.,0.,0.));
#1565 = ORIENTED_EDGE('',*,*,#1566,.F.);
#1566 = EDGE_CURVE('',#1301,#1559,#1567,.T.);
#1567 = LINE('',#1568,#1569);
#1568 = CARTESIAN_POINT('',(0.5,0.4,0.405));
#1569 = VECTOR('',#1570,1.);
#1570 = DIRECTION('',(0.,0.,1.));
#1571 = PLANE('',#1572);
#1572 = AXIS2_PLACEMENT_3D('',#1573,#1574,#1575);
#1573 = CARTESIAN_POINT('',(-0.5,0.4,0.405));
#1574 = DIRECTION('',(0.,1.,0.));
#1575 = DIRECTION('',(0.,-0.,1.));
#1576 = ADVANCED_FACE('',(#1577),#1588,.T.);
#1577 = FACE_BOUND('',#1578,.T.);
#1578 = EDGE_LOOP('',(#1579,#1580,#1581,#1587));
#1579 = ORIENTED_EDGE('',*,*,#1348,.T.);
#1580 = ORIENTED_EDGE('',*,*,#1497,.T.);
#1581 = ORIENTED_EDGE('',*,*,#1582,.F.);
#1582 = EDGE_CURVE('',#1364,#1488,#1583,.T.);
#1583 = LINE('',#1584,#1585);
#1584 = CARTESIAN_POINT('',(0.545,-0.4,-2.775557561563E-17));
#1585 = VECTOR('',#1586,1.);
#1586 = DIRECTION('',(0.,1.,0.));
#1587 = ORIENTED_EDGE('',*,*,#1373,.F.);
#1588 = CYLINDRICAL_SURFACE('',#1589,4.5E-02);
#1589 = AXIS2_PLACEMENT_3D('',#1590,#1591,#1592);
#1590 = CARTESIAN_POINT('',(0.545,-0.4,4.5E-02));
#1591 = DIRECTION('',(0.,1.,0.));
#1592 = DIRECTION('',(-1.,0.,0.));
#1593 = ADVANCED_FACE('',(#1594),#1605,.F.);
#1594 = FACE_BOUND('',#1595,.F.);
#1595 = EDGE_LOOP('',(#1596,#1597,#1598,#1599));
#1596 = ORIENTED_EDGE('',*,*,#1487,.F.);
#1597 = ORIENTED_EDGE('',*,*,#1582,.F.);
#1598 = ORIENTED_EDGE('',*,*,#1363,.T.);
#1599 = ORIENTED_EDGE('',*,*,#1600,.T.);
#1600 = EDGE_CURVE('',#1366,#1490,#1601,.T.);
#1601 = LINE('',#1602,#1603);
#1602 = CARTESIAN_POINT('',(0.755,-0.4,-2.775557561563E-17));
#1603 = VECTOR('',#1604,1.);
#1604 = DIRECTION('',(0.,1.,0.));
#1605 = PLANE('',#1606);
#1606 = AXIS2_PLACEMENT_3D('',#1607,#1608,#1609);
#1607 = CARTESIAN_POINT('',(0.5,-0.4,0.));
#1608 = DIRECTION('',(0.,0.,1.));
#1609 = DIRECTION('',(1.,0.,-0.));
#1610 = ADVANCED_FACE('',(#1611),#1622,.T.);
#1611 = FACE_BOUND('',#1612,.T.);
#1612 = EDGE_LOOP('',(#1613,#1614,#1615,#1616));
#1613 = ORIENTED_EDGE('',*,*,#1417,.T.);
#1614 = ORIENTED_EDGE('',*,*,#1600,.T.);
#1615 = ORIENTED_EDGE('',*,*,#1541,.F.);
#1616 = ORIENTED_EDGE('',*,*,#1617,.F.);
#1617 = EDGE_CURVE('',#1410,#1534,#1618,.T.);
#1618 = LINE('',#1619,#1620);
#1619 = CARTESIAN_POINT('',(0.8,-0.4,4.5E-02));
#1620 = VECTOR('',#1621,1.);
#1621 = DIRECTION('',(0.,1.,0.));
#1622 = CYLINDRICAL_SURFACE('',#1623,4.5E-02);
#1623 = AXIS2_PLACEMENT_3D('',#1624,#1625,#1626);
#1624 = CARTESIAN_POINT('',(0.755,-0.4,4.5E-02));
#1625 = DIRECTION('',(0.,1.,0.));
#1626 = DIRECTION('',(1.,0.,0.));
#1627 = ADVANCED_FACE('',(#1628),#1639,.T.);
#1628 = FACE_BOUND('',#1629,.T.);
#1629 = EDGE_LOOP('',(#1630,#1631,#1632,#1633));
#1630 = ORIENTED_EDGE('',*,*,#1409,.F.);
#1631 = ORIENTED_EDGE('',*,*,#1617,.T.);
#1632 = ORIENTED_EDGE('',*,*,#1533,.T.);
#1633 = ORIENTED_EDGE('',*,*,#1634,.F.);
#1634 = EDGE_CURVE('',#1401,#1525,#1635,.T.);
#1635 = LINE('',#1636,#1637);
#1636 = CARTESIAN_POINT('',(0.8,-0.4,0.405));
#1637 = VECTOR('',#1638,1.);
#1638 = DIRECTION('',(0.,1.,0.));
#1639 = PLANE('',#1640);
#1640 = AXIS2_PLACEMENT_3D('',#1641,#1642,#1643);
#1641 = CARTESIAN_POINT('',(0.8,-0.4,0.));
#1642 = DIRECTION('',(1.,0.,0.));
#1643 = DIRECTION('',(0.,0.,1.));
#1644 = ADVANCED_FACE('',(#1645),#1656,.T.);
#1645 = FACE_BOUND('',#1646,.T.);
#1646 = EDGE_LOOP('',(#1647,#1648,#1649,#1655));
#1647 = ORIENTED_EDGE('',*,*,#1634,.T.);
#1648 = ORIENTED_EDGE('',*,*,#1524,.T.);
#1649 = ORIENTED_EDGE('',*,*,#1650,.F.);
#1650 = EDGE_CURVE('',#1393,#1517,#1651,.T.);
#1651 = LINE('',#1652,#1653);
#1652 = CARTESIAN_POINT('',(0.755,-0.4,0.45));
#1653 = VECTOR('',#1654,1.);
#1654 = DIRECTION('',(0.,1.,0.));
#1655 = ORIENTED_EDGE('',*,*,#1400,.F.);
#1656 = CYLINDRICAL_SURFACE('',#1657,4.5E-02);
#1657 = AXIS2_PLACEMENT_3D('',#1658,#1659,#1660);
#1658 = CARTESIAN_POINT('',(0.755,-0.4,0.405));
#1659 = DIRECTION('',(0.,1.,0.));
#1660 = DIRECTION('',(1.,0.,0.));
#1661 = ADVANCED_FACE('',(#1662),#1673,.T.);
#1662 = FACE_BOUND('',#1663,.T.);
#1663 = EDGE_LOOP('',(#1664,#1665,#1671,#1672));
#1664 = ORIENTED_EDGE('',*,*,#1516,.F.);
#1665 = ORIENTED_EDGE('',*,*,#1666,.F.);
#1666 = EDGE_CURVE('',#1384,#1508,#1667,.T.);
#1667 = LINE('',#1668,#1669);
#1668 = CARTESIAN_POINT('',(0.545,-0.4,0.45));
#1669 = VECTOR('',#1670,1.);
#1670 = DIRECTION('',(0.,1.,0.));
#1671 = ORIENTED_EDGE('',*,*,#1392,.T.);
#1672 = ORIENTED_EDGE('',*,*,#1650,.T.);
#1673 = PLANE('',#1674);
#1674 = AXIS2_PLACEMENT_3D('',#1675,#1676,#1677);
#1675 = CARTESIAN_POINT('',(0.5,-0.4,0.45));
#1676 = DIRECTION('',(0.,0.,1.));
#1677 = DIRECTION('',(1.,0.,-0.));
#1678 = ADVANCED_FACE('',(#1679),#1690,.T.);
#1679 = FACE_BOUND('',#1680,.T.);
#1680 = EDGE_LOOP('',(#1681,#1682,#1683,#1684));
#1681 = ORIENTED_EDGE('',*,*,#1383,.T.);
#1682 = ORIENTED_EDGE('',*,*,#1666,.T.);
#1683 = ORIENTED_EDGE('',*,*,#1507,.F.);
#1684 = ORIENTED_EDGE('',*,*,#1685,.F.);
#1685 = EDGE_CURVE('',#1218,#1301,#1686,.T.);
#1686 = LINE('',#1687,#1688);
#1687 = CARTESIAN_POINT('',(0.5,-0.4,0.405));
#1688 = VECTOR('',#1689,1.);
#1689 = DIRECTION('',(0.,1.,0.));
#1690 = CYLINDRICAL_SURFACE('',#1691,4.5E-02);
#1691 = AXIS2_PLACEMENT_3D('',#1692,#1693,#1694);
#1692 = CARTESIAN_POINT('',(0.545,-0.4,0.405));
#1693 = DIRECTION('',(0.,1.,0.));
#1694 = DIRECTION('',(-1.,0.,0.));
#1695 = ADVANCED_FACE('',(#1696),#1707,.T.);
#1696 = FACE_BOUND('',#1697,.T.);
#1697 = EDGE_LOOP('',(#1698,#1699,#1700,#1701));
#1698 = ORIENTED_EDGE('',*,*,#1449,.F.);
#1699 = ORIENTED_EDGE('',*,*,#1685,.T.);
#1700 = ORIENTED_EDGE('',*,*,#1566,.T.);
#1701 = ORIENTED_EDGE('',*,*,#1702,.F.);
#1702 = EDGE_CURVE('',#1442,#1559,#1703,.T.);
#1703 = LINE('',#1704,#1705);
#1704 = CARTESIAN_POINT('',(0.5,-0.4,0.45));
#1705 = VECTOR('',#1706,1.);
#1706 = DIRECTION('',(0.,1.,0.));
#1707 = PLANE('',#1708);
#1708 = AXIS2_PLACEMENT_3D('',#1709,#1710,#1711);
#1709 = CARTESIAN_POINT('',(0.5,-0.4,0.405));
#1710 = DIRECTION('',(1.,0.,0.));
#1711 = DIRECTION('',(0.,0.,1.));
#1712 = ADVANCED_FACE('',(#1713),#1719,.T.);
#1713 = FACE_BOUND('',#1714,.T.);
#1714 = EDGE_LOOP('',(#1715,#1716,#1717,#1718));
#1715 = ORIENTED_EDGE('',*,*,#1473,.F.);
#1716 = ORIENTED_EDGE('',*,*,#1441,.T.);
#1717 = ORIENTED_EDGE('',*,*,#1702,.T.);
#1718 = ORIENTED_EDGE('',*,*,#1558,.F.);
#1719 = PLANE('',#1720);
#1720 = AXIS2_PLACEMENT_3D('',#1721,#1722,#1723);
#1721 = CARTESIAN_POINT('',(-0.5,-0.4,0.45));
#1722 = DIRECTION('',(0.,0.,1.));
#1723 = DIRECTION('',(1.,0.,-0.));
#1724 = ( GEOMETRIC_REPRESENTATION_CONTEXT(3) 
GLOBAL_UNCERTAINTY_ASSIGNED_CONTEXT((#1728)) 
GLOBAL_UNIT_ASSIGNED_CONTEXT((#1725,#1726,#1727)) REPRESENTATION_CONTEXT
('Context #1','3D Context with UNIT and UNCERTAINTY') );
#1725 = ( LENGTH_UNIT() NAMED_UNIT(*) SI_UNIT(.MILLI.,.METRE.) );
#1726 = ( NAMED_UNIT(*) PLANE_ANGLE_UNIT() SI_UNIT($,.RADIAN.) );
#1727 = ( NAMED_UNIT(*) SI_UNIT($,.STERADIAN.) SOLID_ANGLE_UNIT() );
#1728 = UNCERTAINTY_MEASURE_WITH_UNIT(LENGTH_MEASURE(1.E-07),#1725,
  'distance_accuracy_value','confusion accuracy');
#1729 = CONTEXT_DEPENDENT_SHAPE_REPRESENTATION(#1730,#1732);
#1730 = ( REPRESENTATION_RELATIONSHIP('','',#933,#10) 
REPRESENTATION_RELATIONSHIP_WITH_TRANSFORMATION(#1731) 
SHAPE_REPRESENTATION_RELATIONSHIP() );
#1731 = ITEM_DEFINED_TRANSFORMATION('','',#11,#19);
#1732 = PRODUCT_DEFINITION_SHAPE('Placement','Placement of an item',
  #1733);
#1733 = NEXT_ASSEMBLY_USAGE_OCCURRENCE('2','R4','',#5,#928,$);
#1734 = PRODUCT_RELATED_PRODUCT_CATEGORY('part',$,(#930));
#1735 = CONTEXT_DEPENDENT_SHAPE_REPRESENTATION(#1736,#1738);
#1736 = ( REPRESENTATION_RELATIONSHIP('','',#933,#10) 
REPRESENTATION_RELATIONSHIP_WITH_TRANSFORMATION(#1737) 
SHAPE_REPRESENTATION_RELATIONSHIP() );
#1737 = ITEM_DEFINED_TRANSFORMATION('','',#11,#23);
#1738 = PRODUCT_DEFINITION_SHAPE('Placement','Placement of an item',
  #1739);
#1739 = NEXT_ASSEMBLY_USAGE_OCCURRENCE('3','R3','',#5,#928,$);
#1740 = CONTEXT_DEPENDENT_SHAPE_REPRESENTATION(#1741,#1743);
#1741 = ( REPRESENTATION_RELATIONSHIP('','',#933,#10) 
REPRESENTATION_RELATIONSHIP_WITH_TRANSFORMATION(#1742) 
SHAPE_REPRESENTATION_RELATIONSHIP() );
#1742 = ITEM_DEFINED_TRANSFORMATION('','',#11,#27);
#1743 = PRODUCT_DEFINITION_SHAPE('Placement','Placement of an item',
  #1744);
#1744 = NEXT_ASSEMBLY_USAGE_OCCURRENCE('4','R1','',#5,#928,$);
#1745 = CONTEXT_DEPENDENT_SHAPE_REPRESENTATION(#1746,#1748);
#1746 = ( REPRESENTATION_RELATIONSHIP('','',#933,#10) 
REPRESENTATION_RELATIONSHIP_WITH_TRANSFORMATION(#1747) 
SHAPE_REPRESENTATION_RELATIONSHIP() );
#1747 = ITEM_DEFINED_TRANSFORMATION('','',#11,#31);
#1748 = PRODUCT_DEFINITION_SHAPE('Placement','Placement of an item',
  #1749);
#1749 = NEXT_ASSEMBLY_USAGE_OCCURRENCE('5','R2','',#5,#928,$);
#1750 = SHAPE_DEFINITION_REPRESENTATION(#1751,#1757);
#1751 = PRODUCT_DEFINITION_SHAPE('','',#1752);
#1752 = PRODUCT_DEFINITION('design','',#1753,#1756);
#1753 = PRODUCT_DEFINITION_FORMATION('','',#1754);
#1754 = PRODUCT('JST_SH_SM04B-SRSS-TB_1x04-1MP_P1.00mm_Horizontal',
  'JST_SH_SM04B-SRSS-TB_1x04-1MP_P1.00mm_Horizontal','',(#1755));
#1755 = PRODUCT_CONTEXT('',#2,'mechanical');
#1756 = PRODUCT_DEFINITION_CONTEXT('part definition',#2,'design');
#1757 = ADVANCED_BREP_SHAPE_REPRESENTATION('',(#11,#1758),#4562);
#1758 = MANIFOLD_SOLID_BREP('',#1759);
#1759 = CLOSED_SHELL('',(#1760,#1864,#2071,#2095,#2119,#2143,#2167,#2328
    ,#2384,#2408,#2432,#2456,#2480,#2612,#2684,#2708,#2739,#2763,#2794,
    #2818,#2858,#2882,#2915,#2955,#2979,#3012,#3052,#3076,#3109,#3149,
    #3173,#3206,#3233,#3251,#3276,#3300,#3354,#3378,#3402,#3419,#3443,
    #3490,#3514,#3538,#3555,#3572,#3612,#3629,#3643,#3660,#3677,#3694,
    #3711,#3728,#3752,#3769,#3786,#3798,#3818,#3830,#3842,#3859,#3871,
    #3888,#3900,#3917,#3929,#3946,#3958,#3970,#4118,#4130,#4161,#4185,
    #4209,#4226,#4257,#4281,#4305,#4322,#4353,#4377,#4401,#4418,#4449,
    #4473,#4497,#4514,#4526,#4538,#4550));
#1760 = ADVANCED_FACE('',(#1761),#1859,.F.);
#1761 = FACE_BOUND('',#1762,.F.);
#1762 = EDGE_LOOP('',(#1763,#1773,#1781,#1789,#1797,#1805,#1813,#1821,
    #1829,#1837,#1845,#1853));
#1763 = ORIENTED_EDGE('',*,*,#1764,.F.);
#1764 = EDGE_CURVE('',#1765,#1767,#1769,.T.);
#1765 = VERTEX_POINT('',#1766);
#1766 = CARTESIAN_POINT('',(-3.,1.775,6.E-02));
#1767 = VERTEX_POINT('',#1768);
#1768 = CARTESIAN_POINT('',(-3.,-0.975,6.E-02));
#1769 = LINE('',#1770,#1771);
#1770 = CARTESIAN_POINT('',(-3.,1.775,6.E-02));
#1771 = VECTOR('',#1772,1.);
#1772 = DIRECTION('',(0.,-1.,1.110223024625E-16));
#1773 = ORIENTED_EDGE('',*,*,#1774,.T.);
#1774 = EDGE_CURVE('',#1765,#1775,#1777,.T.);
#1775 = VERTEX_POINT('',#1776);
#1776 = CARTESIAN_POINT('',(-3.,1.775,1.46));
#1777 = LINE('',#1778,#1779);
#1778 = CARTESIAN_POINT('',(-3.,1.775,6.E-02));
#1779 = VECTOR('',#1780,1.);
#1780 = DIRECTION('',(0.,1.110223024625E-16,1.));
#1781 = ORIENTED_EDGE('',*,*,#1782,.T.);
#1782 = EDGE_CURVE('',#1775,#1783,#1785,.T.);
#1783 = VERTEX_POINT('',#1784);
#1784 = CARTESIAN_POINT('',(-3.,1.225,1.46));
#1785 = LINE('',#1786,#1787);
#1786 = CARTESIAN_POINT('',(-3.,1.775,1.46));
#1787 = VECTOR('',#1788,1.);
#1788 = DIRECTION('',(0.,-1.,1.110223024625E-16));
#1789 = ORIENTED_EDGE('',*,*,#1790,.T.);
#1790 = EDGE_CURVE('',#1783,#1791,#1793,.T.);
#1791 = VERTEX_POINT('',#1792);
#1792 = CARTESIAN_POINT('',(-3.,1.225,2.46));
#1793 = LINE('',#1794,#1795);
#1794 = CARTESIAN_POINT('',(-3.,1.225,1.46));
#1795 = VECTOR('',#1796,1.);
#1796 = DIRECTION('',(0.,1.110223024625E-16,1.));
#1797 = ORIENTED_EDGE('',*,*,#1798,.T.);
#1798 = EDGE_CURVE('',#1791,#1799,#1801,.T.);
#1799 = VERTEX_POINT('',#1800);
#1800 = CARTESIAN_POINT('',(-3.,0.575,2.46));
#1801 = LINE('',#1802,#1803);
#1802 = CARTESIAN_POINT('',(-3.,1.225,2.46));
#1803 = VECTOR('',#1804,1.);
#1804 = DIRECTION('',(0.,-1.,1.110223024625E-16));
#1805 = ORIENTED_EDGE('',*,*,#1806,.T.);
#1806 = EDGE_CURVE('',#1799,#1807,#1809,.T.);
#1807 = VERTEX_POINT('',#1808);
#1808 = CARTESIAN_POINT('',(-3.,0.286,2.96));
#1809 = LINE('',#1810,#1811);
#1810 = CARTESIAN_POINT('',(-3.,0.575,2.46));
#1811 = VECTOR('',#1812,1.);
#1812 = DIRECTION('',(0.,-0.500421834463,0.865781720524));
#1813 = ORIENTED_EDGE('',*,*,#1814,.T.);
#1814 = EDGE_CURVE('',#1807,#1815,#1817,.T.);
#1815 = VERTEX_POINT('',#1816);
#1816 = CARTESIAN_POINT('',(-3.,-2.475,2.96));
#1817 = LINE('',#1818,#1819);
#1818 = CARTESIAN_POINT('',(-3.,1.775,2.96));
#1819 = VECTOR('',#1820,1.);
#1820 = DIRECTION('',(0.,-1.,1.110223024625E-16));
#1821 = ORIENTED_EDGE('',*,*,#1822,.F.);
#1822 = EDGE_CURVE('',#1823,#1815,#1825,.T.);
#1823 = VERTEX_POINT('',#1824);
#1824 = CARTESIAN_POINT('',(-3.,-2.475,1.26));
#1825 = LINE('',#1826,#1827);
#1826 = CARTESIAN_POINT('',(-3.,-2.475,6.E-02));
#1827 = VECTOR('',#1828,1.);
#1828 = DIRECTION('',(0.,1.110223024625E-16,1.));
#1829 = ORIENTED_EDGE('',*,*,#1830,.T.);
#1830 = EDGE_CURVE('',#1823,#1831,#1833,.T.);
#1831 = VERTEX_POINT('',#1832);
#1832 = CARTESIAN_POINT('',(-3.,-1.975,1.26));
#1833 = LINE('',#1834,#1835);
#1834 = CARTESIAN_POINT('',(-3.,-2.475,1.26));
#1835 = VECTOR('',#1836,1.);
#1836 = DIRECTION('',(0.,1.,-1.110223024625E-16));
#1837 = ORIENTED_EDGE('',*,*,#1838,.T.);
#1838 = EDGE_CURVE('',#1831,#1839,#1841,.T.);
#1839 = VERTEX_POINT('',#1840);
#1840 = CARTESIAN_POINT('',(-3.,-1.975,0.61));
#1841 = LINE('',#1842,#1843);
#1842 = CARTESIAN_POINT('',(-3.,-1.975,1.26));
#1843 = VECTOR('',#1844,1.);
#1844 = DIRECTION('',(0.,-1.110223024625E-16,-1.));
#1845 = ORIENTED_EDGE('',*,*,#1846,.T.);
#1846 = EDGE_CURVE('',#1839,#1847,#1849,.T.);
#1847 = VERTEX_POINT('',#1848);
#1848 = CARTESIAN_POINT('',(-3.,-0.975,0.61));
#1849 = LINE('',#1850,#1851);
#1850 = CARTESIAN_POINT('',(-3.,-1.975,0.61));
#1851 = VECTOR('',#1852,1.);
#1852 = DIRECTION('',(0.,1.,-1.110223024625E-16));
#1853 = ORIENTED_EDGE('',*,*,#1854,.T.);
#1854 = EDGE_CURVE('',#1847,#1767,#1855,.T.);
#1855 = LINE('',#1856,#1857);
#1856 = CARTESIAN_POINT('',(-3.,-0.975,0.61));
#1857 = VECTOR('',#1858,1.);
#1858 = DIRECTION('',(0.,-1.110223024625E-16,-1.));
#1859 = PLANE('',#1860);
#1860 = AXIS2_PLACEMENT_3D('',#1861,#1862,#1863);
#1861 = CARTESIAN_POINT('',(-3.,1.775,6.E-02));
#1862 = DIRECTION('',(1.,0.,0.));
#1863 = DIRECTION('',(0.,-1.,1.110223024625E-16));
#1864 = ADVANCED_FACE('',(#1865),#2066,.F.);
#1865 = FACE_BOUND('',#1866,.F.);
#1866 = EDGE_LOOP('',(#1867,#1877,#1885,#1893,#1901,#1909,#1917,#1925,
    #1933,#1941,#1949,#1957,#1965,#1973,#1981,#1989,#1997,#2005,#2011,
    #2012,#2020,#2028,#2036,#2044,#2052,#2060));
#1867 = ORIENTED_EDGE('',*,*,#1868,.F.);
#1868 = EDGE_CURVE('',#1869,#1871,#1873,.T.);
#1869 = VERTEX_POINT('',#1870);
#1870 = CARTESIAN_POINT('',(3.,1.775,6.E-02));
#1871 = VERTEX_POINT('',#1872);
#1872 = CARTESIAN_POINT('',(3.,-0.975,6.E-02));
#1873 = LINE('',#1874,#1875);
#1874 = CARTESIAN_POINT('',(3.,1.775,6.E-02));
#1875 = VECTOR('',#1876,1.);
#1876 = DIRECTION('',(0.,-1.,1.110223024625E-16));
#1877 = ORIENTED_EDGE('',*,*,#1878,.F.);
#1878 = EDGE_CURVE('',#1879,#1869,#1881,.T.);
#1879 = VERTEX_POINT('',#1880);
#1880 = CARTESIAN_POINT('',(1.6,1.775,6.E-02));
#1881 = LINE('',#1882,#1883);
#1882 = CARTESIAN_POINT('',(-3.,1.775,6.E-02));
#1883 = VECTOR('',#1884,1.);
#1884 = DIRECTION('',(1.,0.,0.));
#1885 = ORIENTED_EDGE('',*,*,#1886,.F.);
#1886 = EDGE_CURVE('',#1887,#1879,#1889,.T.);
#1887 = VERTEX_POINT('',#1888);
#1888 = CARTESIAN_POINT('',(1.6,1.675,6.E-02));
#1889 = LINE('',#1890,#1891);
#1890 = CARTESIAN_POINT('',(1.6,1.675,6.E-02));
#1891 = VECTOR('',#1892,1.);
#1892 = DIRECTION('',(0.,1.,0.));
#1893 = ORIENTED_EDGE('',*,*,#1894,.F.);
#1894 = EDGE_CURVE('',#1895,#1887,#1897,.T.);
#1895 = VERTEX_POINT('',#1896);
#1896 = CARTESIAN_POINT('',(1.4,1.675,6.E-02));
#1897 = LINE('',#1898,#1899);
#1898 = CARTESIAN_POINT('',(1.4,1.675,6.E-02));
#1899 = VECTOR('',#1900,1.);
#1900 = DIRECTION('',(1.,0.,0.));
#1901 = ORIENTED_EDGE('',*,*,#1902,.T.);
#1902 = EDGE_CURVE('',#1895,#1903,#1905,.T.);
#1903 = VERTEX_POINT('',#1904);
#1904 = CARTESIAN_POINT('',(1.4,1.775,6.E-02));
#1905 = LINE('',#1906,#1907);
#1906 = CARTESIAN_POINT('',(1.4,1.675,6.E-02));
#1907 = VECTOR('',#1908,1.);
#1908 = DIRECTION('',(0.,1.,0.));
#1909 = ORIENTED_EDGE('',*,*,#1910,.F.);
#1910 = EDGE_CURVE('',#1911,#1903,#1913,.T.);
#1911 = VERTEX_POINT('',#1912);
#1912 = CARTESIAN_POINT('',(0.6,1.775,6.E-02));
#1913 = LINE('',#1914,#1915);
#1914 = CARTESIAN_POINT('',(-3.,1.775,6.E-02));
#1915 = VECTOR('',#1916,1.);
#1916 = DIRECTION('',(1.,0.,0.));
#1917 = ORIENTED_EDGE('',*,*,#1918,.F.);
#1918 = EDGE_CURVE('',#1919,#1911,#1921,.T.);
#1919 = VERTEX_POINT('',#1920);
#1920 = CARTESIAN_POINT('',(0.6,1.675,6.E-02));
#1921 = LINE('',#1922,#1923);
#1922 = CARTESIAN_POINT('',(0.6,1.675,6.E-02));
#1923 = VECTOR('',#1924,1.);
#1924 = DIRECTION('',(0.,1.,0.));
#1925 = ORIENTED_EDGE('',*,*,#1926,.F.);
#1926 = EDGE_CURVE('',#1927,#1919,#1929,.T.);
#1927 = VERTEX_POINT('',#1928);
#1928 = CARTESIAN_POINT('',(0.4,1.675,6.E-02));
#1929 = LINE('',#1930,#1931);
#1930 = CARTESIAN_POINT('',(0.4,1.675,6.E-02));
#1931 = VECTOR('',#1932,1.);
#1932 = DIRECTION('',(1.,0.,0.));
#1933 = ORIENTED_EDGE('',*,*,#1934,.T.);
#1934 = EDGE_CURVE('',#1927,#1935,#1937,.T.);
#1935 = VERTEX_POINT('',#1936);
#1936 = CARTESIAN_POINT('',(0.4,1.775,6.E-02));
#1937 = LINE('',#1938,#1939);
#1938 = CARTESIAN_POINT('',(0.4,1.675,6.E-02));
#1939 = VECTOR('',#1940,1.);
#1940 = DIRECTION('',(0.,1.,0.));
#1941 = ORIENTED_EDGE('',*,*,#1942,.F.);
#1942 = EDGE_CURVE('',#1943,#1935,#1945,.T.);
#1943 = VERTEX_POINT('',#1944);
#1944 = CARTESIAN_POINT('',(-0.4,1.775,6.E-02));
#1945 = LINE('',#1946,#1947);
#1946 = CARTESIAN_POINT('',(-3.,1.775,6.E-02));
#1947 = VECTOR('',#1948,1.);
#1948 = DIRECTION('',(1.,0.,0.));
#1949 = ORIENTED_EDGE('',*,*,#1950,.F.);
#1950 = EDGE_CURVE('',#1951,#1943,#1953,.T.);
#1951 = VERTEX_POINT('',#1952);
#1952 = CARTESIAN_POINT('',(-0.4,1.675,6.E-02));
#1953 = LINE('',#1954,#1955);
#1954 = CARTESIAN_POINT('',(-0.4,1.675,6.E-02));
#1955 = VECTOR('',#1956,1.);
#1956 = DIRECTION('',(0.,1.,0.));
#1957 = ORIENTED_EDGE('',*,*,#1958,.F.);
#1958 = EDGE_CURVE('',#1959,#1951,#1961,.T.);
#1959 = VERTEX_POINT('',#1960);
#1960 = CARTESIAN_POINT('',(-0.6,1.675,6.E-02));
#1961 = LINE('',#1962,#1963);
#1962 = CARTESIAN_POINT('',(-0.6,1.675,6.E-02));
#1963 = VECTOR('',#1964,1.);
#1964 = DIRECTION('',(1.,0.,0.));
#1965 = ORIENTED_EDGE('',*,*,#1966,.T.);
#1966 = EDGE_CURVE('',#1959,#1967,#1969,.T.);
#1967 = VERTEX_POINT('',#1968);
#1968 = CARTESIAN_POINT('',(-0.6,1.775,6.E-02));
#1969 = LINE('',#1970,#1971);
#1970 = CARTESIAN_POINT('',(-0.6,1.675,6.E-02));
#1971 = VECTOR('',#1972,1.);
#1972 = DIRECTION('',(0.,1.,0.));
#1973 = ORIENTED_EDGE('',*,*,#1974,.F.);
#1974 = EDGE_CURVE('',#1975,#1967,#1977,.T.);
#1975 = VERTEX_POINT('',#1976);
#1976 = CARTESIAN_POINT('',(-1.4,1.775,6.E-02));
#1977 = LINE('',#1978,#1979);
#1978 = CARTESIAN_POINT('',(-3.,1.775,6.E-02));
#1979 = VECTOR('',#1980,1.);
#1980 = DIRECTION('',(1.,0.,0.));
#1981 = ORIENTED_EDGE('',*,*,#1982,.F.);
#1982 = EDGE_CURVE('',#1983,#1975,#1985,.T.);
#1983 = VERTEX_POINT('',#1984);
#1984 = CARTESIAN_POINT('',(-1.4,1.675,6.E-02));
#1985 = LINE('',#1986,#1987);
#1986 = CARTESIAN_POINT('',(-1.4,1.675,6.E-02));
#1987 = VECTOR('',#1988,1.);
#1988 = DIRECTION('',(0.,1.,0.));
#1989 = ORIENTED_EDGE('',*,*,#1990,.F.);
#1990 = EDGE_CURVE('',#1991,#1983,#1993,.T.);
#1991 = VERTEX_POINT('',#1992);
#1992 = CARTESIAN_POINT('',(-1.6,1.675,6.E-02));
#1993 = LINE('',#1994,#1995);
#1994 = CARTESIAN_POINT('',(-1.6,1.675,6.E-02));
#1995 = VECTOR('',#1996,1.);
#1996 = DIRECTION('',(1.,0.,0.));
#1997 = ORIENTED_EDGE('',*,*,#1998,.T.);
#1998 = EDGE_CURVE('',#1991,#1999,#2001,.T.);
#1999 = VERTEX_POINT('',#2000);
#2000 = CARTESIAN_POINT('',(-1.6,1.775,6.E-02));
#2001 = LINE('',#2002,#2003);
#2002 = CARTESIAN_POINT('',(-1.6,1.675,6.E-02));
#2003 = VECTOR('',#2004,1.);
#2004 = DIRECTION('',(0.,1.,0.));
#2005 = ORIENTED_EDGE('',*,*,#2006,.F.);
#2006 = EDGE_CURVE('',#1765,#1999,#2007,.T.);
#2007 = LINE('',#2008,#2009);
#2008 = CARTESIAN_POINT('',(-3.,1.775,6.E-02));
#2009 = VECTOR('',#2010,1.);
#2010 = DIRECTION('',(1.,0.,0.));
#2011 = ORIENTED_EDGE('',*,*,#1764,.T.);
#2012 = ORIENTED_EDGE('',*,*,#2013,.T.);
#2013 = EDGE_CURVE('',#1767,#2014,#2016,.T.);
#2014 = VERTEX_POINT('',#2015);
#2015 = CARTESIAN_POINT('',(-2.7,-0.975,6.E-02));
#2016 = LINE('',#2017,#2018);
#2017 = CARTESIAN_POINT('',(-3.,-0.975,6.E-02));
#2018 = VECTOR('',#2019,1.);
#2019 = DIRECTION('',(1.,0.,0.));
#2020 = ORIENTED_EDGE('',*,*,#2021,.T.);
#2021 = EDGE_CURVE('',#2014,#2022,#2024,.T.);
#2022 = VERTEX_POINT('',#2023);
#2023 = CARTESIAN_POINT('',(-2.5,-0.975,6.E-02));
#2024 = LINE('',#2025,#2026);
#2025 = CARTESIAN_POINT('',(-3.,-0.975,6.E-02));
#2026 = VECTOR('',#2027,1.);
#2027 = DIRECTION('',(1.,0.,0.));
#2028 = ORIENTED_EDGE('',*,*,#2029,.T.);
#2029 = EDGE_CURVE('',#2022,#2030,#2032,.T.);
#2030 = VERTEX_POINT('',#2031);
#2031 = CARTESIAN_POINT('',(-2.5,-2.475,6.E-02));
#2032 = LINE('',#2033,#2034);
#2033 = CARTESIAN_POINT('',(-2.5,-0.975,6.E-02));
#2034 = VECTOR('',#2035,1.);
#2035 = DIRECTION('',(0.,-1.,2.590520390792E-16));
#2036 = ORIENTED_EDGE('',*,*,#2037,.T.);
#2037 = EDGE_CURVE('',#2030,#2038,#2040,.T.);
#2038 = VERTEX_POINT('',#2039);
#2039 = CARTESIAN_POINT('',(2.5,-2.475,6.E-02));
#2040 = LINE('',#2041,#2042);
#2041 = CARTESIAN_POINT('',(-3.,-2.475,6.E-02));
#2042 = VECTOR('',#2043,1.);
#2043 = DIRECTION('',(1.,0.,0.));
#2044 = ORIENTED_EDGE('',*,*,#2045,.F.);
#2045 = EDGE_CURVE('',#2046,#2038,#2048,.T.);
#2046 = VERTEX_POINT('',#2047);
#2047 = CARTESIAN_POINT('',(2.5,-0.975,6.E-02));
#2048 = LINE('',#2049,#2050);
#2049 = CARTESIAN_POINT('',(2.5,-0.975,6.E-02));
#2050 = VECTOR('',#2051,1.);
#2051 = DIRECTION('',(0.,-1.,2.590520390792E-16));
#2052 = ORIENTED_EDGE('',*,*,#2053,.T.);
#2053 = EDGE_CURVE('',#2046,#2054,#2056,.T.);
#2054 = VERTEX_POINT('',#2055);
#2055 = CARTESIAN_POINT('',(2.7,-0.975,6.E-02));
#2056 = LINE('',#2057,#2058);
#2057 = CARTESIAN_POINT('',(2.5,-0.975,6.E-02));
#2058 = VECTOR('',#2059,1.);
#2059 = DIRECTION('',(1.,0.,0.));
#2060 = ORIENTED_EDGE('',*,*,#2061,.T.);
#2061 = EDGE_CURVE('',#2054,#1871,#2062,.T.);
#2062 = LINE('',#2063,#2064);
#2063 = CARTESIAN_POINT('',(2.5,-0.975,6.E-02));
#2064 = VECTOR('',#2065,1.);
#2065 = DIRECTION('',(1.,0.,0.));
#2066 = PLANE('',#2067);
#2067 = AXIS2_PLACEMENT_3D('',#2068,#2069,#2070);
#2068 = CARTESIAN_POINT('',(-3.,1.775,6.E-02));
#2069 = DIRECTION('',(0.,1.110223024625E-16,1.));
#2070 = DIRECTION('',(0.,-1.,1.110223024625E-16));
#2071 = ADVANCED_FACE('',(#2072),#2090,.F.);
#2072 = FACE_BOUND('',#2073,.F.);
#2073 = EDGE_LOOP('',(#2074,#2075,#2083,#2089));
#2074 = ORIENTED_EDGE('',*,*,#1854,.F.);
#2075 = ORIENTED_EDGE('',*,*,#2076,.T.);
#2076 = EDGE_CURVE('',#1847,#2077,#2079,.T.);
#2077 = VERTEX_POINT('',#2078);
#2078 = CARTESIAN_POINT('',(-2.7,-0.975,0.61));
#2079 = LINE('',#2080,#2081);
#2080 = CARTESIAN_POINT('',(-3.,-0.975,0.61));
#2081 = VECTOR('',#2082,1.);
#2082 = DIRECTION('',(1.,0.,0.));
#2083 = ORIENTED_EDGE('',*,*,#2084,.T.);
#2084 = EDGE_CURVE('',#2077,#2014,#2085,.T.);
#2085 = LINE('',#2086,#2087);
#2086 = CARTESIAN_POINT('',(-2.7,-0.975,0.61));
#2087 = VECTOR('',#2088,1.);
#2088 = DIRECTION('',(0.,0.,-1.));
#2089 = ORIENTED_EDGE('',*,*,#2013,.F.);
#2090 = PLANE('',#2091);
#2091 = AXIS2_PLACEMENT_3D('',#2092,#2093,#2094);
#2092 = CARTESIAN_POINT('',(-3.,-0.975,0.61));
#2093 = DIRECTION('',(0.,1.,-1.110223024625E-16));
#2094 = DIRECTION('',(0.,-1.110223024625E-16,-1.));
#2095 = ADVANCED_FACE('',(#2096),#2114,.F.);
#2096 = FACE_BOUND('',#2097,.F.);
#2097 = EDGE_LOOP('',(#2098,#2099,#2107,#2113));
#2098 = ORIENTED_EDGE('',*,*,#1846,.F.);
#2099 = ORIENTED_EDGE('',*,*,#2100,.T.);
#2100 = EDGE_CURVE('',#1839,#2101,#2103,.T.);
#2101 = VERTEX_POINT('',#2102);
#2102 = CARTESIAN_POINT('',(-2.7,-1.975,0.61));
#2103 = LINE('',#2104,#2105);
#2104 = CARTESIAN_POINT('',(-3.,-1.975,0.61));
#2105 = VECTOR('',#2106,1.);
#2106 = DIRECTION('',(1.,0.,0.));
#2107 = ORIENTED_EDGE('',*,*,#2108,.T.);
#2108 = EDGE_CURVE('',#2101,#2077,#2109,.T.);
#2109 = LINE('',#2110,#2111);
#2110 = CARTESIAN_POINT('',(-2.7,-1.975,0.61));
#2111 = VECTOR('',#2112,1.);
#2112 = DIRECTION('',(0.,1.,0.));
#2113 = ORIENTED_EDGE('',*,*,#2076,.F.);
#2114 = PLANE('',#2115);
#2115 = AXIS2_PLACEMENT_3D('',#2116,#2117,#2118);
#2116 = CARTESIAN_POINT('',(-3.,-1.975,0.61));
#2117 = DIRECTION('',(0.,1.110223024625E-16,1.));
#2118 = DIRECTION('',(0.,1.,-1.110223024625E-16));
#2119 = ADVANCED_FACE('',(#2120),#2138,.F.);
#2120 = FACE_BOUND('',#2121,.F.);
#2121 = EDGE_LOOP('',(#2122,#2123,#2131,#2137));
#2122 = ORIENTED_EDGE('',*,*,#1838,.F.);
#2123 = ORIENTED_EDGE('',*,*,#2124,.T.);
#2124 = EDGE_CURVE('',#1831,#2125,#2127,.T.);
#2125 = VERTEX_POINT('',#2126);
#2126 = CARTESIAN_POINT('',(-2.7,-1.975,1.26));
#2127 = LINE('',#2128,#2129);
#2128 = CARTESIAN_POINT('',(-3.,-1.975,1.26));
#2129 = VECTOR('',#2130,1.);
#2130 = DIRECTION('',(1.,0.,0.));
#2131 = ORIENTED_EDGE('',*,*,#2132,.T.);
#2132 = EDGE_CURVE('',#2125,#2101,#2133,.T.);
#2133 = LINE('',#2134,#2135);
#2134 = CARTESIAN_POINT('',(-2.7,-1.975,1.26));
#2135 = VECTOR('',#2136,1.);
#2136 = DIRECTION('',(0.,0.,-1.));
#2137 = ORIENTED_EDGE('',*,*,#2100,.F.);
#2138 = PLANE('',#2139);
#2139 = AXIS2_PLACEMENT_3D('',#2140,#2141,#2142);
#2140 = CARTESIAN_POINT('',(-3.,-1.975,1.26));
#2141 = DIRECTION('',(0.,1.,-1.110223024625E-16));
#2142 = DIRECTION('',(0.,-1.110223024625E-16,-1.));
#2143 = ADVANCED_FACE('',(#2144),#2162,.F.);
#2144 = FACE_BOUND('',#2145,.F.);
#2145 = EDGE_LOOP('',(#2146,#2147,#2155,#2161));
#2146 = ORIENTED_EDGE('',*,*,#1830,.F.);
#2147 = ORIENTED_EDGE('',*,*,#2148,.T.);
#2148 = EDGE_CURVE('',#1823,#2149,#2151,.T.);
#2149 = VERTEX_POINT('',#2150);
#2150 = CARTESIAN_POINT('',(-2.7,-2.475,1.26));
#2151 = LINE('',#2152,#2153);
#2152 = CARTESIAN_POINT('',(-3.,-2.475,1.26));
#2153 = VECTOR('',#2154,1.);
#2154 = DIRECTION('',(1.,0.,0.));
#2155 = ORIENTED_EDGE('',*,*,#2156,.T.);
#2156 = EDGE_CURVE('',#2149,#2125,#2157,.T.);
#2157 = LINE('',#2158,#2159);
#2158 = CARTESIAN_POINT('',(-2.7,-2.475,1.26));
#2159 = VECTOR('',#2160,1.);
#2160 = DIRECTION('',(0.,1.,0.));
#2161 = ORIENTED_EDGE('',*,*,#2124,.F.);
#2162 = PLANE('',#2163);
#2163 = AXIS2_PLACEMENT_3D('',#2164,#2165,#2166);
#2164 = CARTESIAN_POINT('',(-3.,-2.475,1.26));
#2165 = DIRECTION('',(0.,1.110223024625E-16,1.));
#2166 = DIRECTION('',(0.,1.,-1.110223024625E-16));
#2167 = ADVANCED_FACE('',(#2168,#2225),#2323,.T.);
#2168 = FACE_BOUND('',#2169,.T.);
#2169 = EDGE_LOOP('',(#2170,#2171,#2172,#2180,#2186,#2187,#2195,#2203,
    #2211,#2219));
#2170 = ORIENTED_EDGE('',*,*,#1822,.F.);
#2171 = ORIENTED_EDGE('',*,*,#2148,.T.);
#2172 = ORIENTED_EDGE('',*,*,#2173,.T.);
#2173 = EDGE_CURVE('',#2149,#2174,#2176,.T.);
#2174 = VERTEX_POINT('',#2175);
#2175 = CARTESIAN_POINT('',(-2.5,-2.475,1.26));
#2176 = LINE('',#2177,#2178);
#2177 = CARTESIAN_POINT('',(-3.,-2.475,1.26));
#2178 = VECTOR('',#2179,1.);
#2179 = DIRECTION('',(1.,0.,0.));
#2180 = ORIENTED_EDGE('',*,*,#2181,.F.);
#2181 = EDGE_CURVE('',#2030,#2174,#2182,.T.);
#2182 = LINE('',#2183,#2184);
#2183 = CARTESIAN_POINT('',(-2.5,-2.475,6.E-02));
#2184 = VECTOR('',#2185,1.);
#2185 = DIRECTION('',(0.,1.110223024625E-16,1.));
#2186 = ORIENTED_EDGE('',*,*,#2037,.T.);
#2187 = ORIENTED_EDGE('',*,*,#2188,.T.);
#2188 = EDGE_CURVE('',#2038,#2189,#2191,.T.);
#2189 = VERTEX_POINT('',#2190);
#2190 = CARTESIAN_POINT('',(2.5,-2.475,1.26));
#2191 = LINE('',#2192,#2193);
#2192 = CARTESIAN_POINT('',(2.5,-2.475,6.E-02));
#2193 = VECTOR('',#2194,1.);
#2194 = DIRECTION('',(0.,1.110223024625E-16,1.));
#2195 = ORIENTED_EDGE('',*,*,#2196,.T.);
#2196 = EDGE_CURVE('',#2189,#2197,#2199,.T.);
#2197 = VERTEX_POINT('',#2198);
#2198 = CARTESIAN_POINT('',(2.7,-2.475,1.26));
#2199 = LINE('',#2200,#2201);
#2200 = CARTESIAN_POINT('',(2.5,-2.475,1.26));
#2201 = VECTOR('',#2202,1.);
#2202 = DIRECTION('',(1.,0.,0.));
#2203 = ORIENTED_EDGE('',*,*,#2204,.T.);
#2204 = EDGE_CURVE('',#2197,#2205,#2207,.T.);
#2205 = VERTEX_POINT('',#2206);
#2206 = CARTESIAN_POINT('',(3.,-2.475,1.26));
#2207 = LINE('',#2208,#2209);
#2208 = CARTESIAN_POINT('',(2.5,-2.475,1.26));
#2209 = VECTOR('',#2210,1.);
#2210 = DIRECTION('',(1.,0.,0.));
#2211 = ORIENTED_EDGE('',*,*,#2212,.T.);
#2212 = EDGE_CURVE('',#2205,#2213,#2215,.T.);
#2213 = VERTEX_POINT('',#2214);
#2214 = CARTESIAN_POINT('',(3.,-2.475,2.96));
#2215 = LINE('',#2216,#2217);
#2216 = CARTESIAN_POINT('',(3.,-2.475,6.E-02));
#2217 = VECTOR('',#2218,1.);
#2218 = DIRECTION('',(0.,1.110223024625E-16,1.));
#2219 = ORIENTED_EDGE('',*,*,#2220,.F.);
#2220 = EDGE_CURVE('',#1815,#2213,#2221,.T.);
#2221 = LINE('',#2222,#2223);
#2222 = CARTESIAN_POINT('',(-3.,-2.475,2.96));
#2223 = VECTOR('',#2224,1.);
#2224 = DIRECTION('',(1.,0.,0.));
#2225 = FACE_BOUND('',#2226,.T.);
#2226 = EDGE_LOOP('',(#2227,#2237,#2245,#2253,#2261,#2269,#2277,#2285,
    #2293,#2301,#2309,#2317));
#2227 = ORIENTED_EDGE('',*,*,#2228,.F.);
#2228 = EDGE_CURVE('',#2229,#2231,#2233,.T.);
#2229 = VERTEX_POINT('',#2230);
#2230 = CARTESIAN_POINT('',(2.2,-2.475,0.46));
#2231 = VERTEX_POINT('',#2232);
#2232 = CARTESIAN_POINT('',(2.2,-2.475,1.46));
#2233 = LINE('',#2234,#2235);
#2234 = CARTESIAN_POINT('',(2.2,-2.475,0.46));
#2235 = VECTOR('',#2236,1.);
#2236 = DIRECTION('',(0.,1.110223024625E-16,1.));
#2237 = ORIENTED_EDGE('',*,*,#2238,.F.);
#2238 = EDGE_CURVE('',#2239,#2229,#2241,.T.);
#2239 = VERTEX_POINT('',#2240);
#2240 = CARTESIAN_POINT('',(-2.2,-2.475,0.46));
#2241 = LINE('',#2242,#2243);
#2242 = CARTESIAN_POINT('',(-2.2,-2.475,0.46));
#2243 = VECTOR('',#2244,1.);
#2244 = DIRECTION('',(1.,0.,0.));
#2245 = ORIENTED_EDGE('',*,*,#2246,.F.);
#2246 = EDGE_CURVE('',#2247,#2239,#2249,.T.);
#2247 = VERTEX_POINT('',#2248);
#2248 = CARTESIAN_POINT('',(-2.2,-2.475,1.46));
#2249 = LINE('',#2250,#2251);
#2250 = CARTESIAN_POINT('',(-2.2,-2.475,2.56));
#2251 = VECTOR('',#2252,1.);
#2252 = DIRECTION('',(0.,-1.110223024625E-16,-1.));
#2253 = ORIENTED_EDGE('',*,*,#2254,.F.);
#2254 = EDGE_CURVE('',#2255,#2247,#2257,.T.);
#2255 = VERTEX_POINT('',#2256);
#2256 = CARTESIAN_POINT('',(-2.55,-2.475,1.46));
#2257 = LINE('',#2258,#2259);
#2258 = CARTESIAN_POINT('',(-2.55,-2.475,1.46));
#2259 = VECTOR('',#2260,1.);
#2260 = DIRECTION('',(1.,0.,0.));
#2261 = ORIENTED_EDGE('',*,*,#2262,.F.);
#2262 = EDGE_CURVE('',#2263,#2255,#2265,.T.);
#2263 = VERTEX_POINT('',#2264);
#2264 = CARTESIAN_POINT('',(-2.55,-2.475,2.06));
#2265 = LINE('',#2266,#2267);
#2266 = CARTESIAN_POINT('',(-2.55,-2.475,2.06));
#2267 = VECTOR('',#2268,1.);
#2268 = DIRECTION('',(0.,-1.110223024625E-16,-1.));
#2269 = ORIENTED_EDGE('',*,*,#2270,.F.);
#2270 = EDGE_CURVE('',#2271,#2263,#2273,.T.);
#2271 = VERTEX_POINT('',#2272);
#2272 = CARTESIAN_POINT('',(-2.2,-2.475,2.06));
#2273 = LINE('',#2274,#2275);
#2274 = CARTESIAN_POINT('',(2.55,-2.475,2.06));
#2275 = VECTOR('',#2276,1.);
#2276 = DIRECTION('',(-1.,0.,0.));
#2277 = ORIENTED_EDGE('',*,*,#2278,.F.);
#2278 = EDGE_CURVE('',#2279,#2271,#2281,.T.);
#2279 = VERTEX_POINT('',#2280);
#2280 = CARTESIAN_POINT('',(-2.2,-2.475,2.56));
#2281 = LINE('',#2282,#2283);
#2282 = CARTESIAN_POINT('',(-2.2,-2.475,2.56));
#2283 = VECTOR('',#2284,1.);
#2284 = DIRECTION('',(0.,-1.110223024625E-16,-1.));
#2285 = ORIENTED_EDGE('',*,*,#2286,.F.);
#2286 = EDGE_CURVE('',#2287,#2279,#2289,.T.);
#2287 = VERTEX_POINT('',#2288);
#2288 = CARTESIAN_POINT('',(2.2,-2.475,2.56));
#2289 = LINE('',#2290,#2291);
#2290 = CARTESIAN_POINT('',(2.2,-2.475,2.56));
#2291 = VECTOR('',#2292,1.);
#2292 = DIRECTION('',(-1.,0.,0.));
#2293 = ORIENTED_EDGE('',*,*,#2294,.F.);
#2294 = EDGE_CURVE('',#2295,#2287,#2297,.T.);
#2295 = VERTEX_POINT('',#2296);
#2296 = CARTESIAN_POINT('',(2.2,-2.475,2.06));
#2297 = LINE('',#2298,#2299);
#2298 = CARTESIAN_POINT('',(2.2,-2.475,0.46));
#2299 = VECTOR('',#2300,1.);
#2300 = DIRECTION('',(0.,1.110223024625E-16,1.));
#2301 = ORIENTED_EDGE('',*,*,#2302,.F.);
#2302 = EDGE_CURVE('',#2303,#2295,#2305,.T.);
#2303 = VERTEX_POINT('',#2304);
#2304 = CARTESIAN_POINT('',(2.55,-2.475,2.06));
#2305 = LINE('',#2306,#2307);
#2306 = CARTESIAN_POINT('',(2.55,-2.475,2.06));
#2307 = VECTOR('',#2308,1.);
#2308 = DIRECTION('',(-1.,0.,0.));
#2309 = ORIENTED_EDGE('',*,*,#2310,.F.);
#2310 = EDGE_CURVE('',#2311,#2303,#2313,.T.);
#2311 = VERTEX_POINT('',#2312);
#2312 = CARTESIAN_POINT('',(2.55,-2.475,1.46));
#2313 = LINE('',#2314,#2315);
#2314 = CARTESIAN_POINT('',(2.55,-2.475,1.46));
#2315 = VECTOR('',#2316,1.);
#2316 = DIRECTION('',(0.,1.110223024625E-16,1.));
#2317 = ORIENTED_EDGE('',*,*,#2318,.F.);
#2318 = EDGE_CURVE('',#2231,#2311,#2319,.T.);
#2319 = LINE('',#2320,#2321);
#2320 = CARTESIAN_POINT('',(-2.55,-2.475,1.46));
#2321 = VECTOR('',#2322,1.);
#2322 = DIRECTION('',(1.,0.,0.));
#2323 = PLANE('',#2324);
#2324 = AXIS2_PLACEMENT_3D('',#2325,#2326,#2327);
#2325 = CARTESIAN_POINT('',(-3.,-2.475,6.E-02));
#2326 = DIRECTION('',(0.,-1.,1.110223024625E-16));
#2327 = DIRECTION('',(1.,0.,0.));
#2328 = ADVANCED_FACE('',(#2329),#2379,.T.);
#2329 = FACE_BOUND('',#2330,.T.);
#2330 = EDGE_LOOP('',(#2331,#2341,#2349,#2355,#2356,#2357,#2365,#2373));
#2331 = ORIENTED_EDGE('',*,*,#2332,.F.);
#2332 = EDGE_CURVE('',#2333,#2335,#2337,.T.);
#2333 = VERTEX_POINT('',#2334);
#2334 = CARTESIAN_POINT('',(-2.5,1.775,2.96));
#2335 = VERTEX_POINT('',#2336);
#2336 = CARTESIAN_POINT('',(2.5,1.775,2.96));
#2337 = LINE('',#2338,#2339);
#2338 = CARTESIAN_POINT('',(-3.,1.775,2.96));
#2339 = VECTOR('',#2340,1.);
#2340 = DIRECTION('',(1.,0.,0.));
#2341 = ORIENTED_EDGE('',*,*,#2342,.F.);
#2342 = EDGE_CURVE('',#2343,#2333,#2345,.T.);
#2343 = VERTEX_POINT('',#2344);
#2344 = CARTESIAN_POINT('',(-2.5,0.286,2.96));
#2345 = LINE('',#2346,#2347);
#2346 = CARTESIAN_POINT('',(-2.5,0.286,2.96));
#2347 = VECTOR('',#2348,1.);
#2348 = DIRECTION('',(0.,1.,-1.110223024625E-16));
#2349 = ORIENTED_EDGE('',*,*,#2350,.F.);
#2350 = EDGE_CURVE('',#1807,#2343,#2351,.T.);
#2351 = LINE('',#2352,#2353);
#2352 = CARTESIAN_POINT('',(-3.,0.286,2.96));
#2353 = VECTOR('',#2354,1.);
#2354 = DIRECTION('',(1.,0.,0.));
#2355 = ORIENTED_EDGE('',*,*,#1814,.T.);
#2356 = ORIENTED_EDGE('',*,*,#2220,.T.);
#2357 = ORIENTED_EDGE('',*,*,#2358,.F.);
#2358 = EDGE_CURVE('',#2359,#2213,#2361,.T.);
#2359 = VERTEX_POINT('',#2360);
#2360 = CARTESIAN_POINT('',(3.,0.286,2.96));
#2361 = LINE('',#2362,#2363);
#2362 = CARTESIAN_POINT('',(3.,1.775,2.96));
#2363 = VECTOR('',#2364,1.);
#2364 = DIRECTION('',(0.,-1.,1.110223024625E-16));
#2365 = ORIENTED_EDGE('',*,*,#2366,.F.);
#2366 = EDGE_CURVE('',#2367,#2359,#2369,.T.);
#2367 = VERTEX_POINT('',#2368);
#2368 = CARTESIAN_POINT('',(2.5,0.286,2.96));
#2369 = LINE('',#2370,#2371);
#2370 = CARTESIAN_POINT('',(2.5,0.286,2.96));
#2371 = VECTOR('',#2372,1.);
#2372 = DIRECTION('',(1.,0.,0.));
#2373 = ORIENTED_EDGE('',*,*,#2374,.T.);
#2374 = EDGE_CURVE('',#2367,#2335,#2375,.T.);
#2375 = LINE('',#2376,#2377);
#2376 = CARTESIAN_POINT('',(2.5,0.286,2.96));
#2377 = VECTOR('',#2378,1.);
#2378 = DIRECTION('',(0.,1.,-1.110223024625E-16));
#2379 = PLANE('',#2380);
#2380 = AXIS2_PLACEMENT_3D('',#2381,#2382,#2383);
#2381 = CARTESIAN_POINT('',(-3.,1.775,2.96));
#2382 = DIRECTION('',(0.,1.110223024625E-16,1.));
#2383 = DIRECTION('',(0.,-1.,1.110223024625E-16));
#2384 = ADVANCED_FACE('',(#2385),#2403,.F.);
#2385 = FACE_BOUND('',#2386,.F.);
#2386 = EDGE_LOOP('',(#2387,#2395,#2401,#2402));
#2387 = ORIENTED_EDGE('',*,*,#2388,.T.);
#2388 = EDGE_CURVE('',#1799,#2389,#2391,.T.);
#2389 = VERTEX_POINT('',#2390);
#2390 = CARTESIAN_POINT('',(-2.5,0.575,2.46));
#2391 = LINE('',#2392,#2393);
#2392 = CARTESIAN_POINT('',(-3.,0.575,2.46));
#2393 = VECTOR('',#2394,1.);
#2394 = DIRECTION('',(1.,0.,0.));
#2395 = ORIENTED_EDGE('',*,*,#2396,.T.);
#2396 = EDGE_CURVE('',#2389,#2343,#2397,.T.);
#2397 = LINE('',#2398,#2399);
#2398 = CARTESIAN_POINT('',(-2.5,0.575,2.46));
#2399 = VECTOR('',#2400,1.);
#2400 = DIRECTION('',(0.,-0.500421834463,0.865781720524));
#2401 = ORIENTED_EDGE('',*,*,#2350,.F.);
#2402 = ORIENTED_EDGE('',*,*,#1806,.F.);
#2403 = PLANE('',#2404);
#2404 = AXIS2_PLACEMENT_3D('',#2405,#2406,#2407);
#2405 = CARTESIAN_POINT('',(-3.,0.575,2.46));
#2406 = DIRECTION('',(0.,-0.865781720524,-0.500421834463));
#2407 = DIRECTION('',(0.,-0.500421834463,0.865781720524));
#2408 = ADVANCED_FACE('',(#2409),#2427,.F.);
#2409 = FACE_BOUND('',#2410,.F.);
#2410 = EDGE_LOOP('',(#2411,#2419,#2425,#2426));
#2411 = ORIENTED_EDGE('',*,*,#2412,.T.);
#2412 = EDGE_CURVE('',#1791,#2413,#2415,.T.);
#2413 = VERTEX_POINT('',#2414);
#2414 = CARTESIAN_POINT('',(-2.5,1.225,2.46));
#2415 = LINE('',#2416,#2417);
#2416 = CARTESIAN_POINT('',(-3.,1.225,2.46));
#2417 = VECTOR('',#2418,1.);
#2418 = DIRECTION('',(1.,0.,0.));
#2419 = ORIENTED_EDGE('',*,*,#2420,.T.);
#2420 = EDGE_CURVE('',#2413,#2389,#2421,.T.);
#2421 = LINE('',#2422,#2423);
#2422 = CARTESIAN_POINT('',(-2.5,1.225,2.46));
#2423 = VECTOR('',#2424,1.);
#2424 = DIRECTION('',(0.,-1.,1.110223024625E-16));
#2425 = ORIENTED_EDGE('',*,*,#2388,.F.);
#2426 = ORIENTED_EDGE('',*,*,#1798,.F.);
#2427 = PLANE('',#2428);
#2428 = AXIS2_PLACEMENT_3D('',#2429,#2430,#2431);
#2429 = CARTESIAN_POINT('',(-3.,1.225,2.46));
#2430 = DIRECTION('',(0.,-1.110223024625E-16,-1.));
#2431 = DIRECTION('',(0.,-1.,1.110223024625E-16));
#2432 = ADVANCED_FACE('',(#2433),#2451,.F.);
#2433 = FACE_BOUND('',#2434,.F.);
#2434 = EDGE_LOOP('',(#2435,#2443,#2449,#2450));
#2435 = ORIENTED_EDGE('',*,*,#2436,.T.);
#2436 = EDGE_CURVE('',#1783,#2437,#2439,.T.);
#2437 = VERTEX_POINT('',#2438);
#2438 = CARTESIAN_POINT('',(-2.5,1.225,1.46));
#2439 = LINE('',#2440,#2441);
#2440 = CARTESIAN_POINT('',(-3.,1.225,1.46));
#2441 = VECTOR('',#2442,1.);
#2442 = DIRECTION('',(1.,0.,0.));
#2443 = ORIENTED_EDGE('',*,*,#2444,.T.);
#2444 = EDGE_CURVE('',#2437,#2413,#2445,.T.);
#2445 = LINE('',#2446,#2447);
#2446 = CARTESIAN_POINT('',(-2.5,1.225,1.46));
#2447 = VECTOR('',#2448,1.);
#2448 = DIRECTION('',(0.,1.110223024625E-16,1.));
#2449 = ORIENTED_EDGE('',*,*,#2412,.F.);
#2450 = ORIENTED_EDGE('',*,*,#1790,.F.);
#2451 = PLANE('',#2452);
#2452 = AXIS2_PLACEMENT_3D('',#2453,#2454,#2455);
#2453 = CARTESIAN_POINT('',(-3.,1.225,1.46));
#2454 = DIRECTION('',(0.,-1.,1.110223024625E-16));
#2455 = DIRECTION('',(0.,1.110223024625E-16,1.));
#2456 = ADVANCED_FACE('',(#2457),#2475,.F.);
#2457 = FACE_BOUND('',#2458,.F.);
#2458 = EDGE_LOOP('',(#2459,#2467,#2473,#2474));
#2459 = ORIENTED_EDGE('',*,*,#2460,.T.);
#2460 = EDGE_CURVE('',#1775,#2461,#2463,.T.);
#2461 = VERTEX_POINT('',#2462);
#2462 = CARTESIAN_POINT('',(-2.5,1.775,1.46));
#2463 = LINE('',#2464,#2465);
#2464 = CARTESIAN_POINT('',(-3.,1.775,1.46));
#2465 = VECTOR('',#2466,1.);
#2466 = DIRECTION('',(1.,0.,0.));
#2467 = ORIENTED_EDGE('',*,*,#2468,.T.);
#2468 = EDGE_CURVE('',#2461,#2437,#2469,.T.);
#2469 = LINE('',#2470,#2471);
#2470 = CARTESIAN_POINT('',(-2.5,1.775,1.46));
#2471 = VECTOR('',#2472,1.);
#2472 = DIRECTION('',(0.,-1.,1.110223024625E-16));
#2473 = ORIENTED_EDGE('',*,*,#2436,.F.);
#2474 = ORIENTED_EDGE('',*,*,#1782,.F.);
#2475 = PLANE('',#2476);
#2476 = AXIS2_PLACEMENT_3D('',#2477,#2478,#2479);
#2477 = CARTESIAN_POINT('',(-3.,1.775,1.46));
#2478 = DIRECTION('',(0.,-1.110223024625E-16,-1.));
#2479 = DIRECTION('',(0.,-1.,1.110223024625E-16));
#2480 = ADVANCED_FACE('',(#2481),#2607,.F.);
#2481 = FACE_BOUND('',#2482,.F.);
#2482 = EDGE_LOOP('',(#2483,#2484,#2485,#2493,#2501,#2507,#2508,#2516,
    #2524,#2530,#2531,#2539,#2547,#2553,#2554,#2562,#2570,#2576,#2577,
    #2585,#2593,#2599,#2600,#2606));
#2483 = ORIENTED_EDGE('',*,*,#1774,.F.);
#2484 = ORIENTED_EDGE('',*,*,#2006,.T.);
#2485 = ORIENTED_EDGE('',*,*,#2486,.T.);
#2486 = EDGE_CURVE('',#1999,#2487,#2489,.T.);
#2487 = VERTEX_POINT('',#2488);
#2488 = CARTESIAN_POINT('',(-1.6,1.775,0.2));
#2489 = LINE('',#2490,#2491);
#2490 = CARTESIAN_POINT('',(-1.6,1.775,6.E-02));
#2491 = VECTOR('',#2492,1.);
#2492 = DIRECTION('',(0.,0.,1.));
#2493 = ORIENTED_EDGE('',*,*,#2494,.T.);
#2494 = EDGE_CURVE('',#2487,#2495,#2497,.T.);
#2495 = VERTEX_POINT('',#2496);
#2496 = CARTESIAN_POINT('',(-1.4,1.775,0.2));
#2497 = LINE('',#2498,#2499);
#2498 = CARTESIAN_POINT('',(-1.6,1.775,0.2));
#2499 = VECTOR('',#2500,1.);
#2500 = DIRECTION('',(1.,0.,0.));
#2501 = ORIENTED_EDGE('',*,*,#2502,.F.);
#2502 = EDGE_CURVE('',#1975,#2495,#2503,.T.);
#2503 = LINE('',#2504,#2505);
#2504 = CARTESIAN_POINT('',(-1.4,1.775,6.E-02));
#2505 = VECTOR('',#2506,1.);
#2506 = DIRECTION('',(0.,0.,1.));
#2507 = ORIENTED_EDGE('',*,*,#1974,.T.);
#2508 = ORIENTED_EDGE('',*,*,#2509,.T.);
#2509 = EDGE_CURVE('',#1967,#2510,#2512,.T.);
#2510 = VERTEX_POINT('',#2511);
#2511 = CARTESIAN_POINT('',(-0.6,1.775,0.2));
#2512 = LINE('',#2513,#2514);
#2513 = CARTESIAN_POINT('',(-0.6,1.775,6.E-02));
#2514 = VECTOR('',#2515,1.);
#2515 = DIRECTION('',(0.,0.,1.));
#2516 = ORIENTED_EDGE('',*,*,#2517,.T.);
#2517 = EDGE_CURVE('',#2510,#2518,#2520,.T.);
#2518 = VERTEX_POINT('',#2519);
#2519 = CARTESIAN_POINT('',(-0.4,1.775,0.2));
#2520 = LINE('',#2521,#2522);
#2521 = CARTESIAN_POINT('',(-0.6,1.775,0.2));
#2522 = VECTOR('',#2523,1.);
#2523 = DIRECTION('',(1.,0.,0.));
#2524 = ORIENTED_EDGE('',*,*,#2525,.F.);
#2525 = EDGE_CURVE('',#1943,#2518,#2526,.T.);
#2526 = LINE('',#2527,#2528);
#2527 = CARTESIAN_POINT('',(-0.4,1.775,6.E-02));
#2528 = VECTOR('',#2529,1.);
#2529 = DIRECTION('',(0.,0.,1.));
#2530 = ORIENTED_EDGE('',*,*,#1942,.T.);
#2531 = ORIENTED_EDGE('',*,*,#2532,.T.);
#2532 = EDGE_CURVE('',#1935,#2533,#2535,.T.);
#2533 = VERTEX_POINT('',#2534);
#2534 = CARTESIAN_POINT('',(0.4,1.775,0.2));
#2535 = LINE('',#2536,#2537);
#2536 = CARTESIAN_POINT('',(0.4,1.775,6.E-02));
#2537 = VECTOR('',#2538,1.);
#2538 = DIRECTION('',(0.,0.,1.));
#2539 = ORIENTED_EDGE('',*,*,#2540,.T.);
#2540 = EDGE_CURVE('',#2533,#2541,#2543,.T.);
#2541 = VERTEX_POINT('',#2542);
#2542 = CARTESIAN_POINT('',(0.6,1.775,0.2));
#2543 = LINE('',#2544,#2545);
#2544 = CARTESIAN_POINT('',(0.4,1.775,0.2));
#2545 = VECTOR('',#2546,1.);
#2546 = DIRECTION('',(1.,0.,0.));
#2547 = ORIENTED_EDGE('',*,*,#2548,.F.);
#2548 = EDGE_CURVE('',#1911,#2541,#2549,.T.);
#2549 = LINE('',#2550,#2551);
#2550 = CARTESIAN_POINT('',(0.6,1.775,6.E-02));
#2551 = VECTOR('',#2552,1.);
#2552 = DIRECTION('',(0.,0.,1.));
#2553 = ORIENTED_EDGE('',*,*,#1910,.T.);
#2554 = ORIENTED_EDGE('',*,*,#2555,.T.);
#2555 = EDGE_CURVE('',#1903,#2556,#2558,.T.);
#2556 = VERTEX_POINT('',#2557);
#2557 = CARTESIAN_POINT('',(1.4,1.775,0.2));
#2558 = LINE('',#2559,#2560);
#2559 = CARTESIAN_POINT('',(1.4,1.775,6.E-02));
#2560 = VECTOR('',#2561,1.);
#2561 = DIRECTION('',(0.,0.,1.));
#2562 = ORIENTED_EDGE('',*,*,#2563,.T.);
#2563 = EDGE_CURVE('',#2556,#2564,#2566,.T.);
#2564 = VERTEX_POINT('',#2565);
#2565 = CARTESIAN_POINT('',(1.6,1.775,0.2));
#2566 = LINE('',#2567,#2568);
#2567 = CARTESIAN_POINT('',(1.4,1.775,0.2));
#2568 = VECTOR('',#2569,1.);
#2569 = DIRECTION('',(1.,0.,0.));
#2570 = ORIENTED_EDGE('',*,*,#2571,.F.);
#2571 = EDGE_CURVE('',#1879,#2564,#2572,.T.);
#2572 = LINE('',#2573,#2574);
#2573 = CARTESIAN_POINT('',(1.6,1.775,6.E-02));
#2574 = VECTOR('',#2575,1.);
#2575 = DIRECTION('',(0.,0.,1.));
#2576 = ORIENTED_EDGE('',*,*,#1878,.T.);
#2577 = ORIENTED_EDGE('',*,*,#2578,.T.);
#2578 = EDGE_CURVE('',#1869,#2579,#2581,.T.);
#2579 = VERTEX_POINT('',#2580);
#2580 = CARTESIAN_POINT('',(3.,1.775,1.46));
#2581 = LINE('',#2582,#2583);
#2582 = CARTESIAN_POINT('',(3.,1.775,6.E-02));
#2583 = VECTOR('',#2584,1.);
#2584 = DIRECTION('',(0.,1.110223024625E-16,1.));
#2585 = ORIENTED_EDGE('',*,*,#2586,.F.);
#2586 = EDGE_CURVE('',#2587,#2579,#2589,.T.);
#2587 = VERTEX_POINT('',#2588);
#2588 = CARTESIAN_POINT('',(2.5,1.775,1.46));
#2589 = LINE('',#2590,#2591);
#2590 = CARTESIAN_POINT('',(2.5,1.775,1.46));
#2591 = VECTOR('',#2592,1.);
#2592 = DIRECTION('',(1.,0.,0.));
#2593 = ORIENTED_EDGE('',*,*,#2594,.F.);
#2594 = EDGE_CURVE('',#2335,#2587,#2595,.T.);
#2595 = LINE('',#2596,#2597);
#2596 = CARTESIAN_POINT('',(2.5,1.775,2.96));
#2597 = VECTOR('',#2598,1.);
#2598 = DIRECTION('',(0.,-1.110223024625E-16,-1.));
#2599 = ORIENTED_EDGE('',*,*,#2332,.F.);
#2600 = ORIENTED_EDGE('',*,*,#2601,.T.);
#2601 = EDGE_CURVE('',#2333,#2461,#2602,.T.);
#2602 = LINE('',#2603,#2604);
#2603 = CARTESIAN_POINT('',(-2.5,1.775,2.96));
#2604 = VECTOR('',#2605,1.);
#2605 = DIRECTION('',(0.,-1.110223024625E-16,-1.));
#2606 = ORIENTED_EDGE('',*,*,#2460,.F.);
#2607 = PLANE('',#2608);
#2608 = AXIS2_PLACEMENT_3D('',#2609,#2610,#2611);
#2609 = CARTESIAN_POINT('',(-3.,1.775,6.E-02));
#2610 = DIRECTION('',(0.,-1.,1.110223024625E-16));
#2611 = DIRECTION('',(1.,0.,0.));
#2612 = ADVANCED_FACE('',(#2613),#2679,.T.);
#2613 = FACE_BOUND('',#2614,.T.);
#2614 = EDGE_LOOP('',(#2615,#2616,#2617,#2625,#2633,#2641,#2647,#2648,
    #2649,#2657,#2665,#2673));
#2615 = ORIENTED_EDGE('',*,*,#1868,.F.);
#2616 = ORIENTED_EDGE('',*,*,#2578,.T.);
#2617 = ORIENTED_EDGE('',*,*,#2618,.T.);
#2618 = EDGE_CURVE('',#2579,#2619,#2621,.T.);
#2619 = VERTEX_POINT('',#2620);
#2620 = CARTESIAN_POINT('',(3.,1.225,1.46));
#2621 = LINE('',#2622,#2623);
#2622 = CARTESIAN_POINT('',(3.,1.775,1.46));
#2623 = VECTOR('',#2624,1.);
#2624 = DIRECTION('',(0.,-1.,1.110223024625E-16));
#2625 = ORIENTED_EDGE('',*,*,#2626,.T.);
#2626 = EDGE_CURVE('',#2619,#2627,#2629,.T.);
#2627 = VERTEX_POINT('',#2628);
#2628 = CARTESIAN_POINT('',(3.,1.225,2.46));
#2629 = LINE('',#2630,#2631);
#2630 = CARTESIAN_POINT('',(3.,1.225,1.46));
#2631 = VECTOR('',#2632,1.);
#2632 = DIRECTION('',(0.,1.110223024625E-16,1.));
#2633 = ORIENTED_EDGE('',*,*,#2634,.T.);
#2634 = EDGE_CURVE('',#2627,#2635,#2637,.T.);
#2635 = VERTEX_POINT('',#2636);
#2636 = CARTESIAN_POINT('',(3.,0.575,2.46));
#2637 = LINE('',#2638,#2639);
#2638 = CARTESIAN_POINT('',(3.,1.225,2.46));
#2639 = VECTOR('',#2640,1.);
#2640 = DIRECTION('',(0.,-1.,1.110223024625E-16));
#2641 = ORIENTED_EDGE('',*,*,#2642,.T.);
#2642 = EDGE_CURVE('',#2635,#2359,#2643,.T.);
#2643 = LINE('',#2644,#2645);
#2644 = CARTESIAN_POINT('',(3.,0.575,2.46));
#2645 = VECTOR('',#2646,1.);
#2646 = DIRECTION('',(0.,-0.500421834463,0.865781720524));
#2647 = ORIENTED_EDGE('',*,*,#2358,.T.);
#2648 = ORIENTED_EDGE('',*,*,#2212,.F.);
#2649 = ORIENTED_EDGE('',*,*,#2650,.T.);
#2650 = EDGE_CURVE('',#2205,#2651,#2653,.T.);
#2651 = VERTEX_POINT('',#2652);
#2652 = CARTESIAN_POINT('',(3.,-1.975,1.26));
#2653 = LINE('',#2654,#2655);
#2654 = CARTESIAN_POINT('',(3.,-2.475,1.26));
#2655 = VECTOR('',#2656,1.);
#2656 = DIRECTION('',(0.,1.,-1.110223024625E-16));
#2657 = ORIENTED_EDGE('',*,*,#2658,.T.);
#2658 = EDGE_CURVE('',#2651,#2659,#2661,.T.);
#2659 = VERTEX_POINT('',#2660);
#2660 = CARTESIAN_POINT('',(3.,-1.975,0.61));
#2661 = LINE('',#2662,#2663);
#2662 = CARTESIAN_POINT('',(3.,-1.975,1.26));
#2663 = VECTOR('',#2664,1.);
#2664 = DIRECTION('',(0.,-1.110223024625E-16,-1.));
#2665 = ORIENTED_EDGE('',*,*,#2666,.T.);
#2666 = EDGE_CURVE('',#2659,#2667,#2669,.T.);
#2667 = VERTEX_POINT('',#2668);
#2668 = CARTESIAN_POINT('',(3.,-0.975,0.61));
#2669 = LINE('',#2670,#2671);
#2670 = CARTESIAN_POINT('',(3.,-1.975,0.61));
#2671 = VECTOR('',#2672,1.);
#2672 = DIRECTION('',(0.,1.,-1.110223024625E-16));
#2673 = ORIENTED_EDGE('',*,*,#2674,.T.);
#2674 = EDGE_CURVE('',#2667,#1871,#2675,.T.);
#2675 = LINE('',#2676,#2677);
#2676 = CARTESIAN_POINT('',(3.,-0.975,0.61));
#2677 = VECTOR('',#2678,1.);
#2678 = DIRECTION('',(0.,-1.110223024625E-16,-1.));
#2679 = PLANE('',#2680);
#2680 = AXIS2_PLACEMENT_3D('',#2681,#2682,#2683);
#2681 = CARTESIAN_POINT('',(3.,1.775,6.E-02));
#2682 = DIRECTION('',(1.,0.,0.));
#2683 = DIRECTION('',(0.,-1.,1.110223024625E-16));
#2684 = ADVANCED_FACE('',(#2685),#2703,.F.);
#2685 = FACE_BOUND('',#2686,.F.);
#2686 = EDGE_LOOP('',(#2687,#2695,#2701,#2702));
#2687 = ORIENTED_EDGE('',*,*,#2688,.F.);
#2688 = EDGE_CURVE('',#2689,#2054,#2691,.T.);
#2689 = VERTEX_POINT('',#2690);
#2690 = CARTESIAN_POINT('',(2.7,-0.975,0.61));
#2691 = LINE('',#2692,#2693);
#2692 = CARTESIAN_POINT('',(2.7,-0.975,0.61));
#2693 = VECTOR('',#2694,1.);
#2694 = DIRECTION('',(0.,0.,-1.));
#2695 = ORIENTED_EDGE('',*,*,#2696,.T.);
#2696 = EDGE_CURVE('',#2689,#2667,#2697,.T.);
#2697 = LINE('',#2698,#2699);
#2698 = CARTESIAN_POINT('',(2.5,-0.975,0.61));
#2699 = VECTOR('',#2700,1.);
#2700 = DIRECTION('',(1.,0.,0.));
#2701 = ORIENTED_EDGE('',*,*,#2674,.T.);
#2702 = ORIENTED_EDGE('',*,*,#2061,.F.);
#2703 = PLANE('',#2704);
#2704 = AXIS2_PLACEMENT_3D('',#2705,#2706,#2707);
#2705 = CARTESIAN_POINT('',(2.5,-0.975,0.61));
#2706 = DIRECTION('',(0.,1.,-1.110223024625E-16));
#2707 = DIRECTION('',(0.,-1.110223024625E-16,-1.));
#2708 = ADVANCED_FACE('',(#2709),#2734,.T.);
#2709 = FACE_BOUND('',#2710,.T.);
#2710 = EDGE_LOOP('',(#2711,#2719,#2720,#2728));
#2711 = ORIENTED_EDGE('',*,*,#2712,.F.);
#2712 = EDGE_CURVE('',#2046,#2713,#2715,.T.);
#2713 = VERTEX_POINT('',#2714);
#2714 = CARTESIAN_POINT('',(2.5,-0.975,1.E-02));
#2715 = LINE('',#2716,#2717);
#2716 = CARTESIAN_POINT('',(2.5,-0.975,0.61));
#2717 = VECTOR('',#2718,1.);
#2718 = DIRECTION('',(0.,0.,-1.));
#2719 = ORIENTED_EDGE('',*,*,#2053,.T.);
#2720 = ORIENTED_EDGE('',*,*,#2721,.T.);
#2721 = EDGE_CURVE('',#2054,#2722,#2724,.T.);
#2722 = VERTEX_POINT('',#2723);
#2723 = CARTESIAN_POINT('',(2.7,-0.975,1.E-02));
#2724 = LINE('',#2725,#2726);
#2725 = CARTESIAN_POINT('',(2.7,-0.975,0.61));
#2726 = VECTOR('',#2727,1.);
#2727 = DIRECTION('',(0.,0.,-1.));
#2728 = ORIENTED_EDGE('',*,*,#2729,.F.);
#2729 = EDGE_CURVE('',#2713,#2722,#2730,.T.);
#2730 = LINE('',#2731,#2732);
#2731 = CARTESIAN_POINT('',(2.5,-0.975,1.E-02));
#2732 = VECTOR('',#2733,1.);
#2733 = DIRECTION('',(1.,0.,0.));
#2734 = PLANE('',#2735);
#2735 = AXIS2_PLACEMENT_3D('',#2736,#2737,#2738);
#2736 = CARTESIAN_POINT('',(2.5,-0.975,0.61));
#2737 = DIRECTION('',(0.,1.,0.));
#2738 = DIRECTION('',(0.,0.,-1.));
#2739 = ADVANCED_FACE('',(#2740),#2758,.T.);
#2740 = FACE_BOUND('',#2741,.T.);
#2741 = EDGE_LOOP('',(#2742,#2750,#2756,#2757));
#2742 = ORIENTED_EDGE('',*,*,#2743,.T.);
#2743 = EDGE_CURVE('',#2713,#2744,#2746,.T.);
#2744 = VERTEX_POINT('',#2745);
#2745 = CARTESIAN_POINT('',(2.5,-2.475,1.E-02));
#2746 = LINE('',#2747,#2748);
#2747 = CARTESIAN_POINT('',(2.5,-0.975,1.E-02));
#2748 = VECTOR('',#2749,1.);
#2749 = DIRECTION('',(0.,-1.,-5.782411586589E-18));
#2750 = ORIENTED_EDGE('',*,*,#2751,.T.);
#2751 = EDGE_CURVE('',#2744,#2038,#2752,.T.);
#2752 = LINE('',#2753,#2754);
#2753 = CARTESIAN_POINT('',(2.5,-2.475,1.E-02));
#2754 = VECTOR('',#2755,1.);
#2755 = DIRECTION('',(0.,0.,1.));
#2756 = ORIENTED_EDGE('',*,*,#2045,.F.);
#2757 = ORIENTED_EDGE('',*,*,#2712,.T.);
#2758 = PLANE('',#2759);
#2759 = AXIS2_PLACEMENT_3D('',#2760,#2761,#2762);
#2760 = CARTESIAN_POINT('',(2.5,-1.843181818182,0.516818181818));
#2761 = DIRECTION('',(-1.,-0.,-0.));
#2762 = DIRECTION('',(0.,0.,-1.));
#2763 = ADVANCED_FACE('',(#2764),#2789,.F.);
#2764 = FACE_BOUND('',#2765,.F.);
#2765 = EDGE_LOOP('',(#2766,#2776,#2782,#2783));
#2766 = ORIENTED_EDGE('',*,*,#2767,.T.);
#2767 = EDGE_CURVE('',#2768,#2770,#2772,.T.);
#2768 = VERTEX_POINT('',#2769);
#2769 = CARTESIAN_POINT('',(-2.5,-0.975,1.E-02));
#2770 = VERTEX_POINT('',#2771);
#2771 = CARTESIAN_POINT('',(-2.5,-2.475,1.E-02));
#2772 = LINE('',#2773,#2774);
#2773 = CARTESIAN_POINT('',(-2.5,-0.975,1.E-02));
#2774 = VECTOR('',#2775,1.);
#2775 = DIRECTION('',(0.,-1.,-5.782411586589E-18));
#2776 = ORIENTED_EDGE('',*,*,#2777,.T.);
#2777 = EDGE_CURVE('',#2770,#2030,#2778,.T.);
#2778 = LINE('',#2779,#2780);
#2779 = CARTESIAN_POINT('',(-2.5,-2.475,1.E-02));
#2780 = VECTOR('',#2781,1.);
#2781 = DIRECTION('',(0.,0.,1.));
#2782 = ORIENTED_EDGE('',*,*,#2029,.F.);
#2783 = ORIENTED_EDGE('',*,*,#2784,.T.);
#2784 = EDGE_CURVE('',#2022,#2768,#2785,.T.);
#2785 = LINE('',#2786,#2787);
#2786 = CARTESIAN_POINT('',(-2.5,-0.975,0.61));
#2787 = VECTOR('',#2788,1.);
#2788 = DIRECTION('',(0.,0.,-1.));
#2789 = PLANE('',#2790);
#2790 = AXIS2_PLACEMENT_3D('',#2791,#2792,#2793);
#2791 = CARTESIAN_POINT('',(-2.5,-1.843181818182,0.516818181818));
#2792 = DIRECTION('',(-1.,-0.,-0.));
#2793 = DIRECTION('',(0.,0.,-1.));
#2794 = ADVANCED_FACE('',(#2795),#2813,.T.);
#2795 = FACE_BOUND('',#2796,.T.);
#2796 = EDGE_LOOP('',(#2797,#2805,#2806,#2807));
#2797 = ORIENTED_EDGE('',*,*,#2798,.F.);
#2798 = EDGE_CURVE('',#2014,#2799,#2801,.T.);
#2799 = VERTEX_POINT('',#2800);
#2800 = CARTESIAN_POINT('',(-2.7,-0.975,1.E-02));
#2801 = LINE('',#2802,#2803);
#2802 = CARTESIAN_POINT('',(-2.7,-0.975,0.61));
#2803 = VECTOR('',#2804,1.);
#2804 = DIRECTION('',(0.,0.,-1.));
#2805 = ORIENTED_EDGE('',*,*,#2021,.T.);
#2806 = ORIENTED_EDGE('',*,*,#2784,.T.);
#2807 = ORIENTED_EDGE('',*,*,#2808,.F.);
#2808 = EDGE_CURVE('',#2799,#2768,#2809,.T.);
#2809 = LINE('',#2810,#2811);
#2810 = CARTESIAN_POINT('',(-2.7,-0.975,1.E-02));
#2811 = VECTOR('',#2812,1.);
#2812 = DIRECTION('',(1.,0.,0.));
#2813 = PLANE('',#2814);
#2814 = AXIS2_PLACEMENT_3D('',#2815,#2816,#2817);
#2815 = CARTESIAN_POINT('',(-2.7,-0.975,0.61));
#2816 = DIRECTION('',(0.,1.,0.));
#2817 = DIRECTION('',(0.,0.,-1.));
#2818 = ADVANCED_FACE('',(#2819),#2853,.T.);
#2819 = FACE_BOUND('',#2820,.T.);
#2820 = EDGE_LOOP('',(#2821,#2829,#2830,#2831,#2839,#2847));
#2821 = ORIENTED_EDGE('',*,*,#2822,.T.);
#2822 = EDGE_CURVE('',#2823,#1991,#2825,.T.);
#2823 = VERTEX_POINT('',#2824);
#2824 = CARTESIAN_POINT('',(-1.6,1.675,0.));
#2825 = LINE('',#2826,#2827);
#2826 = CARTESIAN_POINT('',(-1.6,1.675,0.));
#2827 = VECTOR('',#2828,1.);
#2828 = DIRECTION('',(0.,0.,1.));
#2829 = ORIENTED_EDGE('',*,*,#1998,.T.);
#2830 = ORIENTED_EDGE('',*,*,#2486,.T.);
#2831 = ORIENTED_EDGE('',*,*,#2832,.T.);
#2832 = EDGE_CURVE('',#2487,#2833,#2835,.T.);
#2833 = VERTEX_POINT('',#2834);
#2834 = CARTESIAN_POINT('',(-1.6,2.475,0.2));
#2835 = LINE('',#2836,#2837);
#2836 = CARTESIAN_POINT('',(-1.6,1.775,0.2));
#2837 = VECTOR('',#2838,1.);
#2838 = DIRECTION('',(0.,1.,0.));
#2839 = ORIENTED_EDGE('',*,*,#2840,.T.);
#2840 = EDGE_CURVE('',#2833,#2841,#2843,.T.);
#2841 = VERTEX_POINT('',#2842);
#2842 = CARTESIAN_POINT('',(-1.6,2.475,0.));
#2843 = LINE('',#2844,#2845);
#2844 = CARTESIAN_POINT('',(-1.6,2.475,0.2));
#2845 = VECTOR('',#2846,1.);
#2846 = DIRECTION('',(0.,0.,-1.));
#2847 = ORIENTED_EDGE('',*,*,#2848,.T.);
#2848 = EDGE_CURVE('',#2841,#2823,#2849,.T.);
#2849 = LINE('',#2850,#2851);
#2850 = CARTESIAN_POINT('',(-1.6,2.475,0.));
#2851 = VECTOR('',#2852,1.);
#2852 = DIRECTION('',(0.,-1.,0.));
#2853 = PLANE('',#2854);
#2854 = AXIS2_PLACEMENT_3D('',#2855,#2856,#2857);
#2855 = CARTESIAN_POINT('',(-1.6,2.082,9.3E-02));
#2856 = DIRECTION('',(-1.,-0.,-0.));
#2857 = DIRECTION('',(0.,0.,-1.));
#2858 = ADVANCED_FACE('',(#2859),#2877,.T.);
#2859 = FACE_BOUND('',#2860,.T.);
#2860 = EDGE_LOOP('',(#2861,#2869,#2875,#2876));
#2861 = ORIENTED_EDGE('',*,*,#2862,.T.);
#2862 = EDGE_CURVE('',#2823,#2863,#2865,.T.);
#2863 = VERTEX_POINT('',#2864);
#2864 = CARTESIAN_POINT('',(-1.4,1.675,0.));
#2865 = LINE('',#2866,#2867);
#2866 = CARTESIAN_POINT('',(-1.6,1.675,0.));
#2867 = VECTOR('',#2868,1.);
#2868 = DIRECTION('',(1.,0.,0.));
#2869 = ORIENTED_EDGE('',*,*,#2870,.T.);
#2870 = EDGE_CURVE('',#2863,#1983,#2871,.T.);
#2871 = LINE('',#2872,#2873);
#2872 = CARTESIAN_POINT('',(-1.4,1.675,0.));
#2873 = VECTOR('',#2874,1.);
#2874 = DIRECTION('',(0.,0.,1.));
#2875 = ORIENTED_EDGE('',*,*,#1990,.F.);
#2876 = ORIENTED_EDGE('',*,*,#2822,.F.);
#2877 = PLANE('',#2878);
#2878 = AXIS2_PLACEMENT_3D('',#2879,#2880,#2881);
#2879 = CARTESIAN_POINT('',(-1.6,1.675,0.));
#2880 = DIRECTION('',(0.,-1.,0.));
#2881 = DIRECTION('',(0.,0.,1.));
#2882 = ADVANCED_FACE('',(#2883),#2910,.F.);
#2883 = FACE_BOUND('',#2884,.F.);
#2884 = EDGE_LOOP('',(#2885,#2886,#2887,#2888,#2896,#2904));
#2885 = ORIENTED_EDGE('',*,*,#2870,.T.);
#2886 = ORIENTED_EDGE('',*,*,#1982,.T.);
#2887 = ORIENTED_EDGE('',*,*,#2502,.T.);
#2888 = ORIENTED_EDGE('',*,*,#2889,.T.);
#2889 = EDGE_CURVE('',#2495,#2890,#2892,.T.);
#2890 = VERTEX_POINT('',#2891);
#2891 = CARTESIAN_POINT('',(-1.4,2.475,0.2));
#2892 = LINE('',#2893,#2894);
#2893 = CARTESIAN_POINT('',(-1.4,1.775,0.2));
#2894 = VECTOR('',#2895,1.);
#2895 = DIRECTION('',(0.,1.,0.));
#2896 = ORIENTED_EDGE('',*,*,#2897,.T.);
#2897 = EDGE_CURVE('',#2890,#2898,#2900,.T.);
#2898 = VERTEX_POINT('',#2899);
#2899 = CARTESIAN_POINT('',(-1.4,2.475,0.));
#2900 = LINE('',#2901,#2902);
#2901 = CARTESIAN_POINT('',(-1.4,2.475,0.2));
#2902 = VECTOR('',#2903,1.);
#2903 = DIRECTION('',(0.,0.,-1.));
#2904 = ORIENTED_EDGE('',*,*,#2905,.T.);
#2905 = EDGE_CURVE('',#2898,#2863,#2906,.T.);
#2906 = LINE('',#2907,#2908);
#2907 = CARTESIAN_POINT('',(-1.4,2.475,0.));
#2908 = VECTOR('',#2909,1.);
#2909 = DIRECTION('',(0.,-1.,0.));
#2910 = PLANE('',#2911);
#2911 = AXIS2_PLACEMENT_3D('',#2912,#2913,#2914);
#2912 = CARTESIAN_POINT('',(-1.4,2.082,9.3E-02));
#2913 = DIRECTION('',(-1.,-0.,-0.));
#2914 = DIRECTION('',(0.,0.,-1.));
#2915 = ADVANCED_FACE('',(#2916),#2950,.T.);
#2916 = FACE_BOUND('',#2917,.T.);
#2917 = EDGE_LOOP('',(#2918,#2926,#2927,#2928,#2936,#2944));
#2918 = ORIENTED_EDGE('',*,*,#2919,.T.);
#2919 = EDGE_CURVE('',#2920,#1959,#2922,.T.);
#2920 = VERTEX_POINT('',#2921);
#2921 = CARTESIAN_POINT('',(-0.6,1.675,0.));
#2922 = LINE('',#2923,#2924);
#2923 = CARTESIAN_POINT('',(-0.6,1.675,0.));
#2924 = VECTOR('',#2925,1.);
#2925 = DIRECTION('',(0.,0.,1.));
#2926 = ORIENTED_EDGE('',*,*,#1966,.T.);
#2927 = ORIENTED_EDGE('',*,*,#2509,.T.);
#2928 = ORIENTED_EDGE('',*,*,#2929,.T.);
#2929 = EDGE_CURVE('',#2510,#2930,#2932,.T.);
#2930 = VERTEX_POINT('',#2931);
#2931 = CARTESIAN_POINT('',(-0.6,2.475,0.2));
#2932 = LINE('',#2933,#2934);
#2933 = CARTESIAN_POINT('',(-0.6,1.775,0.2));
#2934 = VECTOR('',#2935,1.);
#2935 = DIRECTION('',(0.,1.,0.));
#2936 = ORIENTED_EDGE('',*,*,#2937,.T.);
#2937 = EDGE_CURVE('',#2930,#2938,#2940,.T.);
#2938 = VERTEX_POINT('',#2939);
#2939 = CARTESIAN_POINT('',(-0.6,2.475,0.));
#2940 = LINE('',#2941,#2942);
#2941 = CARTESIAN_POINT('',(-0.6,2.475,0.2));
#2942 = VECTOR('',#2943,1.);
#2943 = DIRECTION('',(0.,0.,-1.));
#2944 = ORIENTED_EDGE('',*,*,#2945,.T.);
#2945 = EDGE_CURVE('',#2938,#2920,#2946,.T.);
#2946 = LINE('',#2947,#2948);
#2947 = CARTESIAN_POINT('',(-0.6,2.475,0.));
#2948 = VECTOR('',#2949,1.);
#2949 = DIRECTION('',(0.,-1.,0.));
#2950 = PLANE('',#2951);
#2951 = AXIS2_PLACEMENT_3D('',#2952,#2953,#2954);
#2952 = CARTESIAN_POINT('',(-0.6,2.082,9.3E-02));
#2953 = DIRECTION('',(-1.,-0.,-0.));
#2954 = DIRECTION('',(0.,0.,-1.));
#2955 = ADVANCED_FACE('',(#2956),#2974,.T.);
#2956 = FACE_BOUND('',#2957,.T.);
#2957 = EDGE_LOOP('',(#2958,#2966,#2972,#2973));
#2958 = ORIENTED_EDGE('',*,*,#2959,.T.);
#2959 = EDGE_CURVE('',#2920,#2960,#2962,.T.);
#2960 = VERTEX_POINT('',#2961);
#2961 = CARTESIAN_POINT('',(-0.4,1.675,0.));
#2962 = LINE('',#2963,#2964);
#2963 = CARTESIAN_POINT('',(-0.6,1.675,0.));
#2964 = VECTOR('',#2965,1.);
#2965 = DIRECTION('',(1.,0.,0.));
#2966 = ORIENTED_EDGE('',*,*,#2967,.T.);
#2967 = EDGE_CURVE('',#2960,#1951,#2968,.T.);
#2968 = LINE('',#2969,#2970);
#2969 = CARTESIAN_POINT('',(-0.4,1.675,0.));
#2970 = VECTOR('',#2971,1.);
#2971 = DIRECTION('',(0.,0.,1.));
#2972 = ORIENTED_EDGE('',*,*,#1958,.F.);
#2973 = ORIENTED_EDGE('',*,*,#2919,.F.);
#2974 = PLANE('',#2975);
#2975 = AXIS2_PLACEMENT_3D('',#2976,#2977,#2978);
#2976 = CARTESIAN_POINT('',(-0.6,1.675,0.));
#2977 = DIRECTION('',(0.,-1.,0.));
#2978 = DIRECTION('',(0.,0.,1.));
#2979 = ADVANCED_FACE('',(#2980),#3007,.F.);
#2980 = FACE_BOUND('',#2981,.F.);
#2981 = EDGE_LOOP('',(#2982,#2983,#2984,#2985,#2993,#3001));
#2982 = ORIENTED_EDGE('',*,*,#2967,.T.);
#2983 = ORIENTED_EDGE('',*,*,#1950,.T.);
#2984 = ORIENTED_EDGE('',*,*,#2525,.T.);
#2985 = ORIENTED_EDGE('',*,*,#2986,.T.);
#2986 = EDGE_CURVE('',#2518,#2987,#2989,.T.);
#2987 = VERTEX_POINT('',#2988);
#2988 = CARTESIAN_POINT('',(-0.4,2.475,0.2));
#2989 = LINE('',#2990,#2991);
#2990 = CARTESIAN_POINT('',(-0.4,1.775,0.2));
#2991 = VECTOR('',#2992,1.);
#2992 = DIRECTION('',(0.,1.,0.));
#2993 = ORIENTED_EDGE('',*,*,#2994,.T.);
#2994 = EDGE_CURVE('',#2987,#2995,#2997,.T.);
#2995 = VERTEX_POINT('',#2996);
#2996 = CARTESIAN_POINT('',(-0.4,2.475,0.));
#2997 = LINE('',#2998,#2999);
#2998 = CARTESIAN_POINT('',(-0.4,2.475,0.2));
#2999 = VECTOR('',#3000,1.);
#3000 = DIRECTION('',(0.,0.,-1.));
#3001 = ORIENTED_EDGE('',*,*,#3002,.T.);
#3002 = EDGE_CURVE('',#2995,#2960,#3003,.T.);
#3003 = LINE('',#3004,#3005);
#3004 = CARTESIAN_POINT('',(-0.4,2.475,0.));
#3005 = VECTOR('',#3006,1.);
#3006 = DIRECTION('',(0.,-1.,0.));
#3007 = PLANE('',#3008);
#3008 = AXIS2_PLACEMENT_3D('',#3009,#3010,#3011);
#3009 = CARTESIAN_POINT('',(-0.4,2.082,9.3E-02));
#3010 = DIRECTION('',(-1.,-0.,-0.));
#3011 = DIRECTION('',(0.,0.,-1.));
#3012 = ADVANCED_FACE('',(#3013),#3047,.T.);
#3013 = FACE_BOUND('',#3014,.T.);
#3014 = EDGE_LOOP('',(#3015,#3023,#3024,#3025,#3033,#3041));
#3015 = ORIENTED_EDGE('',*,*,#3016,.T.);
#3016 = EDGE_CURVE('',#3017,#1927,#3019,.T.);
#3017 = VERTEX_POINT('',#3018);
#3018 = CARTESIAN_POINT('',(0.4,1.675,0.));
#3019 = LINE('',#3020,#3021);
#3020 = CARTESIAN_POINT('',(0.4,1.675,0.));
#3021 = VECTOR('',#3022,1.);
#3022 = DIRECTION('',(0.,0.,1.));
#3023 = ORIENTED_EDGE('',*,*,#1934,.T.);
#3024 = ORIENTED_EDGE('',*,*,#2532,.T.);
#3025 = ORIENTED_EDGE('',*,*,#3026,.T.);
#3026 = EDGE_CURVE('',#2533,#3027,#3029,.T.);
#3027 = VERTEX_POINT('',#3028);
#3028 = CARTESIAN_POINT('',(0.4,2.475,0.2));
#3029 = LINE('',#3030,#3031);
#3030 = CARTESIAN_POINT('',(0.4,1.775,0.2));
#3031 = VECTOR('',#3032,1.);
#3032 = DIRECTION('',(0.,1.,0.));
#3033 = ORIENTED_EDGE('',*,*,#3034,.T.);
#3034 = EDGE_CURVE('',#3027,#3035,#3037,.T.);
#3035 = VERTEX_POINT('',#3036);
#3036 = CARTESIAN_POINT('',(0.4,2.475,0.));
#3037 = LINE('',#3038,#3039);
#3038 = CARTESIAN_POINT('',(0.4,2.475,0.2));
#3039 = VECTOR('',#3040,1.);
#3040 = DIRECTION('',(0.,0.,-1.));
#3041 = ORIENTED_EDGE('',*,*,#3042,.T.);
#3042 = EDGE_CURVE('',#3035,#3017,#3043,.T.);
#3043 = LINE('',#3044,#3045);
#3044 = CARTESIAN_POINT('',(0.4,2.475,0.));
#3045 = VECTOR('',#3046,1.);
#3046 = DIRECTION('',(0.,-1.,0.));
#3047 = PLANE('',#3048);
#3048 = AXIS2_PLACEMENT_3D('',#3049,#3050,#3051);
#3049 = CARTESIAN_POINT('',(0.4,2.082,9.3E-02));
#3050 = DIRECTION('',(-1.,-0.,-0.));
#3051 = DIRECTION('',(0.,0.,-1.));
#3052 = ADVANCED_FACE('',(#3053),#3071,.T.);
#3053 = FACE_BOUND('',#3054,.T.);
#3054 = EDGE_LOOP('',(#3055,#3063,#3069,#3070));
#3055 = ORIENTED_EDGE('',*,*,#3056,.T.);
#3056 = EDGE_CURVE('',#3017,#3057,#3059,.T.);
#3057 = VERTEX_POINT('',#3058);
#3058 = CARTESIAN_POINT('',(0.6,1.675,0.));
#3059 = LINE('',#3060,#3061);
#3060 = CARTESIAN_POINT('',(0.4,1.675,0.));
#3061 = VECTOR('',#3062,1.);
#3062 = DIRECTION('',(1.,0.,0.));
#3063 = ORIENTED_EDGE('',*,*,#3064,.T.);
#3064 = EDGE_CURVE('',#3057,#1919,#3065,.T.);
#3065 = LINE('',#3066,#3067);
#3066 = CARTESIAN_POINT('',(0.6,1.675,0.));
#3067 = VECTOR('',#3068,1.);
#3068 = DIRECTION('',(0.,0.,1.));
#3069 = ORIENTED_EDGE('',*,*,#1926,.F.);
#3070 = ORIENTED_EDGE('',*,*,#3016,.F.);
#3071 = PLANE('',#3072);
#3072 = AXIS2_PLACEMENT_3D('',#3073,#3074,#3075);
#3073 = CARTESIAN_POINT('',(0.4,1.675,0.));
#3074 = DIRECTION('',(0.,-1.,0.));
#3075 = DIRECTION('',(0.,0.,1.));
#3076 = ADVANCED_FACE('',(#3077),#3104,.F.);
#3077 = FACE_BOUND('',#3078,.F.);
#3078 = EDGE_LOOP('',(#3079,#3080,#3081,#3082,#3090,#3098));
#3079 = ORIENTED_EDGE('',*,*,#3064,.T.);
#3080 = ORIENTED_EDGE('',*,*,#1918,.T.);
#3081 = ORIENTED_EDGE('',*,*,#2548,.T.);
#3082 = ORIENTED_EDGE('',*,*,#3083,.T.);
#3083 = EDGE_CURVE('',#2541,#3084,#3086,.T.);
#3084 = VERTEX_POINT('',#3085);
#3085 = CARTESIAN_POINT('',(0.6,2.475,0.2));
#3086 = LINE('',#3087,#3088);
#3087 = CARTESIAN_POINT('',(0.6,1.775,0.2));
#3088 = VECTOR('',#3089,1.);
#3089 = DIRECTION('',(0.,1.,0.));
#3090 = ORIENTED_EDGE('',*,*,#3091,.T.);
#3091 = EDGE_CURVE('',#3084,#3092,#3094,.T.);
#3092 = VERTEX_POINT('',#3093);
#3093 = CARTESIAN_POINT('',(0.6,2.475,0.));
#3094 = LINE('',#3095,#3096);
#3095 = CARTESIAN_POINT('',(0.6,2.475,0.2));
#3096 = VECTOR('',#3097,1.);
#3097 = DIRECTION('',(0.,0.,-1.));
#3098 = ORIENTED_EDGE('',*,*,#3099,.T.);
#3099 = EDGE_CURVE('',#3092,#3057,#3100,.T.);
#3100 = LINE('',#3101,#3102);
#3101 = CARTESIAN_POINT('',(0.6,2.475,0.));
#3102 = VECTOR('',#3103,1.);
#3103 = DIRECTION('',(0.,-1.,0.));
#3104 = PLANE('',#3105);
#3105 = AXIS2_PLACEMENT_3D('',#3106,#3107,#3108);
#3106 = CARTESIAN_POINT('',(0.6,2.082,9.3E-02));
#3107 = DIRECTION('',(-1.,-0.,-0.));
#3108 = DIRECTION('',(0.,0.,-1.));
#3109 = ADVANCED_FACE('',(#3110),#3144,.T.);
#3110 = FACE_BOUND('',#3111,.T.);
#3111 = EDGE_LOOP('',(#3112,#3120,#3121,#3122,#3130,#3138));
#3112 = ORIENTED_EDGE('',*,*,#3113,.T.);
#3113 = EDGE_CURVE('',#3114,#1895,#3116,.T.);
#3114 = VERTEX_POINT('',#3115);
#3115 = CARTESIAN_POINT('',(1.4,1.675,0.));
#3116 = LINE('',#3117,#3118);
#3117 = CARTESIAN_POINT('',(1.4,1.675,0.));
#3118 = VECTOR('',#3119,1.);
#3119 = DIRECTION('',(0.,0.,1.));
#3120 = ORIENTED_EDGE('',*,*,#1902,.T.);
#3121 = ORIENTED_EDGE('',*,*,#2555,.T.);
#3122 = ORIENTED_EDGE('',*,*,#3123,.T.);
#3123 = EDGE_CURVE('',#2556,#3124,#3126,.T.);
#3124 = VERTEX_POINT('',#3125);
#3125 = CARTESIAN_POINT('',(1.4,2.475,0.2));
#3126 = LINE('',#3127,#3128);
#3127 = CARTESIAN_POINT('',(1.4,1.775,0.2));
#3128 = VECTOR('',#3129,1.);
#3129 = DIRECTION('',(0.,1.,0.));
#3130 = ORIENTED_EDGE('',*,*,#3131,.T.);
#3131 = EDGE_CURVE('',#3124,#3132,#3134,.T.);
#3132 = VERTEX_POINT('',#3133);
#3133 = CARTESIAN_POINT('',(1.4,2.475,0.));
#3134 = LINE('',#3135,#3136);
#3135 = CARTESIAN_POINT('',(1.4,2.475,0.2));
#3136 = VECTOR('',#3137,1.);
#3137 = DIRECTION('',(0.,0.,-1.));
#3138 = ORIENTED_EDGE('',*,*,#3139,.T.);
#3139 = EDGE_CURVE('',#3132,#3114,#3140,.T.);
#3140 = LINE('',#3141,#3142);
#3141 = CARTESIAN_POINT('',(1.4,2.475,0.));
#3142 = VECTOR('',#3143,1.);
#3143 = DIRECTION('',(0.,-1.,0.));
#3144 = PLANE('',#3145);
#3145 = AXIS2_PLACEMENT_3D('',#3146,#3147,#3148);
#3146 = CARTESIAN_POINT('',(1.4,2.082,9.3E-02));
#3147 = DIRECTION('',(-1.,-0.,-0.));
#3148 = DIRECTION('',(0.,0.,-1.));
#3149 = ADVANCED_FACE('',(#3150),#3168,.T.);
#3150 = FACE_BOUND('',#3151,.T.);
#3151 = EDGE_LOOP('',(#3152,#3160,#3166,#3167));
#3152 = ORIENTED_EDGE('',*,*,#3153,.T.);
#3153 = EDGE_CURVE('',#3114,#3154,#3156,.T.);
#3154 = VERTEX_POINT('',#3155);
#3155 = CARTESIAN_POINT('',(1.6,1.675,0.));
#3156 = LINE('',#3157,#3158);
#3157 = CARTESIAN_POINT('',(1.4,1.675,0.));
#3158 = VECTOR('',#3159,1.);
#3159 = DIRECTION('',(1.,0.,0.));
#3160 = ORIENTED_EDGE('',*,*,#3161,.T.);
#3161 = EDGE_CURVE('',#3154,#1887,#3162,.T.);
#3162 = LINE('',#3163,#3164);
#3163 = CARTESIAN_POINT('',(1.6,1.675,0.));
#3164 = VECTOR('',#3165,1.);
#3165 = DIRECTION('',(0.,0.,1.));
#3166 = ORIENTED_EDGE('',*,*,#1894,.F.);
#3167 = ORIENTED_EDGE('',*,*,#3113,.F.);
#3168 = PLANE('',#3169);
#3169 = AXIS2_PLACEMENT_3D('',#3170,#3171,#3172);
#3170 = CARTESIAN_POINT('',(1.4,1.675,0.));
#3171 = DIRECTION('',(0.,-1.,0.));
#3172 = DIRECTION('',(0.,0.,1.));
#3173 = ADVANCED_FACE('',(#3174),#3201,.F.);
#3174 = FACE_BOUND('',#3175,.F.);
#3175 = EDGE_LOOP('',(#3176,#3177,#3178,#3179,#3187,#3195));
#3176 = ORIENTED_EDGE('',*,*,#3161,.T.);
#3177 = ORIENTED_EDGE('',*,*,#1886,.T.);
#3178 = ORIENTED_EDGE('',*,*,#2571,.T.);
#3179 = ORIENTED_EDGE('',*,*,#3180,.T.);
#3180 = EDGE_CURVE('',#2564,#3181,#3183,.T.);
#3181 = VERTEX_POINT('',#3182);
#3182 = CARTESIAN_POINT('',(1.6,2.475,0.2));
#3183 = LINE('',#3184,#3185);
#3184 = CARTESIAN_POINT('',(1.6,1.775,0.2));
#3185 = VECTOR('',#3186,1.);
#3186 = DIRECTION('',(0.,1.,0.));
#3187 = ORIENTED_EDGE('',*,*,#3188,.T.);
#3188 = EDGE_CURVE('',#3181,#3189,#3191,.T.);
#3189 = VERTEX_POINT('',#3190);
#3190 = CARTESIAN_POINT('',(1.6,2.475,0.));
#3191 = LINE('',#3192,#3193);
#3192 = CARTESIAN_POINT('',(1.6,2.475,0.2));
#3193 = VECTOR('',#3194,1.);
#3194 = DIRECTION('',(0.,0.,-1.));
#3195 = ORIENTED_EDGE('',*,*,#3196,.T.);
#3196 = EDGE_CURVE('',#3189,#3154,#3197,.T.);
#3197 = LINE('',#3198,#3199);
#3198 = CARTESIAN_POINT('',(1.6,2.475,0.));
#3199 = VECTOR('',#3200,1.);
#3200 = DIRECTION('',(0.,-1.,0.));
#3201 = PLANE('',#3202);
#3202 = AXIS2_PLACEMENT_3D('',#3203,#3204,#3205);
#3203 = CARTESIAN_POINT('',(1.6,2.082,9.3E-02));
#3204 = DIRECTION('',(-1.,-0.,-0.));
#3205 = DIRECTION('',(0.,0.,-1.));
#3206 = ADVANCED_FACE('',(#3207),#3228,.T.);
#3207 = FACE_BOUND('',#3208,.T.);
#3208 = EDGE_LOOP('',(#3209,#3217,#3218,#3219,#3220,#3221,#3222));
#3209 = ORIENTED_EDGE('',*,*,#3210,.T.);
#3210 = EDGE_CURVE('',#3211,#2149,#3213,.T.);
#3211 = VERTEX_POINT('',#3212);
#3212 = CARTESIAN_POINT('',(-2.7,-2.475,1.E-02));
#3213 = LINE('',#3214,#3215);
#3214 = CARTESIAN_POINT('',(-2.7,-2.475,1.E-02));
#3215 = VECTOR('',#3216,1.);
#3216 = DIRECTION('',(0.,0.,1.));
#3217 = ORIENTED_EDGE('',*,*,#2156,.T.);
#3218 = ORIENTED_EDGE('',*,*,#2132,.T.);
#3219 = ORIENTED_EDGE('',*,*,#2108,.T.);
#3220 = ORIENTED_EDGE('',*,*,#2084,.T.);
#3221 = ORIENTED_EDGE('',*,*,#2798,.T.);
#3222 = ORIENTED_EDGE('',*,*,#3223,.T.);
#3223 = EDGE_CURVE('',#2799,#3211,#3224,.T.);
#3224 = LINE('',#3225,#3226);
#3225 = CARTESIAN_POINT('',(-2.7,-0.975,1.E-02));
#3226 = VECTOR('',#3227,1.);
#3227 = DIRECTION('',(0.,-1.,-5.782411586589E-18));
#3228 = PLANE('',#3229);
#3229 = AXIS2_PLACEMENT_3D('',#3230,#3231,#3232);
#3230 = CARTESIAN_POINT('',(-2.7,-1.843181818182,0.516818181818));
#3231 = DIRECTION('',(-1.,-0.,-0.));
#3232 = DIRECTION('',(0.,0.,-1.));
#3233 = ADVANCED_FACE('',(#3234),#3246,.T.);
#3234 = FACE_BOUND('',#3235,.T.);
#3235 = EDGE_LOOP('',(#3236,#3242,#3243,#3244,#3245));
#3236 = ORIENTED_EDGE('',*,*,#3237,.T.);
#3237 = EDGE_CURVE('',#3211,#2770,#3238,.T.);
#3238 = LINE('',#3239,#3240);
#3239 = CARTESIAN_POINT('',(-2.7,-2.475,1.E-02));
#3240 = VECTOR('',#3241,1.);
#3241 = DIRECTION('',(1.,0.,0.));
#3242 = ORIENTED_EDGE('',*,*,#2777,.T.);
#3243 = ORIENTED_EDGE('',*,*,#2181,.T.);
#3244 = ORIENTED_EDGE('',*,*,#2173,.F.);
#3245 = ORIENTED_EDGE('',*,*,#3210,.F.);
#3246 = PLANE('',#3247);
#3247 = AXIS2_PLACEMENT_3D('',#3248,#3249,#3250);
#3248 = CARTESIAN_POINT('',(-2.7,-2.475,1.E-02));
#3249 = DIRECTION('',(0.,-1.,0.));
#3250 = DIRECTION('',(0.,0.,1.));
#3251 = ADVANCED_FACE('',(#3252),#3271,.T.);
#3252 = FACE_BOUND('',#3253,.T.);
#3253 = EDGE_LOOP('',(#3254,#3262,#3268,#3269,#3270));
#3254 = ORIENTED_EDGE('',*,*,#3255,.T.);
#3255 = EDGE_CURVE('',#2744,#3256,#3258,.T.);
#3256 = VERTEX_POINT('',#3257);
#3257 = CARTESIAN_POINT('',(2.7,-2.475,1.E-02));
#3258 = LINE('',#3259,#3260);
#3259 = CARTESIAN_POINT('',(2.5,-2.475,1.E-02));
#3260 = VECTOR('',#3261,1.);
#3261 = DIRECTION('',(1.,0.,0.));
#3262 = ORIENTED_EDGE('',*,*,#3263,.T.);
#3263 = EDGE_CURVE('',#3256,#2197,#3264,.T.);
#3264 = LINE('',#3265,#3266);
#3265 = CARTESIAN_POINT('',(2.7,-2.475,1.E-02));
#3266 = VECTOR('',#3267,1.);
#3267 = DIRECTION('',(0.,0.,1.));
#3268 = ORIENTED_EDGE('',*,*,#2196,.F.);
#3269 = ORIENTED_EDGE('',*,*,#2188,.F.);
#3270 = ORIENTED_EDGE('',*,*,#2751,.F.);
#3271 = PLANE('',#3272);
#3272 = AXIS2_PLACEMENT_3D('',#3273,#3274,#3275);
#3273 = CARTESIAN_POINT('',(2.5,-2.475,1.E-02));
#3274 = DIRECTION('',(0.,-1.,0.));
#3275 = DIRECTION('',(0.,0.,1.));
#3276 = ADVANCED_FACE('',(#3277),#3295,.F.);
#3277 = FACE_BOUND('',#3278,.F.);
#3278 = EDGE_LOOP('',(#3279,#3287,#3288,#3289));
#3279 = ORIENTED_EDGE('',*,*,#3280,.F.);
#3280 = EDGE_CURVE('',#2197,#3281,#3283,.T.);
#3281 = VERTEX_POINT('',#3282);
#3282 = CARTESIAN_POINT('',(2.7,-1.975,1.26));
#3283 = LINE('',#3284,#3285);
#3284 = CARTESIAN_POINT('',(2.7,-2.475,1.26));
#3285 = VECTOR('',#3286,1.);
#3286 = DIRECTION('',(0.,1.,0.));
#3287 = ORIENTED_EDGE('',*,*,#2204,.T.);
#3288 = ORIENTED_EDGE('',*,*,#2650,.T.);
#3289 = ORIENTED_EDGE('',*,*,#3290,.F.);
#3290 = EDGE_CURVE('',#3281,#2651,#3291,.T.);
#3291 = LINE('',#3292,#3293);
#3292 = CARTESIAN_POINT('',(2.5,-1.975,1.26));
#3293 = VECTOR('',#3294,1.);
#3294 = DIRECTION('',(1.,0.,0.));
#3295 = PLANE('',#3296);
#3296 = AXIS2_PLACEMENT_3D('',#3297,#3298,#3299);
#3297 = CARTESIAN_POINT('',(2.5,-2.475,1.26));
#3298 = DIRECTION('',(0.,1.110223024625E-16,1.));
#3299 = DIRECTION('',(0.,1.,-1.110223024625E-16));
#3300 = ADVANCED_FACE('',(#3301),#3349,.F.);
#3301 = FACE_BOUND('',#3302,.F.);
#3302 = EDGE_LOOP('',(#3303,#3304,#3312,#3320,#3326,#3327,#3335,#3343));
#3303 = ORIENTED_EDGE('',*,*,#2228,.F.);
#3304 = ORIENTED_EDGE('',*,*,#3305,.T.);
#3305 = EDGE_CURVE('',#2229,#3306,#3308,.T.);
#3306 = VERTEX_POINT('',#3307);
#3307 = CARTESIAN_POINT('',(2.2,0.525,0.46));
#3308 = LINE('',#3309,#3310);
#3309 = CARTESIAN_POINT('',(2.2,-2.475,0.46));
#3310 = VECTOR('',#3311,1.);
#3311 = DIRECTION('',(0.,1.,-1.110223024625E-16));
#3312 = ORIENTED_EDGE('',*,*,#3313,.T.);
#3313 = EDGE_CURVE('',#3306,#3314,#3316,.T.);
#3314 = VERTEX_POINT('',#3315);
#3315 = CARTESIAN_POINT('',(2.2,0.525,2.56));
#3316 = LINE('',#3317,#3318);
#3317 = CARTESIAN_POINT('',(2.2,0.525,0.46));
#3318 = VECTOR('',#3319,1.);
#3319 = DIRECTION('',(0.,1.110223024625E-16,1.));
#3320 = ORIENTED_EDGE('',*,*,#3321,.F.);
#3321 = EDGE_CURVE('',#2287,#3314,#3322,.T.);
#3322 = LINE('',#3323,#3324);
#3323 = CARTESIAN_POINT('',(2.2,-2.475,2.56));
#3324 = VECTOR('',#3325,1.);
#3325 = DIRECTION('',(0.,1.,-1.110223024625E-16));
#3326 = ORIENTED_EDGE('',*,*,#2294,.F.);
#3327 = ORIENTED_EDGE('',*,*,#3328,.F.);
#3328 = EDGE_CURVE('',#3329,#2295,#3331,.T.);
#3329 = VERTEX_POINT('',#3330);
#3330 = CARTESIAN_POINT('',(2.2,-7.5E-02,2.06));
#3331 = LINE('',#3332,#3333);
#3332 = CARTESIAN_POINT('',(2.2,-2.475,2.06));
#3333 = VECTOR('',#3334,1.);
#3334 = DIRECTION('',(0.,-1.,1.110223024625E-16));
#3335 = ORIENTED_EDGE('',*,*,#3336,.T.);
#3336 = EDGE_CURVE('',#3329,#3337,#3339,.T.);
#3337 = VERTEX_POINT('',#3338);
#3338 = CARTESIAN_POINT('',(2.2,-7.5E-02,1.46));
#3339 = LINE('',#3340,#3341);
#3340 = CARTESIAN_POINT('',(2.2,-7.5E-02,1.11));
#3341 = VECTOR('',#3342,1.);
#3342 = DIRECTION('',(0.,-1.110223024625E-16,-1.));
#3343 = ORIENTED_EDGE('',*,*,#3344,.F.);
#3344 = EDGE_CURVE('',#2231,#3337,#3345,.T.);
#3345 = LINE('',#3346,#3347);
#3346 = CARTESIAN_POINT('',(2.2,-2.475,1.46));
#3347 = VECTOR('',#3348,1.);
#3348 = DIRECTION('',(0.,1.,-1.110223024625E-16));
#3349 = PLANE('',#3350);
#3350 = AXIS2_PLACEMENT_3D('',#3351,#3352,#3353);
#3351 = CARTESIAN_POINT('',(2.2,-2.475,0.46));
#3352 = DIRECTION('',(1.,0.,0.));
#3353 = DIRECTION('',(-0.,1.110223024625E-16,1.));
#3354 = ADVANCED_FACE('',(#3355),#3373,.F.);
#3355 = FACE_BOUND('',#3356,.F.);
#3356 = EDGE_LOOP('',(#3357,#3358,#3359,#3367));
#3357 = ORIENTED_EDGE('',*,*,#2318,.F.);
#3358 = ORIENTED_EDGE('',*,*,#3344,.T.);
#3359 = ORIENTED_EDGE('',*,*,#3360,.T.);
#3360 = EDGE_CURVE('',#3337,#3361,#3363,.T.);
#3361 = VERTEX_POINT('',#3362);
#3362 = CARTESIAN_POINT('',(2.55,-7.5E-02,1.46));
#3363 = LINE('',#3364,#3365);
#3364 = CARTESIAN_POINT('',(-2.55,-7.5E-02,1.46));
#3365 = VECTOR('',#3366,1.);
#3366 = DIRECTION('',(1.,0.,0.));
#3367 = ORIENTED_EDGE('',*,*,#3368,.F.);
#3368 = EDGE_CURVE('',#2311,#3361,#3369,.T.);
#3369 = LINE('',#3370,#3371);
#3370 = CARTESIAN_POINT('',(2.55,-2.475,1.46));
#3371 = VECTOR('',#3372,1.);
#3372 = DIRECTION('',(0.,1.,-1.110223024625E-16));
#3373 = PLANE('',#3374);
#3374 = AXIS2_PLACEMENT_3D('',#3375,#3376,#3377);
#3375 = CARTESIAN_POINT('',(-2.55,-2.475,1.46));
#3376 = DIRECTION('',(0.,-1.110223024625E-16,-1.));
#3377 = DIRECTION('',(1.,0.,0.));
#3378 = ADVANCED_FACE('',(#3379),#3397,.F.);
#3379 = FACE_BOUND('',#3380,.F.);
#3380 = EDGE_LOOP('',(#3381,#3382,#3390,#3396));
#3381 = ORIENTED_EDGE('',*,*,#3368,.T.);
#3382 = ORIENTED_EDGE('',*,*,#3383,.T.);
#3383 = EDGE_CURVE('',#3361,#3384,#3386,.T.);
#3384 = VERTEX_POINT('',#3385);
#3385 = CARTESIAN_POINT('',(2.55,-7.5E-02,2.06));
#3386 = LINE('',#3387,#3388);
#3387 = CARTESIAN_POINT('',(2.55,-7.5E-02,1.46));
#3388 = VECTOR('',#3389,1.);
#3389 = DIRECTION('',(0.,1.110223024625E-16,1.));
#3390 = ORIENTED_EDGE('',*,*,#3391,.F.);
#3391 = EDGE_CURVE('',#2303,#3384,#3392,.T.);
#3392 = LINE('',#3393,#3394);
#3393 = CARTESIAN_POINT('',(2.55,-2.475,2.06));
#3394 = VECTOR('',#3395,1.);
#3395 = DIRECTION('',(0.,1.,-1.110223024625E-16));
#3396 = ORIENTED_EDGE('',*,*,#2310,.F.);
#3397 = PLANE('',#3398);
#3398 = AXIS2_PLACEMENT_3D('',#3399,#3400,#3401);
#3399 = CARTESIAN_POINT('',(2.55,-2.475,1.46));
#3400 = DIRECTION('',(1.,0.,0.));
#3401 = DIRECTION('',(-0.,1.110223024625E-16,1.));
#3402 = ADVANCED_FACE('',(#3403),#3414,.F.);
#3403 = FACE_BOUND('',#3404,.F.);
#3404 = EDGE_LOOP('',(#3405,#3406,#3407,#3413));
#3405 = ORIENTED_EDGE('',*,*,#2302,.F.);
#3406 = ORIENTED_EDGE('',*,*,#3391,.T.);
#3407 = ORIENTED_EDGE('',*,*,#3408,.T.);
#3408 = EDGE_CURVE('',#3384,#3329,#3409,.T.);
#3409 = LINE('',#3410,#3411);
#3410 = CARTESIAN_POINT('',(2.55,-7.5E-02,2.06));
#3411 = VECTOR('',#3412,1.);
#3412 = DIRECTION('',(-1.,0.,0.));
#3413 = ORIENTED_EDGE('',*,*,#3328,.T.);
#3414 = PLANE('',#3415);
#3415 = AXIS2_PLACEMENT_3D('',#3416,#3417,#3418);
#3416 = CARTESIAN_POINT('',(2.55,-2.475,2.06));
#3417 = DIRECTION('',(0.,1.110223024625E-16,1.));
#3418 = DIRECTION('',(-1.,0.,0.));
#3419 = ADVANCED_FACE('',(#3420),#3438,.F.);
#3420 = FACE_BOUND('',#3421,.F.);
#3421 = EDGE_LOOP('',(#3422,#3423,#3431,#3437));
#3422 = ORIENTED_EDGE('',*,*,#3321,.T.);
#3423 = ORIENTED_EDGE('',*,*,#3424,.T.);
#3424 = EDGE_CURVE('',#3314,#3425,#3427,.T.);
#3425 = VERTEX_POINT('',#3426);
#3426 = CARTESIAN_POINT('',(-2.2,0.525,2.56));
#3427 = LINE('',#3428,#3429);
#3428 = CARTESIAN_POINT('',(2.2,0.525,2.56));
#3429 = VECTOR('',#3430,1.);
#3430 = DIRECTION('',(-1.,0.,0.));
#3431 = ORIENTED_EDGE('',*,*,#3432,.F.);
#3432 = EDGE_CURVE('',#2279,#3425,#3433,.T.);
#3433 = LINE('',#3434,#3435);
#3434 = CARTESIAN_POINT('',(-2.2,-2.475,2.56));
#3435 = VECTOR('',#3436,1.);
#3436 = DIRECTION('',(0.,1.,-1.110223024625E-16));
#3437 = ORIENTED_EDGE('',*,*,#2286,.F.);
#3438 = PLANE('',#3439);
#3439 = AXIS2_PLACEMENT_3D('',#3440,#3441,#3442);
#3440 = CARTESIAN_POINT('',(2.2,-2.475,2.56));
#3441 = DIRECTION('',(0.,1.110223024625E-16,1.));
#3442 = DIRECTION('',(-1.,0.,0.));
#3443 = ADVANCED_FACE('',(#3444),#3485,.F.);
#3444 = FACE_BOUND('',#3445,.F.);
#3445 = EDGE_LOOP('',(#3446,#3447,#3448,#3456,#3462,#3463,#3471,#3479));
#3446 = ORIENTED_EDGE('',*,*,#2278,.F.);
#3447 = ORIENTED_EDGE('',*,*,#3432,.T.);
#3448 = ORIENTED_EDGE('',*,*,#3449,.T.);
#3449 = EDGE_CURVE('',#3425,#3450,#3452,.T.);
#3450 = VERTEX_POINT('',#3451);
#3451 = CARTESIAN_POINT('',(-2.2,0.525,0.46));
#3452 = LINE('',#3453,#3454);
#3453 = CARTESIAN_POINT('',(-2.2,0.525,2.56));
#3454 = VECTOR('',#3455,1.);
#3455 = DIRECTION('',(0.,-1.110223024625E-16,-1.));
#3456 = ORIENTED_EDGE('',*,*,#3457,.F.);
#3457 = EDGE_CURVE('',#2239,#3450,#3458,.T.);
#3458 = LINE('',#3459,#3460);
#3459 = CARTESIAN_POINT('',(-2.2,-2.475,0.46));
#3460 = VECTOR('',#3461,1.);
#3461 = DIRECTION('',(0.,1.,-1.110223024625E-16));
#3462 = ORIENTED_EDGE('',*,*,#2246,.F.);
#3463 = ORIENTED_EDGE('',*,*,#3464,.F.);
#3464 = EDGE_CURVE('',#3465,#2247,#3467,.T.);
#3465 = VERTEX_POINT('',#3466);
#3466 = CARTESIAN_POINT('',(-2.2,-7.5E-02,1.46));
#3467 = LINE('',#3468,#3469);
#3468 = CARTESIAN_POINT('',(-2.2,-2.475,1.46));
#3469 = VECTOR('',#3470,1.);
#3470 = DIRECTION('',(0.,-1.,1.110223024625E-16));
#3471 = ORIENTED_EDGE('',*,*,#3472,.T.);
#3472 = EDGE_CURVE('',#3465,#3473,#3475,.T.);
#3473 = VERTEX_POINT('',#3474);
#3474 = CARTESIAN_POINT('',(-2.2,-7.5E-02,2.06));
#3475 = LINE('',#3476,#3477);
#3476 = CARTESIAN_POINT('',(-2.2,-7.5E-02,2.16));
#3477 = VECTOR('',#3478,1.);
#3478 = DIRECTION('',(0.,1.110223024625E-16,1.));
#3479 = ORIENTED_EDGE('',*,*,#3480,.F.);
#3480 = EDGE_CURVE('',#2271,#3473,#3481,.T.);
#3481 = LINE('',#3482,#3483);
#3482 = CARTESIAN_POINT('',(-2.2,-2.475,2.06));
#3483 = VECTOR('',#3484,1.);
#3484 = DIRECTION('',(0.,1.,-1.110223024625E-16));
#3485 = PLANE('',#3486);
#3486 = AXIS2_PLACEMENT_3D('',#3487,#3488,#3489);
#3487 = CARTESIAN_POINT('',(-2.2,-2.475,2.56));
#3488 = DIRECTION('',(-1.,0.,0.));
#3489 = DIRECTION('',(-0.,-1.110223024625E-16,-1.));
#3490 = ADVANCED_FACE('',(#3491),#3509,.F.);
#3491 = FACE_BOUND('',#3492,.F.);
#3492 = EDGE_LOOP('',(#3493,#3494,#3495,#3503));
#3493 = ORIENTED_EDGE('',*,*,#2270,.F.);
#3494 = ORIENTED_EDGE('',*,*,#3480,.T.);
#3495 = ORIENTED_EDGE('',*,*,#3496,.T.);
#3496 = EDGE_CURVE('',#3473,#3497,#3499,.T.);
#3497 = VERTEX_POINT('',#3498);
#3498 = CARTESIAN_POINT('',(-2.55,-7.5E-02,2.06));
#3499 = LINE('',#3500,#3501);
#3500 = CARTESIAN_POINT('',(2.55,-7.5E-02,2.06));
#3501 = VECTOR('',#3502,1.);
#3502 = DIRECTION('',(-1.,0.,0.));
#3503 = ORIENTED_EDGE('',*,*,#3504,.F.);
#3504 = EDGE_CURVE('',#2263,#3497,#3505,.T.);
#3505 = LINE('',#3506,#3507);
#3506 = CARTESIAN_POINT('',(-2.55,-2.475,2.06));
#3507 = VECTOR('',#3508,1.);
#3508 = DIRECTION('',(0.,1.,-1.110223024625E-16));
#3509 = PLANE('',#3510);
#3510 = AXIS2_PLACEMENT_3D('',#3511,#3512,#3513);
#3511 = CARTESIAN_POINT('',(2.55,-2.475,2.06));
#3512 = DIRECTION('',(0.,1.110223024625E-16,1.));
#3513 = DIRECTION('',(-1.,0.,0.));
#3514 = ADVANCED_FACE('',(#3515),#3533,.F.);
#3515 = FACE_BOUND('',#3516,.F.);
#3516 = EDGE_LOOP('',(#3517,#3518,#3526,#3532));
#3517 = ORIENTED_EDGE('',*,*,#3504,.T.);
#3518 = ORIENTED_EDGE('',*,*,#3519,.T.);
#3519 = EDGE_CURVE('',#3497,#3520,#3522,.T.);
#3520 = VERTEX_POINT('',#3521);
#3521 = CARTESIAN_POINT('',(-2.55,-7.5E-02,1.46));
#3522 = LINE('',#3523,#3524);
#3523 = CARTESIAN_POINT('',(-2.55,-7.5E-02,2.06));
#3524 = VECTOR('',#3525,1.);
#3525 = DIRECTION('',(0.,-1.110223024625E-16,-1.));
#3526 = ORIENTED_EDGE('',*,*,#3527,.F.);
#3527 = EDGE_CURVE('',#2255,#3520,#3528,.T.);
#3528 = LINE('',#3529,#3530);
#3529 = CARTESIAN_POINT('',(-2.55,-2.475,1.46));
#3530 = VECTOR('',#3531,1.);
#3531 = DIRECTION('',(0.,1.,-1.110223024625E-16));
#3532 = ORIENTED_EDGE('',*,*,#2262,.F.);
#3533 = PLANE('',#3534);
#3534 = AXIS2_PLACEMENT_3D('',#3535,#3536,#3537);
#3535 = CARTESIAN_POINT('',(-2.55,-2.475,2.06));
#3536 = DIRECTION('',(-1.,0.,0.));
#3537 = DIRECTION('',(-0.,-1.110223024625E-16,-1.));
#3538 = ADVANCED_FACE('',(#3539),#3550,.F.);
#3539 = FACE_BOUND('',#3540,.F.);
#3540 = EDGE_LOOP('',(#3541,#3542,#3543,#3549));
#3541 = ORIENTED_EDGE('',*,*,#2254,.F.);
#3542 = ORIENTED_EDGE('',*,*,#3527,.T.);
#3543 = ORIENTED_EDGE('',*,*,#3544,.T.);
#3544 = EDGE_CURVE('',#3520,#3465,#3545,.T.);
#3545 = LINE('',#3546,#3547);
#3546 = CARTESIAN_POINT('',(-2.55,-7.5E-02,1.46));
#3547 = VECTOR('',#3548,1.);
#3548 = DIRECTION('',(1.,0.,0.));
#3549 = ORIENTED_EDGE('',*,*,#3464,.T.);
#3550 = PLANE('',#3551);
#3551 = AXIS2_PLACEMENT_3D('',#3552,#3553,#3554);
#3552 = CARTESIAN_POINT('',(-2.55,-2.475,1.46));
#3553 = DIRECTION('',(0.,-1.110223024625E-16,-1.));
#3554 = DIRECTION('',(1.,0.,0.));
#3555 = ADVANCED_FACE('',(#3556),#3567,.F.);
#3556 = FACE_BOUND('',#3557,.F.);
#3557 = EDGE_LOOP('',(#3558,#3559,#3565,#3566));
#3558 = ORIENTED_EDGE('',*,*,#3457,.T.);
#3559 = ORIENTED_EDGE('',*,*,#3560,.T.);
#3560 = EDGE_CURVE('',#3450,#3306,#3561,.T.);
#3561 = LINE('',#3562,#3563);
#3562 = CARTESIAN_POINT('',(-2.2,0.525,0.46));
#3563 = VECTOR('',#3564,1.);
#3564 = DIRECTION('',(1.,0.,0.));
#3565 = ORIENTED_EDGE('',*,*,#3305,.F.);
#3566 = ORIENTED_EDGE('',*,*,#2238,.F.);
#3567 = PLANE('',#3568);
#3568 = AXIS2_PLACEMENT_3D('',#3569,#3570,#3571);
#3569 = CARTESIAN_POINT('',(-2.2,-2.475,0.46));
#3570 = DIRECTION('',(0.,-1.110223024625E-16,-1.));
#3571 = DIRECTION('',(1.,0.,0.));
#3572 = ADVANCED_FACE('',(#3573),#3607,.F.);
#3573 = FACE_BOUND('',#3574,.F.);
#3574 = EDGE_LOOP('',(#3575,#3576,#3584,#3592,#3600,#3606));
#3575 = ORIENTED_EDGE('',*,*,#2594,.T.);
#3576 = ORIENTED_EDGE('',*,*,#3577,.T.);
#3577 = EDGE_CURVE('',#2587,#3578,#3580,.T.);
#3578 = VERTEX_POINT('',#3579);
#3579 = CARTESIAN_POINT('',(2.5,1.225,1.46));
#3580 = LINE('',#3581,#3582);
#3581 = CARTESIAN_POINT('',(2.5,1.775,1.46));
#3582 = VECTOR('',#3583,1.);
#3583 = DIRECTION('',(0.,-1.,1.110223024625E-16));
#3584 = ORIENTED_EDGE('',*,*,#3585,.T.);
#3585 = EDGE_CURVE('',#3578,#3586,#3588,.T.);
#3586 = VERTEX_POINT('',#3587);
#3587 = CARTESIAN_POINT('',(2.5,1.225,2.46));
#3588 = LINE('',#3589,#3590);
#3589 = CARTESIAN_POINT('',(2.5,1.225,1.46));
#3590 = VECTOR('',#3591,1.);
#3591 = DIRECTION('',(0.,1.110223024625E-16,1.));
#3592 = ORIENTED_EDGE('',*,*,#3593,.T.);
#3593 = EDGE_CURVE('',#3586,#3594,#3596,.T.);
#3594 = VERTEX_POINT('',#3595);
#3595 = CARTESIAN_POINT('',(2.5,0.575,2.46));
#3596 = LINE('',#3597,#3598);
#3597 = CARTESIAN_POINT('',(2.5,1.225,2.46));
#3598 = VECTOR('',#3599,1.);
#3599 = DIRECTION('',(0.,-1.,1.110223024625E-16));
#3600 = ORIENTED_EDGE('',*,*,#3601,.T.);
#3601 = EDGE_CURVE('',#3594,#2367,#3602,.T.);
#3602 = LINE('',#3603,#3604);
#3603 = CARTESIAN_POINT('',(2.5,0.575,2.46));
#3604 = VECTOR('',#3605,1.);
#3605 = DIRECTION('',(0.,-0.500421834463,0.865781720524));
#3606 = ORIENTED_EDGE('',*,*,#2374,.T.);
#3607 = PLANE('',#3608);
#3608 = AXIS2_PLACEMENT_3D('',#3609,#3610,#3611);
#3609 = CARTESIAN_POINT('',(2.5,1.22787099059,2.3670284193));
#3610 = DIRECTION('',(-1.,0.,0.));
#3611 = DIRECTION('',(0.,1.,-1.110223024625E-16));
#3612 = ADVANCED_FACE('',(#3613),#3624,.F.);
#3613 = FACE_BOUND('',#3614,.F.);
#3614 = EDGE_LOOP('',(#3615,#3621,#3622,#3623));
#3615 = ORIENTED_EDGE('',*,*,#3616,.T.);
#3616 = EDGE_CURVE('',#3594,#2635,#3617,.T.);
#3617 = LINE('',#3618,#3619);
#3618 = CARTESIAN_POINT('',(2.5,0.575,2.46));
#3619 = VECTOR('',#3620,1.);
#3620 = DIRECTION('',(1.,0.,0.));
#3621 = ORIENTED_EDGE('',*,*,#2642,.T.);
#3622 = ORIENTED_EDGE('',*,*,#2366,.F.);
#3623 = ORIENTED_EDGE('',*,*,#3601,.F.);
#3624 = PLANE('',#3625);
#3625 = AXIS2_PLACEMENT_3D('',#3626,#3627,#3628);
#3626 = CARTESIAN_POINT('',(2.5,0.575,2.46));
#3627 = DIRECTION('',(0.,-0.865781720524,-0.500421834463));
#3628 = DIRECTION('',(0.,-0.500421834463,0.865781720524));
#3629 = ADVANCED_FACE('',(#3630),#3638,.T.);
#3630 = FACE_BOUND('',#3631,.T.);
#3631 = EDGE_LOOP('',(#3632,#3633,#3634,#3635,#3636,#3637));
#3632 = ORIENTED_EDGE('',*,*,#2601,.T.);
#3633 = ORIENTED_EDGE('',*,*,#2468,.T.);
#3634 = ORIENTED_EDGE('',*,*,#2444,.T.);
#3635 = ORIENTED_EDGE('',*,*,#2420,.T.);
#3636 = ORIENTED_EDGE('',*,*,#2396,.T.);
#3637 = ORIENTED_EDGE('',*,*,#2342,.T.);
#3638 = PLANE('',#3639);
#3639 = AXIS2_PLACEMENT_3D('',#3640,#3641,#3642);
#3640 = CARTESIAN_POINT('',(-2.5,1.22787099059,2.3670284193));
#3641 = DIRECTION('',(-1.,0.,0.));
#3642 = DIRECTION('',(0.,1.,-1.110223024625E-16));
#3643 = ADVANCED_FACE('',(#3644),#3655,.F.);
#3644 = FACE_BOUND('',#3645,.F.);
#3645 = EDGE_LOOP('',(#3646,#3647,#3648,#3654));
#3646 = ORIENTED_EDGE('',*,*,#2586,.T.);
#3647 = ORIENTED_EDGE('',*,*,#2618,.T.);
#3648 = ORIENTED_EDGE('',*,*,#3649,.F.);
#3649 = EDGE_CURVE('',#3578,#2619,#3650,.T.);
#3650 = LINE('',#3651,#3652);
#3651 = CARTESIAN_POINT('',(2.5,1.225,1.46));
#3652 = VECTOR('',#3653,1.);
#3653 = DIRECTION('',(1.,0.,0.));
#3654 = ORIENTED_EDGE('',*,*,#3577,.F.);
#3655 = PLANE('',#3656);
#3656 = AXIS2_PLACEMENT_3D('',#3657,#3658,#3659);
#3657 = CARTESIAN_POINT('',(2.5,1.775,1.46));
#3658 = DIRECTION('',(0.,-1.110223024625E-16,-1.));
#3659 = DIRECTION('',(0.,-1.,1.110223024625E-16));
#3660 = ADVANCED_FACE('',(#3661),#3672,.T.);
#3661 = FACE_BOUND('',#3662,.T.);
#3662 = EDGE_LOOP('',(#3663,#3664,#3665,#3671));
#3663 = ORIENTED_EDGE('',*,*,#2563,.T.);
#3664 = ORIENTED_EDGE('',*,*,#3180,.T.);
#3665 = ORIENTED_EDGE('',*,*,#3666,.F.);
#3666 = EDGE_CURVE('',#3124,#3181,#3667,.T.);
#3667 = LINE('',#3668,#3669);
#3668 = CARTESIAN_POINT('',(1.4,2.475,0.2));
#3669 = VECTOR('',#3670,1.);
#3670 = DIRECTION('',(1.,0.,0.));
#3671 = ORIENTED_EDGE('',*,*,#3123,.F.);
#3672 = PLANE('',#3673);
#3673 = AXIS2_PLACEMENT_3D('',#3674,#3675,#3676);
#3674 = CARTESIAN_POINT('',(1.4,1.775,0.2));
#3675 = DIRECTION('',(0.,0.,1.));
#3676 = DIRECTION('',(0.,1.,0.));
#3677 = ADVANCED_FACE('',(#3678),#3689,.T.);
#3678 = FACE_BOUND('',#3679,.T.);
#3679 = EDGE_LOOP('',(#3680,#3681,#3682,#3688));
#3680 = ORIENTED_EDGE('',*,*,#2540,.T.);
#3681 = ORIENTED_EDGE('',*,*,#3083,.T.);
#3682 = ORIENTED_EDGE('',*,*,#3683,.F.);
#3683 = EDGE_CURVE('',#3027,#3084,#3684,.T.);
#3684 = LINE('',#3685,#3686);
#3685 = CARTESIAN_POINT('',(0.4,2.475,0.2));
#3686 = VECTOR('',#3687,1.);
#3687 = DIRECTION('',(1.,0.,0.));
#3688 = ORIENTED_EDGE('',*,*,#3026,.F.);
#3689 = PLANE('',#3690);
#3690 = AXIS2_PLACEMENT_3D('',#3691,#3692,#3693);
#3691 = CARTESIAN_POINT('',(0.4,1.775,0.2));
#3692 = DIRECTION('',(0.,0.,1.));
#3693 = DIRECTION('',(0.,1.,0.));
#3694 = ADVANCED_FACE('',(#3695),#3706,.T.);
#3695 = FACE_BOUND('',#3696,.T.);
#3696 = EDGE_LOOP('',(#3697,#3698,#3699,#3705));
#3697 = ORIENTED_EDGE('',*,*,#2517,.T.);
#3698 = ORIENTED_EDGE('',*,*,#2986,.T.);
#3699 = ORIENTED_EDGE('',*,*,#3700,.F.);
#3700 = EDGE_CURVE('',#2930,#2987,#3701,.T.);
#3701 = LINE('',#3702,#3703);
#3702 = CARTESIAN_POINT('',(-0.6,2.475,0.2));
#3703 = VECTOR('',#3704,1.);
#3704 = DIRECTION('',(1.,0.,0.));
#3705 = ORIENTED_EDGE('',*,*,#2929,.F.);
#3706 = PLANE('',#3707);
#3707 = AXIS2_PLACEMENT_3D('',#3708,#3709,#3710);
#3708 = CARTESIAN_POINT('',(-0.6,1.775,0.2));
#3709 = DIRECTION('',(0.,0.,1.));
#3710 = DIRECTION('',(0.,1.,0.));
#3711 = ADVANCED_FACE('',(#3712),#3723,.T.);
#3712 = FACE_BOUND('',#3713,.T.);
#3713 = EDGE_LOOP('',(#3714,#3715,#3716,#3722));
#3714 = ORIENTED_EDGE('',*,*,#2494,.T.);
#3715 = ORIENTED_EDGE('',*,*,#2889,.T.);
#3716 = ORIENTED_EDGE('',*,*,#3717,.F.);
#3717 = EDGE_CURVE('',#2833,#2890,#3718,.T.);
#3718 = LINE('',#3719,#3720);
#3719 = CARTESIAN_POINT('',(-1.6,2.475,0.2));
#3720 = VECTOR('',#3721,1.);
#3721 = DIRECTION('',(1.,0.,0.));
#3722 = ORIENTED_EDGE('',*,*,#2832,.F.);
#3723 = PLANE('',#3724);
#3724 = AXIS2_PLACEMENT_3D('',#3725,#3726,#3727);
#3725 = CARTESIAN_POINT('',(-1.6,1.775,0.2));
#3726 = DIRECTION('',(0.,0.,1.));
#3727 = DIRECTION('',(0.,1.,0.));
#3728 = ADVANCED_FACE('',(#3729),#3747,.F.);
#3729 = FACE_BOUND('',#3730,.F.);
#3730 = EDGE_LOOP('',(#3731,#3739,#3745,#3746));
#3731 = ORIENTED_EDGE('',*,*,#3732,.F.);
#3732 = EDGE_CURVE('',#3733,#2689,#3735,.T.);
#3733 = VERTEX_POINT('',#3734);
#3734 = CARTESIAN_POINT('',(2.7,-1.975,0.61));
#3735 = LINE('',#3736,#3737);
#3736 = CARTESIAN_POINT('',(2.7,-1.975,0.61));
#3737 = VECTOR('',#3738,1.);
#3738 = DIRECTION('',(0.,1.,0.));
#3739 = ORIENTED_EDGE('',*,*,#3740,.T.);
#3740 = EDGE_CURVE('',#3733,#2659,#3741,.T.);
#3741 = LINE('',#3742,#3743);
#3742 = CARTESIAN_POINT('',(2.5,-1.975,0.61));
#3743 = VECTOR('',#3744,1.);
#3744 = DIRECTION('',(1.,0.,0.));
#3745 = ORIENTED_EDGE('',*,*,#2666,.T.);
#3746 = ORIENTED_EDGE('',*,*,#2696,.F.);
#3747 = PLANE('',#3748);
#3748 = AXIS2_PLACEMENT_3D('',#3749,#3750,#3751);
#3749 = CARTESIAN_POINT('',(2.5,-1.975,0.61));
#3750 = DIRECTION('',(0.,1.110223024625E-16,1.));
#3751 = DIRECTION('',(0.,1.,-1.110223024625E-16));
#3752 = ADVANCED_FACE('',(#3753),#3764,.F.);
#3753 = FACE_BOUND('',#3754,.F.);
#3754 = EDGE_LOOP('',(#3755,#3761,#3762,#3763));
#3755 = ORIENTED_EDGE('',*,*,#3756,.F.);
#3756 = EDGE_CURVE('',#3281,#3733,#3757,.T.);
#3757 = LINE('',#3758,#3759);
#3758 = CARTESIAN_POINT('',(2.7,-1.975,1.26));
#3759 = VECTOR('',#3760,1.);
#3760 = DIRECTION('',(0.,0.,-1.));
#3761 = ORIENTED_EDGE('',*,*,#3290,.T.);
#3762 = ORIENTED_EDGE('',*,*,#2658,.T.);
#3763 = ORIENTED_EDGE('',*,*,#3740,.F.);
#3764 = PLANE('',#3765);
#3765 = AXIS2_PLACEMENT_3D('',#3766,#3767,#3768);
#3766 = CARTESIAN_POINT('',(2.5,-1.975,1.26));
#3767 = DIRECTION('',(0.,1.,-1.110223024625E-16));
#3768 = DIRECTION('',(0.,-1.110223024625E-16,-1.));
#3769 = ADVANCED_FACE('',(#3770),#3781,.F.);
#3770 = FACE_BOUND('',#3771,.F.);
#3771 = EDGE_LOOP('',(#3772,#3778,#3779,#3780));
#3772 = ORIENTED_EDGE('',*,*,#3773,.T.);
#3773 = EDGE_CURVE('',#3586,#2627,#3774,.T.);
#3774 = LINE('',#3775,#3776);
#3775 = CARTESIAN_POINT('',(2.5,1.225,2.46));
#3776 = VECTOR('',#3777,1.);
#3777 = DIRECTION('',(1.,0.,0.));
#3778 = ORIENTED_EDGE('',*,*,#2634,.T.);
#3779 = ORIENTED_EDGE('',*,*,#3616,.F.);
#3780 = ORIENTED_EDGE('',*,*,#3593,.F.);
#3781 = PLANE('',#3782);
#3782 = AXIS2_PLACEMENT_3D('',#3783,#3784,#3785);
#3783 = CARTESIAN_POINT('',(2.5,1.225,2.46));
#3784 = DIRECTION('',(0.,-1.110223024625E-16,-1.));
#3785 = DIRECTION('',(0.,-1.,1.110223024625E-16));
#3786 = ADVANCED_FACE('',(#3787),#3793,.F.);
#3787 = FACE_BOUND('',#3788,.F.);
#3788 = EDGE_LOOP('',(#3789,#3790,#3791,#3792));
#3789 = ORIENTED_EDGE('',*,*,#3649,.T.);
#3790 = ORIENTED_EDGE('',*,*,#2626,.T.);
#3791 = ORIENTED_EDGE('',*,*,#3773,.F.);
#3792 = ORIENTED_EDGE('',*,*,#3585,.F.);
#3793 = PLANE('',#3794);
#3794 = AXIS2_PLACEMENT_3D('',#3795,#3796,#3797);
#3795 = CARTESIAN_POINT('',(2.5,1.225,1.46));
#3796 = DIRECTION('',(0.,-1.,1.110223024625E-16));
#3797 = DIRECTION('',(0.,1.110223024625E-16,1.));
#3798 = ADVANCED_FACE('',(#3799),#3813,.F.);
#3799 = FACE_BOUND('',#3800,.F.);
#3800 = EDGE_LOOP('',(#3801,#3802,#3803,#3804,#3805,#3806,#3807));
#3801 = ORIENTED_EDGE('',*,*,#3263,.T.);
#3802 = ORIENTED_EDGE('',*,*,#3280,.T.);
#3803 = ORIENTED_EDGE('',*,*,#3756,.T.);
#3804 = ORIENTED_EDGE('',*,*,#3732,.T.);
#3805 = ORIENTED_EDGE('',*,*,#2688,.T.);
#3806 = ORIENTED_EDGE('',*,*,#2721,.T.);
#3807 = ORIENTED_EDGE('',*,*,#3808,.T.);
#3808 = EDGE_CURVE('',#2722,#3256,#3809,.T.);
#3809 = LINE('',#3810,#3811);
#3810 = CARTESIAN_POINT('',(2.7,-0.975,1.E-02));
#3811 = VECTOR('',#3812,1.);
#3812 = DIRECTION('',(0.,-1.,-5.782411586589E-18));
#3813 = PLANE('',#3814);
#3814 = AXIS2_PLACEMENT_3D('',#3815,#3816,#3817);
#3815 = CARTESIAN_POINT('',(2.7,-1.843181818182,0.516818181818));
#3816 = DIRECTION('',(-1.,-0.,-0.));
#3817 = DIRECTION('',(0.,0.,-1.));
#3818 = ADVANCED_FACE('',(#3819),#3825,.T.);
#3819 = FACE_BOUND('',#3820,.T.);
#3820 = EDGE_LOOP('',(#3821,#3822,#3823,#3824));
#3821 = ORIENTED_EDGE('',*,*,#2729,.T.);
#3822 = ORIENTED_EDGE('',*,*,#3808,.T.);
#3823 = ORIENTED_EDGE('',*,*,#3255,.F.);
#3824 = ORIENTED_EDGE('',*,*,#2743,.F.);
#3825 = PLANE('',#3826);
#3826 = AXIS2_PLACEMENT_3D('',#3827,#3828,#3829);
#3827 = CARTESIAN_POINT('',(2.5,-0.975,1.E-02));
#3828 = DIRECTION('',(0.,5.782411586589E-18,-1.));
#3829 = DIRECTION('',(0.,-1.,-5.782411586589E-18));
#3830 = ADVANCED_FACE('',(#3831),#3837,.T.);
#3831 = FACE_BOUND('',#3832,.T.);
#3832 = EDGE_LOOP('',(#3833,#3834,#3835,#3836));
#3833 = ORIENTED_EDGE('',*,*,#2808,.T.);
#3834 = ORIENTED_EDGE('',*,*,#2767,.T.);
#3835 = ORIENTED_EDGE('',*,*,#3237,.F.);
#3836 = ORIENTED_EDGE('',*,*,#3223,.F.);
#3837 = PLANE('',#3838);
#3838 = AXIS2_PLACEMENT_3D('',#3839,#3840,#3841);
#3839 = CARTESIAN_POINT('',(-2.7,-0.975,1.E-02));
#3840 = DIRECTION('',(0.,5.782411586589E-18,-1.));
#3841 = DIRECTION('',(0.,-1.,-5.782411586589E-18));
#3842 = ADVANCED_FACE('',(#3843),#3854,.T.);
#3843 = FACE_BOUND('',#3844,.T.);
#3844 = EDGE_LOOP('',(#3845,#3846,#3847,#3853));
#3845 = ORIENTED_EDGE('',*,*,#3717,.T.);
#3846 = ORIENTED_EDGE('',*,*,#2897,.T.);
#3847 = ORIENTED_EDGE('',*,*,#3848,.F.);
#3848 = EDGE_CURVE('',#2841,#2898,#3849,.T.);
#3849 = LINE('',#3850,#3851);
#3850 = CARTESIAN_POINT('',(-1.6,2.475,0.));
#3851 = VECTOR('',#3852,1.);
#3852 = DIRECTION('',(1.,0.,0.));
#3853 = ORIENTED_EDGE('',*,*,#2840,.F.);
#3854 = PLANE('',#3855);
#3855 = AXIS2_PLACEMENT_3D('',#3856,#3857,#3858);
#3856 = CARTESIAN_POINT('',(-1.6,2.475,0.2));
#3857 = DIRECTION('',(0.,1.,0.));
#3858 = DIRECTION('',(0.,0.,-1.));
#3859 = ADVANCED_FACE('',(#3860),#3866,.T.);
#3860 = FACE_BOUND('',#3861,.T.);
#3861 = EDGE_LOOP('',(#3862,#3863,#3864,#3865));
#3862 = ORIENTED_EDGE('',*,*,#3848,.T.);
#3863 = ORIENTED_EDGE('',*,*,#2905,.T.);
#3864 = ORIENTED_EDGE('',*,*,#2862,.F.);
#3865 = ORIENTED_EDGE('',*,*,#2848,.F.);
#3866 = PLANE('',#3867);
#3867 = AXIS2_PLACEMENT_3D('',#3868,#3869,#3870);
#3868 = CARTESIAN_POINT('',(-1.6,2.475,0.));
#3869 = DIRECTION('',(0.,0.,-1.));
#3870 = DIRECTION('',(0.,-1.,0.));
#3871 = ADVANCED_FACE('',(#3872),#3883,.T.);
#3872 = FACE_BOUND('',#3873,.T.);
#3873 = EDGE_LOOP('',(#3874,#3875,#3876,#3882));
#3874 = ORIENTED_EDGE('',*,*,#3700,.T.);
#3875 = ORIENTED_EDGE('',*,*,#2994,.T.);
#3876 = ORIENTED_EDGE('',*,*,#3877,.F.);
#3877 = EDGE_CURVE('',#2938,#2995,#3878,.T.);
#3878 = LINE('',#3879,#3880);
#3879 = CARTESIAN_POINT('',(-0.6,2.475,0.));
#3880 = VECTOR('',#3881,1.);
#3881 = DIRECTION('',(1.,0.,0.));
#3882 = ORIENTED_EDGE('',*,*,#2937,.F.);
#3883 = PLANE('',#3884);
#3884 = AXIS2_PLACEMENT_3D('',#3885,#3886,#3887);
#3885 = CARTESIAN_POINT('',(-0.6,2.475,0.2));
#3886 = DIRECTION('',(0.,1.,0.));
#3887 = DIRECTION('',(0.,0.,-1.));
#3888 = ADVANCED_FACE('',(#3889),#3895,.T.);
#3889 = FACE_BOUND('',#3890,.T.);
#3890 = EDGE_LOOP('',(#3891,#3892,#3893,#3894));
#3891 = ORIENTED_EDGE('',*,*,#3877,.T.);
#3892 = ORIENTED_EDGE('',*,*,#3002,.T.);
#3893 = ORIENTED_EDGE('',*,*,#2959,.F.);
#3894 = ORIENTED_EDGE('',*,*,#2945,.F.);
#3895 = PLANE('',#3896);
#3896 = AXIS2_PLACEMENT_3D('',#3897,#3898,#3899);
#3897 = CARTESIAN_POINT('',(-0.6,2.475,0.));
#3898 = DIRECTION('',(0.,0.,-1.));
#3899 = DIRECTION('',(0.,-1.,0.));
#3900 = ADVANCED_FACE('',(#3901),#3912,.T.);
#3901 = FACE_BOUND('',#3902,.T.);
#3902 = EDGE_LOOP('',(#3903,#3904,#3905,#3911));
#3903 = ORIENTED_EDGE('',*,*,#3683,.T.);
#3904 = ORIENTED_EDGE('',*,*,#3091,.T.);
#3905 = ORIENTED_EDGE('',*,*,#3906,.F.);
#3906 = EDGE_CURVE('',#3035,#3092,#3907,.T.);
#3907 = LINE('',#3908,#3909);
#3908 = CARTESIAN_POINT('',(0.4,2.475,0.));
#3909 = VECTOR('',#3910,1.);
#3910 = DIRECTION('',(1.,0.,0.));
#3911 = ORIENTED_EDGE('',*,*,#3034,.F.);
#3912 = PLANE('',#3913);
#3913 = AXIS2_PLACEMENT_3D('',#3914,#3915,#3916);
#3914 = CARTESIAN_POINT('',(0.4,2.475,0.2));
#3915 = DIRECTION('',(0.,1.,0.));
#3916 = DIRECTION('',(0.,0.,-1.));
#3917 = ADVANCED_FACE('',(#3918),#3924,.T.);
#3918 = FACE_BOUND('',#3919,.T.);
#3919 = EDGE_LOOP('',(#3920,#3921,#3922,#3923));
#3920 = ORIENTED_EDGE('',*,*,#3906,.T.);
#3921 = ORIENTED_EDGE('',*,*,#3099,.T.);
#3922 = ORIENTED_EDGE('',*,*,#3056,.F.);
#3923 = ORIENTED_EDGE('',*,*,#3042,.F.);
#3924 = PLANE('',#3925);
#3925 = AXIS2_PLACEMENT_3D('',#3926,#3927,#3928);
#3926 = CARTESIAN_POINT('',(0.4,2.475,0.));
#3927 = DIRECTION('',(0.,0.,-1.));
#3928 = DIRECTION('',(0.,-1.,0.));
#3929 = ADVANCED_FACE('',(#3930),#3941,.T.);
#3930 = FACE_BOUND('',#3931,.T.);
#3931 = EDGE_LOOP('',(#3932,#3933,#3934,#3940));
#3932 = ORIENTED_EDGE('',*,*,#3666,.T.);
#3933 = ORIENTED_EDGE('',*,*,#3188,.T.);
#3934 = ORIENTED_EDGE('',*,*,#3935,.F.);
#3935 = EDGE_CURVE('',#3132,#3189,#3936,.T.);
#3936 = LINE('',#3937,#3938);
#3937 = CARTESIAN_POINT('',(1.4,2.475,0.));
#3938 = VECTOR('',#3939,1.);
#3939 = DIRECTION('',(1.,0.,0.));
#3940 = ORIENTED_EDGE('',*,*,#3131,.F.);
#3941 = PLANE('',#3942);
#3942 = AXIS2_PLACEMENT_3D('',#3943,#3944,#3945);
#3943 = CARTESIAN_POINT('',(1.4,2.475,0.2));
#3944 = DIRECTION('',(0.,1.,0.));
#3945 = DIRECTION('',(0.,0.,-1.));
#3946 = ADVANCED_FACE('',(#3947),#3953,.T.);
#3947 = FACE_BOUND('',#3948,.T.);
#3948 = EDGE_LOOP('',(#3949,#3950,#3951,#3952));
#3949 = ORIENTED_EDGE('',*,*,#3935,.T.);
#3950 = ORIENTED_EDGE('',*,*,#3196,.T.);
#3951 = ORIENTED_EDGE('',*,*,#3153,.F.);
#3952 = ORIENTED_EDGE('',*,*,#3139,.F.);
#3953 = PLANE('',#3954);
#3954 = AXIS2_PLACEMENT_3D('',#3955,#3956,#3957);
#3955 = CARTESIAN_POINT('',(1.4,2.475,0.));
#3956 = DIRECTION('',(0.,0.,-1.));
#3957 = DIRECTION('',(0.,-1.,0.));
#3958 = ADVANCED_FACE('',(#3959),#3965,.T.);
#3959 = FACE_BOUND('',#3960,.T.);
#3960 = EDGE_LOOP('',(#3961,#3962,#3963,#3964));
#3961 = ORIENTED_EDGE('',*,*,#3360,.T.);
#3962 = ORIENTED_EDGE('',*,*,#3383,.T.);
#3963 = ORIENTED_EDGE('',*,*,#3408,.T.);
#3964 = ORIENTED_EDGE('',*,*,#3336,.T.);
#3965 = PLANE('',#3966);
#3966 = AXIS2_PLACEMENT_3D('',#3967,#3968,#3969);
#3967 = CARTESIAN_POINT('',(5.45372713851E-16,-7.5E-02,1.76));
#3968 = DIRECTION('',(0.,-1.,1.110223024625E-16));
#3969 = DIRECTION('',(1.,0.,0.));
#3970 = ADVANCED_FACE('',(#3971,#3977,#4011,#4045,#4079),#4113,.T.);
#3971 = FACE_BOUND('',#3972,.T.);
#3972 = EDGE_LOOP('',(#3973,#3974,#3975,#3976));
#3973 = ORIENTED_EDGE('',*,*,#3313,.T.);
#3974 = ORIENTED_EDGE('',*,*,#3424,.T.);
#3975 = ORIENTED_EDGE('',*,*,#3449,.T.);
#3976 = ORIENTED_EDGE('',*,*,#3560,.T.);
#3977 = FACE_BOUND('',#3978,.T.);
#3978 = EDGE_LOOP('',(#3979,#3989,#3997,#4005));
#3979 = ORIENTED_EDGE('',*,*,#3980,.F.);
#3980 = EDGE_CURVE('',#3981,#3983,#3985,.T.);
#3981 = VERTEX_POINT('',#3982);
#3982 = CARTESIAN_POINT('',(-1.6,0.525,1.66));
#3983 = VERTEX_POINT('',#3984);
#3984 = CARTESIAN_POINT('',(-1.4,0.525,1.66));
#3985 = LINE('',#3986,#3987);
#3986 = CARTESIAN_POINT('',(-1.6,0.525,1.66));
#3987 = VECTOR('',#3988,1.);
#3988 = DIRECTION('',(1.,0.,0.));
#3989 = ORIENTED_EDGE('',*,*,#3990,.F.);
#3990 = EDGE_CURVE('',#3991,#3981,#3993,.T.);
#3991 = VERTEX_POINT('',#3992);
#3992 = CARTESIAN_POINT('',(-1.6,0.525,2.14));
#3993 = LINE('',#3994,#3995);
#3994 = CARTESIAN_POINT('',(-1.6,0.525,2.14));
#3995 = VECTOR('',#3996,1.);
#3996 = DIRECTION('',(0.,0.,-1.));
#3997 = ORIENTED_EDGE('',*,*,#3998,.T.);
#3998 = EDGE_CURVE('',#3991,#3999,#4001,.T.);
#3999 = VERTEX_POINT('',#4000);
#4000 = CARTESIAN_POINT('',(-1.4,0.525,2.14));
#4001 = LINE('',#4002,#4003);
#4002 = CARTESIAN_POINT('',(-1.6,0.525,2.14));
#4003 = VECTOR('',#4004,1.);
#4004 = DIRECTION('',(1.,0.,0.));
#4005 = ORIENTED_EDGE('',*,*,#4006,.T.);
#4006 = EDGE_CURVE('',#3999,#3983,#4007,.T.);
#4007 = LINE('',#4008,#4009);
#4008 = CARTESIAN_POINT('',(-1.4,0.525,2.14));
#4009 = VECTOR('',#4010,1.);
#4010 = DIRECTION('',(0.,0.,-1.));
#4011 = FACE_BOUND('',#4012,.T.);
#4012 = EDGE_LOOP('',(#4013,#4023,#4031,#4039));
#4013 = ORIENTED_EDGE('',*,*,#4014,.F.);
#4014 = EDGE_CURVE('',#4015,#4017,#4019,.T.);
#4015 = VERTEX_POINT('',#4016);
#4016 = CARTESIAN_POINT('',(-0.6,0.525,2.14));
#4017 = VERTEX_POINT('',#4018);
#4018 = CARTESIAN_POINT('',(-0.6,0.525,1.66));
#4019 = LINE('',#4020,#4021);
#4020 = CARTESIAN_POINT('',(-0.6,0.525,2.14));
#4021 = VECTOR('',#4022,1.);
#4022 = DIRECTION('',(0.,0.,-1.));
#4023 = ORIENTED_EDGE('',*,*,#4024,.T.);
#4024 = EDGE_CURVE('',#4015,#4025,#4027,.T.);
#4025 = VERTEX_POINT('',#4026);
#4026 = CARTESIAN_POINT('',(-0.4,0.525,2.14));
#4027 = LINE('',#4028,#4029);
#4028 = CARTESIAN_POINT('',(-0.6,0.525,2.14));
#4029 = VECTOR('',#4030,1.);
#4030 = DIRECTION('',(1.,0.,0.));
#4031 = ORIENTED_EDGE('',*,*,#4032,.T.);
#4032 = EDGE_CURVE('',#4025,#4033,#4035,.T.);
#4033 = VERTEX_POINT('',#4034);
#4034 = CARTESIAN_POINT('',(-0.4,0.525,1.66));
#4035 = LINE('',#4036,#4037);
#4036 = CARTESIAN_POINT('',(-0.4,0.525,2.14));
#4037 = VECTOR('',#4038,1.);
#4038 = DIRECTION('',(0.,0.,-1.));
#4039 = ORIENTED_EDGE('',*,*,#4040,.F.);
#4040 = EDGE_CURVE('',#4017,#4033,#4041,.T.);
#4041 = LINE('',#4042,#4043);
#4042 = CARTESIAN_POINT('',(-0.6,0.525,1.66));
#4043 = VECTOR('',#4044,1.);
#4044 = DIRECTION('',(1.,0.,0.));
#4045 = FACE_BOUND('',#4046,.T.);
#4046 = EDGE_LOOP('',(#4047,#4057,#4065,#4073));
#4047 = ORIENTED_EDGE('',*,*,#4048,.F.);
#4048 = EDGE_CURVE('',#4049,#4051,#4053,.T.);
#4049 = VERTEX_POINT('',#4050);
#4050 = CARTESIAN_POINT('',(0.4,0.525,2.14));
#4051 = VERTEX_POINT('',#4052);
#4052 = CARTESIAN_POINT('',(0.4,0.525,1.66));
#4053 = LINE('',#4054,#4055);
#4054 = CARTESIAN_POINT('',(0.4,0.525,2.14));
#4055 = VECTOR('',#4056,1.);
#4056 = DIRECTION('',(0.,0.,-1.));
#4057 = ORIENTED_EDGE('',*,*,#4058,.T.);
#4058 = EDGE_CURVE('',#4049,#4059,#4061,.T.);
#4059 = VERTEX_POINT('',#4060);
#4060 = CARTESIAN_POINT('',(0.6,0.525,2.14));
#4061 = LINE('',#4062,#4063);
#4062 = CARTESIAN_POINT('',(0.4,0.525,2.14));
#4063 = VECTOR('',#4064,1.);
#4064 = DIRECTION('',(1.,0.,0.));
#4065 = ORIENTED_EDGE('',*,*,#4066,.T.);
#4066 = EDGE_CURVE('',#4059,#4067,#4069,.T.);
#4067 = VERTEX_POINT('',#4068);
#4068 = CARTESIAN_POINT('',(0.6,0.525,1.66));
#4069 = LINE('',#4070,#4071);
#4070 = CARTESIAN_POINT('',(0.6,0.525,2.14));
#4071 = VECTOR('',#4072,1.);
#4072 = DIRECTION('',(0.,0.,-1.));
#4073 = ORIENTED_EDGE('',*,*,#4074,.F.);
#4074 = EDGE_CURVE('',#4051,#4067,#4075,.T.);
#4075 = LINE('',#4076,#4077);
#4076 = CARTESIAN_POINT('',(0.4,0.525,1.66));
#4077 = VECTOR('',#4078,1.);
#4078 = DIRECTION('',(1.,0.,0.));
#4079 = FACE_BOUND('',#4080,.T.);
#4080 = EDGE_LOOP('',(#4081,#4091,#4099,#4107));
#4081 = ORIENTED_EDGE('',*,*,#4082,.F.);
#4082 = EDGE_CURVE('',#4083,#4085,#4087,.T.);
#4083 = VERTEX_POINT('',#4084);
#4084 = CARTESIAN_POINT('',(1.4,0.525,2.14));
#4085 = VERTEX_POINT('',#4086);
#4086 = CARTESIAN_POINT('',(1.4,0.525,1.66));
#4087 = LINE('',#4088,#4089);
#4088 = CARTESIAN_POINT('',(1.4,0.525,2.14));
#4089 = VECTOR('',#4090,1.);
#4090 = DIRECTION('',(0.,0.,-1.));
#4091 = ORIENTED_EDGE('',*,*,#4092,.T.);
#4092 = EDGE_CURVE('',#4083,#4093,#4095,.T.);
#4093 = VERTEX_POINT('',#4094);
#4094 = CARTESIAN_POINT('',(1.6,0.525,2.14));
#4095 = LINE('',#4096,#4097);
#4096 = CARTESIAN_POINT('',(1.4,0.525,2.14));
#4097 = VECTOR('',#4098,1.);
#4098 = DIRECTION('',(1.,0.,0.));
#4099 = ORIENTED_EDGE('',*,*,#4100,.T.);
#4100 = EDGE_CURVE('',#4093,#4101,#4103,.T.);
#4101 = VERTEX_POINT('',#4102);
#4102 = CARTESIAN_POINT('',(1.6,0.525,1.66));
#4103 = LINE('',#4104,#4105);
#4104 = CARTESIAN_POINT('',(1.6,0.525,2.14));
#4105 = VECTOR('',#4106,1.);
#4106 = DIRECTION('',(0.,0.,-1.));
#4107 = ORIENTED_EDGE('',*,*,#4108,.F.);
#4108 = EDGE_CURVE('',#4085,#4101,#4109,.T.);
#4109 = LINE('',#4110,#4111);
#4110 = CARTESIAN_POINT('',(1.4,0.525,1.66));
#4111 = VECTOR('',#4112,1.);
#4112 = DIRECTION('',(1.,0.,0.));
#4113 = PLANE('',#4114);
#4114 = AXIS2_PLACEMENT_3D('',#4115,#4116,#4117);
#4115 = CARTESIAN_POINT('',(-6.832141690001E-17,0.525,1.51));
#4116 = DIRECTION('',(0.,-1.,1.110223024625E-16));
#4117 = DIRECTION('',(1.,0.,0.));
#4118 = ADVANCED_FACE('',(#4119),#4125,.T.);
#4119 = FACE_BOUND('',#4120,.T.);
#4120 = EDGE_LOOP('',(#4121,#4122,#4123,#4124));
#4121 = ORIENTED_EDGE('',*,*,#3544,.T.);
#4122 = ORIENTED_EDGE('',*,*,#3472,.T.);
#4123 = ORIENTED_EDGE('',*,*,#3496,.T.);
#4124 = ORIENTED_EDGE('',*,*,#3519,.T.);
#4125 = PLANE('',#4126);
#4126 = AXIS2_PLACEMENT_3D('',#4127,#4128,#4129);
#4127 = CARTESIAN_POINT('',(5.45372713851E-16,-7.5E-02,1.76));
#4128 = DIRECTION('',(0.,-1.,1.110223024625E-16));
#4129 = DIRECTION('',(1.,0.,0.));
#4130 = ADVANCED_FACE('',(#4131),#4156,.T.);
#4131 = FACE_BOUND('',#4132,.T.);
#4132 = EDGE_LOOP('',(#4133,#4134,#4142,#4150));
#4133 = ORIENTED_EDGE('',*,*,#3980,.T.);
#4134 = ORIENTED_EDGE('',*,*,#4135,.T.);
#4135 = EDGE_CURVE('',#3983,#4136,#4138,.T.);
#4136 = VERTEX_POINT('',#4137);
#4137 = CARTESIAN_POINT('',(-1.4,-1.225,1.79));
#4138 = LINE('',#4139,#4140);
#4139 = CARTESIAN_POINT('',(-1.4,0.525,1.66));
#4140 = VECTOR('',#4141,1.);
#4141 = DIRECTION('',(0.,-0.997252183706,7.408159078957E-02));
#4142 = ORIENTED_EDGE('',*,*,#4143,.F.);
#4143 = EDGE_CURVE('',#4144,#4136,#4146,.T.);
#4144 = VERTEX_POINT('',#4145);
#4145 = CARTESIAN_POINT('',(-1.6,-1.225,1.79));
#4146 = LINE('',#4147,#4148);
#4147 = CARTESIAN_POINT('',(-1.6,-1.225,1.79));
#4148 = VECTOR('',#4149,1.);
#4149 = DIRECTION('',(1.,0.,0.));
#4150 = ORIENTED_EDGE('',*,*,#4151,.F.);
#4151 = EDGE_CURVE('',#3981,#4144,#4152,.T.);
#4152 = LINE('',#4153,#4154);
#4153 = CARTESIAN_POINT('',(-1.6,0.525,1.66));
#4154 = VECTOR('',#4155,1.);
#4155 = DIRECTION('',(0.,-0.997252183706,7.408159078957E-02));
#4156 = PLANE('',#4157);
#4157 = AXIS2_PLACEMENT_3D('',#4158,#4159,#4160);
#4158 = CARTESIAN_POINT('',(-1.6,0.525,1.66));
#4159 = DIRECTION('',(0.,-7.408159078957E-02,-0.997252183706));
#4160 = DIRECTION('',(0.,-0.997252183706,7.408159078957E-02));
#4161 = ADVANCED_FACE('',(#4162),#4180,.F.);
#4162 = FACE_BOUND('',#4163,.F.);
#4163 = EDGE_LOOP('',(#4164,#4172,#4178,#4179));
#4164 = ORIENTED_EDGE('',*,*,#4165,.T.);
#4165 = EDGE_CURVE('',#4136,#4166,#4168,.T.);
#4166 = VERTEX_POINT('',#4167);
#4167 = CARTESIAN_POINT('',(-1.4,-1.225,2.14));
#4168 = LINE('',#4169,#4170);
#4169 = CARTESIAN_POINT('',(-1.4,-1.225,1.79));
#4170 = VECTOR('',#4171,1.);
#4171 = DIRECTION('',(0.,0.,1.));
#4172 = ORIENTED_EDGE('',*,*,#4173,.T.);
#4173 = EDGE_CURVE('',#4166,#3999,#4174,.T.);
#4174 = LINE('',#4175,#4176);
#4175 = CARTESIAN_POINT('',(-1.4,-1.225,2.14));
#4176 = VECTOR('',#4177,1.);
#4177 = DIRECTION('',(0.,1.,0.));
#4178 = ORIENTED_EDGE('',*,*,#4006,.T.);
#4179 = ORIENTED_EDGE('',*,*,#4135,.T.);
#4180 = PLANE('',#4181);
#4181 = AXIS2_PLACEMENT_3D('',#4182,#4183,#4184);
#4182 = CARTESIAN_POINT('',(-1.4,-0.323759014354,1.931294517928));
#4183 = DIRECTION('',(-1.,-0.,-0.));
#4184 = DIRECTION('',(0.,0.,-1.));
#4185 = ADVANCED_FACE('',(#4186),#4204,.T.);
#4186 = FACE_BOUND('',#4187,.T.);
#4187 = EDGE_LOOP('',(#4188,#4196,#4197,#4198));
#4188 = ORIENTED_EDGE('',*,*,#4189,.T.);
#4189 = EDGE_CURVE('',#4190,#4166,#4192,.T.);
#4190 = VERTEX_POINT('',#4191);
#4191 = CARTESIAN_POINT('',(-1.6,-1.225,2.14));
#4192 = LINE('',#4193,#4194);
#4193 = CARTESIAN_POINT('',(-1.6,-1.225,2.14));
#4194 = VECTOR('',#4195,1.);
#4195 = DIRECTION('',(1.,0.,0.));
#4196 = ORIENTED_EDGE('',*,*,#4173,.T.);
#4197 = ORIENTED_EDGE('',*,*,#3998,.F.);
#4198 = ORIENTED_EDGE('',*,*,#4199,.F.);
#4199 = EDGE_CURVE('',#4190,#3991,#4200,.T.);
#4200 = LINE('',#4201,#4202);
#4201 = CARTESIAN_POINT('',(-1.6,-1.225,2.14));
#4202 = VECTOR('',#4203,1.);
#4203 = DIRECTION('',(0.,1.,0.));
#4204 = PLANE('',#4205);
#4205 = AXIS2_PLACEMENT_3D('',#4206,#4207,#4208);
#4206 = CARTESIAN_POINT('',(-1.6,-1.225,2.14));
#4207 = DIRECTION('',(0.,0.,1.));
#4208 = DIRECTION('',(0.,1.,0.));
#4209 = ADVANCED_FACE('',(#4210),#4221,.T.);
#4210 = FACE_BOUND('',#4211,.T.);
#4211 = EDGE_LOOP('',(#4212,#4218,#4219,#4220));
#4212 = ORIENTED_EDGE('',*,*,#4213,.T.);
#4213 = EDGE_CURVE('',#4144,#4190,#4214,.T.);
#4214 = LINE('',#4215,#4216);
#4215 = CARTESIAN_POINT('',(-1.6,-1.225,1.79));
#4216 = VECTOR('',#4217,1.);
#4217 = DIRECTION('',(0.,0.,1.));
#4218 = ORIENTED_EDGE('',*,*,#4199,.T.);
#4219 = ORIENTED_EDGE('',*,*,#3990,.T.);
#4220 = ORIENTED_EDGE('',*,*,#4151,.T.);
#4221 = PLANE('',#4222);
#4222 = AXIS2_PLACEMENT_3D('',#4223,#4224,#4225);
#4223 = CARTESIAN_POINT('',(-1.6,-0.323759014354,1.931294517928));
#4224 = DIRECTION('',(-1.,-0.,-0.));
#4225 = DIRECTION('',(0.,0.,-1.));
#4226 = ADVANCED_FACE('',(#4227),#4252,.T.);
#4227 = FACE_BOUND('',#4228,.T.);
#4228 = EDGE_LOOP('',(#4229,#4239,#4245,#4246));
#4229 = ORIENTED_EDGE('',*,*,#4230,.T.);
#4230 = EDGE_CURVE('',#4231,#4233,#4235,.T.);
#4231 = VERTEX_POINT('',#4232);
#4232 = CARTESIAN_POINT('',(-0.6,-1.225,1.79));
#4233 = VERTEX_POINT('',#4234);
#4234 = CARTESIAN_POINT('',(-0.6,-1.225,2.14));
#4235 = LINE('',#4236,#4237);
#4236 = CARTESIAN_POINT('',(-0.6,-1.225,1.79));
#4237 = VECTOR('',#4238,1.);
#4238 = DIRECTION('',(0.,0.,1.));
#4239 = ORIENTED_EDGE('',*,*,#4240,.T.);
#4240 = EDGE_CURVE('',#4233,#4015,#4241,.T.);
#4241 = LINE('',#4242,#4243);
#4242 = CARTESIAN_POINT('',(-0.6,-1.225,2.14));
#4243 = VECTOR('',#4244,1.);
#4244 = DIRECTION('',(0.,1.,0.));
#4245 = ORIENTED_EDGE('',*,*,#4014,.T.);
#4246 = ORIENTED_EDGE('',*,*,#4247,.T.);
#4247 = EDGE_CURVE('',#4017,#4231,#4248,.T.);
#4248 = LINE('',#4249,#4250);
#4249 = CARTESIAN_POINT('',(-0.6,0.525,1.66));
#4250 = VECTOR('',#4251,1.);
#4251 = DIRECTION('',(0.,-0.997252183706,7.408159078957E-02));
#4252 = PLANE('',#4253);
#4253 = AXIS2_PLACEMENT_3D('',#4254,#4255,#4256);
#4254 = CARTESIAN_POINT('',(-0.6,-0.323759014354,1.931294517928));
#4255 = DIRECTION('',(-1.,-0.,-0.));
#4256 = DIRECTION('',(0.,0.,-1.));
#4257 = ADVANCED_FACE('',(#4258),#4276,.T.);
#4258 = FACE_BOUND('',#4259,.T.);
#4259 = EDGE_LOOP('',(#4260,#4261,#4269,#4275));
#4260 = ORIENTED_EDGE('',*,*,#4040,.T.);
#4261 = ORIENTED_EDGE('',*,*,#4262,.T.);
#4262 = EDGE_CURVE('',#4033,#4263,#4265,.T.);
#4263 = VERTEX_POINT('',#4264);
#4264 = CARTESIAN_POINT('',(-0.4,-1.225,1.79));
#4265 = LINE('',#4266,#4267);
#4266 = CARTESIAN_POINT('',(-0.4,0.525,1.66));
#4267 = VECTOR('',#4268,1.);
#4268 = DIRECTION('',(0.,-0.997252183706,7.408159078957E-02));
#4269 = ORIENTED_EDGE('',*,*,#4270,.F.);
#4270 = EDGE_CURVE('',#4231,#4263,#4271,.T.);
#4271 = LINE('',#4272,#4273);
#4272 = CARTESIAN_POINT('',(-0.6,-1.225,1.79));
#4273 = VECTOR('',#4274,1.);
#4274 = DIRECTION('',(1.,0.,0.));
#4275 = ORIENTED_EDGE('',*,*,#4247,.F.);
#4276 = PLANE('',#4277);
#4277 = AXIS2_PLACEMENT_3D('',#4278,#4279,#4280);
#4278 = CARTESIAN_POINT('',(-0.6,0.525,1.66));
#4279 = DIRECTION('',(0.,-7.408159078957E-02,-0.997252183706));
#4280 = DIRECTION('',(0.,-0.997252183706,7.408159078957E-02));
#4281 = ADVANCED_FACE('',(#4282),#4300,.F.);
#4282 = FACE_BOUND('',#4283,.F.);
#4283 = EDGE_LOOP('',(#4284,#4292,#4298,#4299));
#4284 = ORIENTED_EDGE('',*,*,#4285,.T.);
#4285 = EDGE_CURVE('',#4263,#4286,#4288,.T.);
#4286 = VERTEX_POINT('',#4287);
#4287 = CARTESIAN_POINT('',(-0.4,-1.225,2.14));
#4288 = LINE('',#4289,#4290);
#4289 = CARTESIAN_POINT('',(-0.4,-1.225,1.79));
#4290 = VECTOR('',#4291,1.);
#4291 = DIRECTION('',(0.,0.,1.));
#4292 = ORIENTED_EDGE('',*,*,#4293,.T.);
#4293 = EDGE_CURVE('',#4286,#4025,#4294,.T.);
#4294 = LINE('',#4295,#4296);
#4295 = CARTESIAN_POINT('',(-0.4,-1.225,2.14));
#4296 = VECTOR('',#4297,1.);
#4297 = DIRECTION('',(0.,1.,0.));
#4298 = ORIENTED_EDGE('',*,*,#4032,.T.);
#4299 = ORIENTED_EDGE('',*,*,#4262,.T.);
#4300 = PLANE('',#4301);
#4301 = AXIS2_PLACEMENT_3D('',#4302,#4303,#4304);
#4302 = CARTESIAN_POINT('',(-0.4,-0.323759014354,1.931294517928));
#4303 = DIRECTION('',(-1.,-0.,-0.));
#4304 = DIRECTION('',(0.,0.,-1.));
#4305 = ADVANCED_FACE('',(#4306),#4317,.T.);
#4306 = FACE_BOUND('',#4307,.T.);
#4307 = EDGE_LOOP('',(#4308,#4314,#4315,#4316));
#4308 = ORIENTED_EDGE('',*,*,#4309,.T.);
#4309 = EDGE_CURVE('',#4233,#4286,#4310,.T.);
#4310 = LINE('',#4311,#4312);
#4311 = CARTESIAN_POINT('',(-0.6,-1.225,2.14));
#4312 = VECTOR('',#4313,1.);
#4313 = DIRECTION('',(1.,0.,0.));
#4314 = ORIENTED_EDGE('',*,*,#4293,.T.);
#4315 = ORIENTED_EDGE('',*,*,#4024,.F.);
#4316 = ORIENTED_EDGE('',*,*,#4240,.F.);
#4317 = PLANE('',#4318);
#4318 = AXIS2_PLACEMENT_3D('',#4319,#4320,#4321);
#4319 = CARTESIAN_POINT('',(-0.6,-1.225,2.14));
#4320 = DIRECTION('',(0.,0.,1.));
#4321 = DIRECTION('',(0.,1.,0.));
#4322 = ADVANCED_FACE('',(#4323),#4348,.T.);
#4323 = FACE_BOUND('',#4324,.T.);
#4324 = EDGE_LOOP('',(#4325,#4335,#4341,#4342));
#4325 = ORIENTED_EDGE('',*,*,#4326,.T.);
#4326 = EDGE_CURVE('',#4327,#4329,#4331,.T.);
#4327 = VERTEX_POINT('',#4328);
#4328 = CARTESIAN_POINT('',(0.4,-1.225,1.79));
#4329 = VERTEX_POINT('',#4330);
#4330 = CARTESIAN_POINT('',(0.4,-1.225,2.14));
#4331 = LINE('',#4332,#4333);
#4332 = CARTESIAN_POINT('',(0.4,-1.225,1.79));
#4333 = VECTOR('',#4334,1.);
#4334 = DIRECTION('',(0.,0.,1.));
#4335 = ORIENTED_EDGE('',*,*,#4336,.T.);
#4336 = EDGE_CURVE('',#4329,#4049,#4337,.T.);
#4337 = LINE('',#4338,#4339);
#4338 = CARTESIAN_POINT('',(0.4,-1.225,2.14));
#4339 = VECTOR('',#4340,1.);
#4340 = DIRECTION('',(0.,1.,0.));
#4341 = ORIENTED_EDGE('',*,*,#4048,.T.);
#4342 = ORIENTED_EDGE('',*,*,#4343,.T.);
#4343 = EDGE_CURVE('',#4051,#4327,#4344,.T.);
#4344 = LINE('',#4345,#4346);
#4345 = CARTESIAN_POINT('',(0.4,0.525,1.66));
#4346 = VECTOR('',#4347,1.);
#4347 = DIRECTION('',(0.,-0.997252183706,7.408159078957E-02));
#4348 = PLANE('',#4349);
#4349 = AXIS2_PLACEMENT_3D('',#4350,#4351,#4352);
#4350 = CARTESIAN_POINT('',(0.4,-0.323759014354,1.931294517928));
#4351 = DIRECTION('',(-1.,-0.,-0.));
#4352 = DIRECTION('',(0.,0.,-1.));
#4353 = ADVANCED_FACE('',(#4354),#4372,.T.);
#4354 = FACE_BOUND('',#4355,.T.);
#4355 = EDGE_LOOP('',(#4356,#4357,#4365,#4371));
#4356 = ORIENTED_EDGE('',*,*,#4074,.T.);
#4357 = ORIENTED_EDGE('',*,*,#4358,.T.);
#4358 = EDGE_CURVE('',#4067,#4359,#4361,.T.);
#4359 = VERTEX_POINT('',#4360);
#4360 = CARTESIAN_POINT('',(0.6,-1.225,1.79));
#4361 = LINE('',#4362,#4363);
#4362 = CARTESIAN_POINT('',(0.6,0.525,1.66));
#4363 = VECTOR('',#4364,1.);
#4364 = DIRECTION('',(0.,-0.997252183706,7.408159078957E-02));
#4365 = ORIENTED_EDGE('',*,*,#4366,.F.);
#4366 = EDGE_CURVE('',#4327,#4359,#4367,.T.);
#4367 = LINE('',#4368,#4369);
#4368 = CARTESIAN_POINT('',(0.4,-1.225,1.79));
#4369 = VECTOR('',#4370,1.);
#4370 = DIRECTION('',(1.,0.,0.));
#4371 = ORIENTED_EDGE('',*,*,#4343,.F.);
#4372 = PLANE('',#4373);
#4373 = AXIS2_PLACEMENT_3D('',#4374,#4375,#4376);
#4374 = CARTESIAN_POINT('',(0.4,0.525,1.66));
#4375 = DIRECTION('',(0.,-7.408159078957E-02,-0.997252183706));
#4376 = DIRECTION('',(0.,-0.997252183706,7.408159078957E-02));
#4377 = ADVANCED_FACE('',(#4378),#4396,.F.);
#4378 = FACE_BOUND('',#4379,.F.);
#4379 = EDGE_LOOP('',(#4380,#4388,#4394,#4395));
#4380 = ORIENTED_EDGE('',*,*,#4381,.T.);
#4381 = EDGE_CURVE('',#4359,#4382,#4384,.T.);
#4382 = VERTEX_POINT('',#4383);
#4383 = CARTESIAN_POINT('',(0.6,-1.225,2.14));
#4384 = LINE('',#4385,#4386);
#4385 = CARTESIAN_POINT('',(0.6,-1.225,1.79));
#4386 = VECTOR('',#4387,1.);
#4387 = DIRECTION('',(0.,0.,1.));
#4388 = ORIENTED_EDGE('',*,*,#4389,.T.);
#4389 = EDGE_CURVE('',#4382,#4059,#4390,.T.);
#4390 = LINE('',#4391,#4392);
#4391 = CARTESIAN_POINT('',(0.6,-1.225,2.14));
#4392 = VECTOR('',#4393,1.);
#4393 = DIRECTION('',(0.,1.,0.));
#4394 = ORIENTED_EDGE('',*,*,#4066,.T.);
#4395 = ORIENTED_EDGE('',*,*,#4358,.T.);
#4396 = PLANE('',#4397);
#4397 = AXIS2_PLACEMENT_3D('',#4398,#4399,#4400);
#4398 = CARTESIAN_POINT('',(0.6,-0.323759014354,1.931294517928));
#4399 = DIRECTION('',(-1.,-0.,-0.));
#4400 = DIRECTION('',(0.,0.,-1.));
#4401 = ADVANCED_FACE('',(#4402),#4413,.T.);
#4402 = FACE_BOUND('',#4403,.T.);
#4403 = EDGE_LOOP('',(#4404,#4410,#4411,#4412));
#4404 = ORIENTED_EDGE('',*,*,#4405,.T.);
#4405 = EDGE_CURVE('',#4329,#4382,#4406,.T.);
#4406 = LINE('',#4407,#4408);
#4407 = CARTESIAN_POINT('',(0.4,-1.225,2.14));
#4408 = VECTOR('',#4409,1.);
#4409 = DIRECTION('',(1.,0.,0.));
#4410 = ORIENTED_EDGE('',*,*,#4389,.T.);
#4411 = ORIENTED_EDGE('',*,*,#4058,.F.);
#4412 = ORIENTED_EDGE('',*,*,#4336,.F.);
#4413 = PLANE('',#4414);
#4414 = AXIS2_PLACEMENT_3D('',#4415,#4416,#4417);
#4415 = CARTESIAN_POINT('',(0.4,-1.225,2.14));
#4416 = DIRECTION('',(0.,0.,1.));
#4417 = DIRECTION('',(0.,1.,0.));
#4418 = ADVANCED_FACE('',(#4419),#4444,.T.);
#4419 = FACE_BOUND('',#4420,.T.);
#4420 = EDGE_LOOP('',(#4421,#4431,#4437,#4438));
#4421 = ORIENTED_EDGE('',*,*,#4422,.T.);
#4422 = EDGE_CURVE('',#4423,#4425,#4427,.T.);
#4423 = VERTEX_POINT('',#4424);
#4424 = CARTESIAN_POINT('',(1.4,-1.225,1.79));
#4425 = VERTEX_POINT('',#4426);
#4426 = CARTESIAN_POINT('',(1.4,-1.225,2.14));
#4427 = LINE('',#4428,#4429);
#4428 = CARTESIAN_POINT('',(1.4,-1.225,1.79));
#4429 = VECTOR('',#4430,1.);
#4430 = DIRECTION('',(0.,0.,1.));
#4431 = ORIENTED_EDGE('',*,*,#4432,.T.);
#4432 = EDGE_CURVE('',#4425,#4083,#4433,.T.);
#4433 = LINE('',#4434,#4435);
#4434 = CARTESIAN_POINT('',(1.4,-1.225,2.14));
#4435 = VECTOR('',#4436,1.);
#4436 = DIRECTION('',(0.,1.,0.));
#4437 = ORIENTED_EDGE('',*,*,#4082,.T.);
#4438 = ORIENTED_EDGE('',*,*,#4439,.T.);
#4439 = EDGE_CURVE('',#4085,#4423,#4440,.T.);
#4440 = LINE('',#4441,#4442);
#4441 = CARTESIAN_POINT('',(1.4,0.525,1.66));
#4442 = VECTOR('',#4443,1.);
#4443 = DIRECTION('',(0.,-0.997252183706,7.408159078957E-02));
#4444 = PLANE('',#4445);
#4445 = AXIS2_PLACEMENT_3D('',#4446,#4447,#4448);
#4446 = CARTESIAN_POINT('',(1.4,-0.323759014354,1.931294517928));
#4447 = DIRECTION('',(-1.,-0.,-0.));
#4448 = DIRECTION('',(0.,0.,-1.));
#4449 = ADVANCED_FACE('',(#4450),#4468,.T.);
#4450 = FACE_BOUND('',#4451,.T.);
#4451 = EDGE_LOOP('',(#4452,#4453,#4461,#4467));
#4452 = ORIENTED_EDGE('',*,*,#4108,.T.);
#4453 = ORIENTED_EDGE('',*,*,#4454,.T.);
#4454 = EDGE_CURVE('',#4101,#4455,#4457,.T.);
#4455 = VERTEX_POINT('',#4456);
#4456 = CARTESIAN_POINT('',(1.6,-1.225,1.79));
#4457 = LINE('',#4458,#4459);
#4458 = CARTESIAN_POINT('',(1.6,0.525,1.66));
#4459 = VECTOR('',#4460,1.);
#4460 = DIRECTION('',(0.,-0.997252183706,7.408159078957E-02));
#4461 = ORIENTED_EDGE('',*,*,#4462,.F.);
#4462 = EDGE_CURVE('',#4423,#4455,#4463,.T.);
#4463 = LINE('',#4464,#4465);
#4464 = CARTESIAN_POINT('',(1.4,-1.225,1.79));
#4465 = VECTOR('',#4466,1.);
#4466 = DIRECTION('',(1.,0.,0.));
#4467 = ORIENTED_EDGE('',*,*,#4439,.F.);
#4468 = PLANE('',#4469);
#4469 = AXIS2_PLACEMENT_3D('',#4470,#4471,#4472);
#4470 = CARTESIAN_POINT('',(1.4,0.525,1.66));
#4471 = DIRECTION('',(0.,-7.408159078957E-02,-0.997252183706));
#4472 = DIRECTION('',(0.,-0.997252183706,7.408159078957E-02));
#4473 = ADVANCED_FACE('',(#4474),#4492,.F.);
#4474 = FACE_BOUND('',#4475,.F.);
#4475 = EDGE_LOOP('',(#4476,#4484,#4490,#4491));
#4476 = ORIENTED_EDGE('',*,*,#4477,.T.);
#4477 = EDGE_CURVE('',#4455,#4478,#4480,.T.);
#4478 = VERTEX_POINT('',#4479);
#4479 = CARTESIAN_POINT('',(1.6,-1.225,2.14));
#4480 = LINE('',#4481,#4482);
#4481 = CARTESIAN_POINT('',(1.6,-1.225,1.79));
#4482 = VECTOR('',#4483,1.);
#4483 = DIRECTION('',(0.,0.,1.));
#4484 = ORIENTED_EDGE('',*,*,#4485,.T.);
#4485 = EDGE_CURVE('',#4478,#4093,#4486,.T.);
#4486 = LINE('',#4487,#4488);
#4487 = CARTESIAN_POINT('',(1.6,-1.225,2.14));
#4488 = VECTOR('',#4489,1.);
#4489 = DIRECTION('',(0.,1.,0.));
#4490 = ORIENTED_EDGE('',*,*,#4100,.T.);
#4491 = ORIENTED_EDGE('',*,*,#4454,.T.);
#4492 = PLANE('',#4493);
#4493 = AXIS2_PLACEMENT_3D('',#4494,#4495,#4496);
#4494 = CARTESIAN_POINT('',(1.6,-0.323759014354,1.931294517928));
#4495 = DIRECTION('',(-1.,-0.,-0.));
#4496 = DIRECTION('',(0.,0.,-1.));
#4497 = ADVANCED_FACE('',(#4498),#4509,.T.);
#4498 = FACE_BOUND('',#4499,.T.);
#4499 = EDGE_LOOP('',(#4500,#4506,#4507,#4508));
#4500 = ORIENTED_EDGE('',*,*,#4501,.T.);
#4501 = EDGE_CURVE('',#4425,#4478,#4502,.T.);
#4502 = LINE('',#4503,#4504);
#4503 = CARTESIAN_POINT('',(1.4,-1.225,2.14));
#4504 = VECTOR('',#4505,1.);
#4505 = DIRECTION('',(1.,0.,0.));
#4506 = ORIENTED_EDGE('',*,*,#4485,.T.);
#4507 = ORIENTED_EDGE('',*,*,#4092,.F.);
#4508 = ORIENTED_EDGE('',*,*,#4432,.F.);
#4509 = PLANE('',#4510);
#4510 = AXIS2_PLACEMENT_3D('',#4511,#4512,#4513);
#4511 = CARTESIAN_POINT('',(1.4,-1.225,2.14));
#4512 = DIRECTION('',(0.,0.,1.));
#4513 = DIRECTION('',(0.,1.,0.));
#4514 = ADVANCED_FACE('',(#4515),#4521,.T.);
#4515 = FACE_BOUND('',#4516,.T.);
#4516 = EDGE_LOOP('',(#4517,#4518,#4519,#4520));
#4517 = ORIENTED_EDGE('',*,*,#4143,.T.);
#4518 = ORIENTED_EDGE('',*,*,#4165,.T.);
#4519 = ORIENTED_EDGE('',*,*,#4189,.F.);
#4520 = ORIENTED_EDGE('',*,*,#4213,.F.);
#4521 = PLANE('',#4522);
#4522 = AXIS2_PLACEMENT_3D('',#4523,#4524,#4525);
#4523 = CARTESIAN_POINT('',(-1.6,-1.225,1.79));
#4524 = DIRECTION('',(0.,-1.,0.));
#4525 = DIRECTION('',(0.,0.,1.));
#4526 = ADVANCED_FACE('',(#4527),#4533,.T.);
#4527 = FACE_BOUND('',#4528,.T.);
#4528 = EDGE_LOOP('',(#4529,#4530,#4531,#4532));
#4529 = ORIENTED_EDGE('',*,*,#4270,.T.);
#4530 = ORIENTED_EDGE('',*,*,#4285,.T.);
#4531 = ORIENTED_EDGE('',*,*,#4309,.F.);
#4532 = ORIENTED_EDGE('',*,*,#4230,.F.);
#4533 = PLANE('',#4534);
#4534 = AXIS2_PLACEMENT_3D('',#4535,#4536,#4537);
#4535 = CARTESIAN_POINT('',(-0.6,-1.225,1.79));
#4536 = DIRECTION('',(0.,-1.,0.));
#4537 = DIRECTION('',(0.,0.,1.));
#4538 = ADVANCED_FACE('',(#4539),#4545,.T.);
#4539 = FACE_BOUND('',#4540,.T.);
#4540 = EDGE_LOOP('',(#4541,#4542,#4543,#4544));
#4541 = ORIENTED_EDGE('',*,*,#4366,.T.);
#4542 = ORIENTED_EDGE('',*,*,#4381,.T.);
#4543 = ORIENTED_EDGE('',*,*,#4405,.F.);
#4544 = ORIENTED_EDGE('',*,*,#4326,.F.);
#4545 = PLANE('',#4546);
#4546 = AXIS2_PLACEMENT_3D('',#4547,#4548,#4549);
#4547 = CARTESIAN_POINT('',(0.4,-1.225,1.79));
#4548 = DIRECTION('',(0.,-1.,0.));
#4549 = DIRECTION('',(0.,0.,1.));
#4550 = ADVANCED_FACE('',(#4551),#4557,.T.);
#4551 = FACE_BOUND('',#4552,.T.);
#4552 = EDGE_LOOP('',(#4553,#4554,#4555,#4556));
#4553 = ORIENTED_EDGE('',*,*,#4462,.T.);
#4554 = ORIENTED_EDGE('',*,*,#4477,.T.);
#4555 = ORIENTED_EDGE('',*,*,#4501,.F.);
#4556 = ORIENTED_EDGE('',*,*,#4422,.F.);
#4557 = PLANE('',#4558);
#4558 = AXIS2_PLACEMENT_3D('',#4559,#4560,#4561);
#4559 = CARTESIAN_POINT('',(1.4,-1.225,1.79));
#4560 = DIRECTION('',(0.,-1.,0.));
#4561 = DIRECTION('',(0.,0.,1.));
#4562 = ( GEOMETRIC_REPRESENTATION_CONTEXT(3) 
GLOBAL_UNCERTAINTY_ASSIGNED_CONTEXT((#4566)) 
GLOBAL_UNIT_ASSIGNED_CONTEXT((#4563,#4564,#4565)) REPRESENTATION_CONTEXT
('Context #1','3D Context with UNIT and UNCERTAINTY') );
#4563 = ( LENGTH_UNIT() NAMED_UNIT(*) SI_UNIT(.MILLI.,.METRE.) );
#4564 = ( NAMED_UNIT(*) PLANE_ANGLE_UNIT() SI_UNIT($,.RADIAN.) );
#4565 = ( NAMED_UNIT(*) SI_UNIT($,.STERADIAN.) SOLID_ANGLE_UNIT() );
#4566 = UNCERTAINTY_MEASURE_WITH_UNIT(LENGTH_MEASURE(1.E-07),#4563,
  'distance_accuracy_value','confusion accuracy');
#4567 = CONTEXT_DEPENDENT_SHAPE_REPRESENTATION(#4568,#4570);
#4568 = ( REPRESENTATION_RELATIONSHIP('','',#1757,#10) 
REPRESENTATION_RELATIONSHIP_WITH_TRANSFORMATION(#4569) 
SHAPE_REPRESENTATION_RELATIONSHIP() );
#4569 = ITEM_DEFINED_TRANSFORMATION('','',#11,#35);
#4570 = PRODUCT_DEFINITION_SHAPE('Placement','Placement of an item',
  #4571);
#4571 = NEXT_ASSEMBLY_USAGE_OCCURRENCE('6','J1','',#5,#1752,$);
#4572 = PRODUCT_RELATED_PRODUCT_CATEGORY('part',$,(#1754));
#4573 = CONTEXT_DEPENDENT_SHAPE_REPRESENTATION(#4574,#4576);
#4574 = ( REPRESENTATION_RELATIONSHIP('','',#60,#10) 
REPRESENTATION_RELATIONSHIP_WITH_TRANSFORMATION(#4575) 
SHAPE_REPRESENTATION_RELATIONSHIP() );
#4575 = ITEM_DEFINED_TRANSFORMATION('','',#11,#39);
#4576 = PRODUCT_DEFINITION_SHAPE('Placement','Placement of an item',
  #4577);
#4577 = NEXT_ASSEMBLY_USAGE_OCCURRENCE('7','C2','',#5,#55,$);
#4578 = SHAPE_DEFINITION_REPRESENTATION(#4579,#4585);
#4579 = PRODUCT_DEFINITION_SHAPE('','',#4580);
#4580 = PRODUCT_DEFINITION('design','',#4581,#4584);
#4581 = PRODUCT_DEFINITION_FORMATION('','',#4582);
#4582 = PRODUCT('t9_keypad_back_PCB','t9_keypad_back_PCB','',(#4583));
#4583 = PRODUCT_CONTEXT('',#2,'mechanical');
#4584 = PRODUCT_DEFINITION_CONTEXT('part definition',#2,'design');
#4585 = ADVANCED_BREP_SHAPE_REPRESENTATION('',(#11,#4586),#6748);
#4586 = MANIFOLD_SOLID_BREP('',#4587);
#4587 = CLOSED_SHELL('',(#4588,#4630,#4661,#4692,#5272,#5852,#5869,#5886
    ,#5903,#5920,#5932,#5949,#5966,#5983,#6000,#6017,#6034,#6051,#6068,
    #6085,#6102,#6119,#6136,#6153,#6170,#6187,#6204,#6221,#6238,#6255,
    #6272,#6289,#6306,#6323,#6340,#6357,#6374,#6391,#6408,#6425,#6442,
    #6459,#6476,#6493,#6510,#6527,#6544,#6561,#6578,#6595,#6612,#6629,
    #6646,#6663,#6680,#6697,#6714,#6731));
#4588 = ADVANCED_FACE('',(#4589),#4625,.T.);
#4589 = FACE_BOUND('',#4590,.T.);
#4590 = EDGE_LOOP('',(#4591,#4601,#4610,#4618));
#4591 = ORIENTED_EDGE('',*,*,#4592,.T.);
#4592 = EDGE_CURVE('',#4593,#4595,#4597,.T.);
#4593 = VERTEX_POINT('',#4594);
#4594 = CARTESIAN_POINT('',(146.,-100.,0.));
#4595 = VERTEX_POINT('',#4596);
#4596 = CARTESIAN_POINT('',(146.,-100.,1.51));
#4597 = LINE('',#4598,#4599);
#4598 = CARTESIAN_POINT('',(146.,-100.,0.));
#4599 = VECTOR('',#4600,1.);
#4600 = DIRECTION('',(0.,0.,1.));
#4601 = ORIENTED_EDGE('',*,*,#4602,.T.);
#4602 = EDGE_CURVE('',#4595,#4603,#4605,.T.);
#4603 = VERTEX_POINT('',#4604);
#4604 = CARTESIAN_POINT('',(148.,-102.,1.51));
#4605 = CIRCLE('',#4606,1.99999850585);
#4606 = AXIS2_PLACEMENT_3D('',#4607,#4608,#4609);
#4607 = CARTESIAN_POINT('',(146.00000149415,-101.9999985058,1.51));
#4608 = DIRECTION('',(0.,0.,-1.));
#4609 = DIRECTION('',(-7.470757349539E-07,1.,0.));
#4610 = ORIENTED_EDGE('',*,*,#4611,.F.);
#4611 = EDGE_CURVE('',#4612,#4603,#4614,.T.);
#4612 = VERTEX_POINT('',#4613);
#4613 = CARTESIAN_POINT('',(148.,-102.,0.));
#4614 = LINE('',#4615,#4616);
#4615 = CARTESIAN_POINT('',(148.,-102.,0.));
#4616 = VECTOR('',#4617,1.);
#4617 = DIRECTION('',(0.,0.,1.));
#4618 = ORIENTED_EDGE('',*,*,#4619,.F.);
#4619 = EDGE_CURVE('',#4593,#4612,#4620,.T.);
#4620 = CIRCLE('',#4621,1.99999850585);
#4621 = AXIS2_PLACEMENT_3D('',#4622,#4623,#4624);
#4622 = CARTESIAN_POINT('',(146.00000149415,-101.9999985058,0.));
#4623 = DIRECTION('',(0.,0.,-1.));
#4624 = DIRECTION('',(-7.470757349539E-07,1.,0.));
#4625 = CYLINDRICAL_SURFACE('',#4626,1.99999850585);
#4626 = AXIS2_PLACEMENT_3D('',#4627,#4628,#4629);
#4627 = CARTESIAN_POINT('',(146.00000149415,-101.9999985058,0.));
#4628 = DIRECTION('',(0.,0.,-1.));
#4629 = DIRECTION('',(-7.470757349539E-07,1.,0.));
#4630 = ADVANCED_FACE('',(#4631),#4656,.T.);
#4631 = FACE_BOUND('',#4632,.T.);
#4632 = EDGE_LOOP('',(#4633,#4643,#4649,#4650));
#4633 = ORIENTED_EDGE('',*,*,#4634,.T.);
#4634 = EDGE_CURVE('',#4635,#4637,#4639,.T.);
#4635 = VERTEX_POINT('',#4636);
#4636 = CARTESIAN_POINT('',(102.,-100.,0.));
#4637 = VERTEX_POINT('',#4638);
#4638 = CARTESIAN_POINT('',(102.,-100.,1.51));
#4639 = LINE('',#4640,#4641);
#4640 = CARTESIAN_POINT('',(102.,-100.,0.));
#4641 = VECTOR('',#4642,1.);
#4642 = DIRECTION('',(0.,0.,1.));
#4643 = ORIENTED_EDGE('',*,*,#4644,.T.);
#4644 = EDGE_CURVE('',#4637,#4595,#4645,.T.);
#4645 = LINE('',#4646,#4647);
#4646 = CARTESIAN_POINT('',(102.,-100.,1.51));
#4647 = VECTOR('',#4648,1.);
#4648 = DIRECTION('',(1.,0.,0.));
#4649 = ORIENTED_EDGE('',*,*,#4592,.F.);
#4650 = ORIENTED_EDGE('',*,*,#4651,.F.);
#4651 = EDGE_CURVE('',#4635,#4593,#4652,.T.);
#4652 = LINE('',#4653,#4654);
#4653 = CARTESIAN_POINT('',(102.,-100.,0.));
#4654 = VECTOR('',#4655,1.);
#4655 = DIRECTION('',(1.,0.,0.));
#4656 = PLANE('',#4657);
#4657 = AXIS2_PLACEMENT_3D('',#4658,#4659,#4660);
#4658 = CARTESIAN_POINT('',(102.,-100.,0.));
#4659 = DIRECTION('',(0.,1.,0.));
#4660 = DIRECTION('',(1.,0.,0.));
#4661 = ADVANCED_FACE('',(#4662),#4687,.T.);
#4662 = FACE_BOUND('',#4663,.T.);
#4663 = EDGE_LOOP('',(#4664,#4665,#4673,#4681));
#4664 = ORIENTED_EDGE('',*,*,#4611,.T.);
#4665 = ORIENTED_EDGE('',*,*,#4666,.T.);
#4666 = EDGE_CURVE('',#4603,#4667,#4669,.T.);
#4667 = VERTEX_POINT('',#4668);
#4668 = CARTESIAN_POINT('',(148.,-166.,1.51));
#4669 = LINE('',#4670,#4671);
#4670 = CARTESIAN_POINT('',(148.,-102.,1.51));
#4671 = VECTOR('',#4672,1.);
#4672 = DIRECTION('',(0.,-1.,0.));
#4673 = ORIENTED_EDGE('',*,*,#4674,.F.);
#4674 = EDGE_CURVE('',#4675,#4667,#4677,.T.);
#4675 = VERTEX_POINT('',#4676);
#4676 = CARTESIAN_POINT('',(148.,-166.,0.));
#4677 = LINE('',#4678,#4679);
#4678 = CARTESIAN_POINT('',(148.,-166.,0.));
#4679 = VECTOR('',#4680,1.);
#4680 = DIRECTION('',(0.,0.,1.));
#4681 = ORIENTED_EDGE('',*,*,#4682,.F.);
#4682 = EDGE_CURVE('',#4612,#4675,#4683,.T.);
#4683 = LINE('',#4684,#4685);
#4684 = CARTESIAN_POINT('',(148.,-102.,0.));
#4685 = VECTOR('',#4686,1.);
#4686 = DIRECTION('',(0.,-1.,0.));
#4687 = PLANE('',#4688);
#4688 = AXIS2_PLACEMENT_3D('',#4689,#4690,#4691);
#4689 = CARTESIAN_POINT('',(148.,-102.,0.));
#4690 = DIRECTION('',(1.,0.,-0.));
#4691 = DIRECTION('',(0.,-1.,0.));
#4692 = ADVANCED_FACE('',(#4693,#4739,#4750,#4761,#4772,#4783,#4794,
    #4805,#4816,#4827,#4838,#4849,#4860,#4871,#4882,#4893,#4904,#4915,
    #4926,#4937,#4948,#4959,#4970,#4981,#4992,#5003,#5014,#5025,#5036,
    #5047,#5058,#5069,#5080,#5091,#5102,#5113,#5124,#5135,#5146,#5157,
    #5168,#5179,#5190,#5201,#5212,#5223,#5234,#5245,#5256),#5267,.F.);
#4693 = FACE_BOUND('',#4694,.F.);
#4694 = EDGE_LOOP('',(#4695,#4696,#4697,#4706,#4714,#4723,#4731,#4738));
#4695 = ORIENTED_EDGE('',*,*,#4619,.F.);
#4696 = ORIENTED_EDGE('',*,*,#4651,.F.);
#4697 = ORIENTED_EDGE('',*,*,#4698,.F.);
#4698 = EDGE_CURVE('',#4699,#4635,#4701,.T.);
#4699 = VERTEX_POINT('',#4700);
#4700 = CARTESIAN_POINT('',(100.,-102.,0.));
#4701 = CIRCLE('',#4702,1.99999850585);
#4702 = AXIS2_PLACEMENT_3D('',#4703,#4704,#4705);
#4703 = CARTESIAN_POINT('',(101.99999850585,-101.9999985058,0.));
#4704 = DIRECTION('',(0.,0.,-1.));
#4705 = DIRECTION('',(-1.,-7.470757491648E-07,-0.));
#4706 = ORIENTED_EDGE('',*,*,#4707,.F.);
#4707 = EDGE_CURVE('',#4708,#4699,#4710,.T.);
#4708 = VERTEX_POINT('',#4709);
#4709 = CARTESIAN_POINT('',(100.,-166.,0.));
#4710 = LINE('',#4711,#4712);
#4711 = CARTESIAN_POINT('',(100.,-166.,0.));
#4712 = VECTOR('',#4713,1.);
#4713 = DIRECTION('',(0.,1.,0.));
#4714 = ORIENTED_EDGE('',*,*,#4715,.F.);
#4715 = EDGE_CURVE('',#4716,#4708,#4718,.T.);
#4716 = VERTEX_POINT('',#4717);
#4717 = CARTESIAN_POINT('',(102.,-168.,0.));
#4718 = CIRCLE('',#4719,1.99999850585);
#4719 = AXIS2_PLACEMENT_3D('',#4720,#4721,#4722);
#4720 = CARTESIAN_POINT('',(101.99999850585,-166.0000014941,0.));
#4721 = DIRECTION('',(0.,0.,-1.));
#4722 = DIRECTION('',(7.470757349539E-07,-1.,0.));
#4723 = ORIENTED_EDGE('',*,*,#4724,.F.);
#4724 = EDGE_CURVE('',#4725,#4716,#4727,.T.);
#4725 = VERTEX_POINT('',#4726);
#4726 = CARTESIAN_POINT('',(146.,-168.,0.));
#4727 = LINE('',#4728,#4729);
#4728 = CARTESIAN_POINT('',(146.,-168.,0.));
#4729 = VECTOR('',#4730,1.);
#4730 = DIRECTION('',(-1.,0.,0.));
#4731 = ORIENTED_EDGE('',*,*,#4732,.F.);
#4732 = EDGE_CURVE('',#4675,#4725,#4733,.T.);
#4733 = CIRCLE('',#4734,1.99999850585);
#4734 = AXIS2_PLACEMENT_3D('',#4735,#4736,#4737);
#4735 = CARTESIAN_POINT('',(146.00000149415,-166.0000014941,0.));
#4736 = DIRECTION('',(0.,0.,-1.));
#4737 = DIRECTION('',(1.,7.47075720743E-07,0.));
#4738 = ORIENTED_EDGE('',*,*,#4682,.F.);
#4739 = FACE_BOUND('',#4740,.F.);
#4740 = EDGE_LOOP('',(#4741));
#4741 = ORIENTED_EDGE('',*,*,#4742,.T.);
#4742 = EDGE_CURVE('',#4743,#4743,#4745,.T.);
#4743 = VERTEX_POINT('',#4744);
#4744 = CARTESIAN_POINT('',(108.61,-161.81,0.));
#4745 = CIRCLE('',#4746,0.2);
#4746 = AXIS2_PLACEMENT_3D('',#4747,#4748,#4749);
#4747 = CARTESIAN_POINT('',(108.61,-161.61,0.));
#4748 = DIRECTION('',(-0.,0.,-1.));
#4749 = DIRECTION('',(-0.,-1.,0.));
#4750 = FACE_BOUND('',#4751,.F.);
#4751 = EDGE_LOOP('',(#4752));
#4752 = ORIENTED_EDGE('',*,*,#4753,.T.);
#4753 = EDGE_CURVE('',#4754,#4754,#4756,.T.);
#4754 = VERTEX_POINT('',#4755);
#4755 = CARTESIAN_POINT('',(109.,-160.02,0.));
#4756 = CIRCLE('',#4757,0.15);
#4757 = AXIS2_PLACEMENT_3D('',#4758,#4759,#4760);
#4758 = CARTESIAN_POINT('',(109.,-159.87,0.));
#4759 = DIRECTION('',(-0.,0.,-1.));
#4760 = DIRECTION('',(-0.,-1.,0.));
#4761 = FACE_BOUND('',#4762,.F.);
#4762 = EDGE_LOOP('',(#4763));
#4763 = ORIENTED_EDGE('',*,*,#4764,.T.);
#4764 = EDGE_CURVE('',#4765,#4765,#4767,.T.);
#4765 = VERTEX_POINT('',#4766);
#4766 = CARTESIAN_POINT('',(108.61,-152.81,0.));
#4767 = CIRCLE('',#4768,0.2);
#4768 = AXIS2_PLACEMENT_3D('',#4769,#4770,#4771);
#4769 = CARTESIAN_POINT('',(108.61,-152.61,0.));
#4770 = DIRECTION('',(-0.,0.,-1.));
#4771 = DIRECTION('',(-0.,-1.,0.));
#4772 = FACE_BOUND('',#4773,.F.);
#4773 = EDGE_LOOP('',(#4774));
#4774 = ORIENTED_EDGE('',*,*,#4775,.T.);
#4775 = EDGE_CURVE('',#4776,#4776,#4778,.T.);
#4776 = VERTEX_POINT('',#4777);
#4777 = CARTESIAN_POINT('',(109.,-151.02,0.));
#4778 = CIRCLE('',#4779,0.15);
#4779 = AXIS2_PLACEMENT_3D('',#4780,#4781,#4782);
#4780 = CARTESIAN_POINT('',(109.,-150.87,0.));
#4781 = DIRECTION('',(-0.,0.,-1.));
#4782 = DIRECTION('',(-0.,-1.,0.));
#4783 = FACE_BOUND('',#4784,.F.);
#4784 = EDGE_LOOP('',(#4785));
#4785 = ORIENTED_EDGE('',*,*,#4786,.T.);
#4786 = EDGE_CURVE('',#4787,#4787,#4789,.T.);
#4787 = VERTEX_POINT('',#4788);
#4788 = CARTESIAN_POINT('',(123.61,-161.81,0.));
#4789 = CIRCLE('',#4790,0.2);
#4790 = AXIS2_PLACEMENT_3D('',#4791,#4792,#4793);
#4791 = CARTESIAN_POINT('',(123.61,-161.61,0.));
#4792 = DIRECTION('',(-0.,0.,-1.));
#4793 = DIRECTION('',(-0.,-1.,0.));
#4794 = FACE_BOUND('',#4795,.F.);
#4795 = EDGE_LOOP('',(#4796));
#4796 = ORIENTED_EDGE('',*,*,#4797,.T.);
#4797 = EDGE_CURVE('',#4798,#4798,#4800,.T.);
#4798 = VERTEX_POINT('',#4799);
#4799 = CARTESIAN_POINT('',(123.61,-152.81,0.));
#4800 = CIRCLE('',#4801,0.2);
#4801 = AXIS2_PLACEMENT_3D('',#4802,#4803,#4804);
#4802 = CARTESIAN_POINT('',(123.61,-152.61,0.));
#4803 = DIRECTION('',(-0.,0.,-1.));
#4804 = DIRECTION('',(-0.,-1.,0.));
#4805 = FACE_BOUND('',#4806,.F.);
#4806 = EDGE_LOOP('',(#4807));
#4807 = ORIENTED_EDGE('',*,*,#4808,.T.);
#4808 = EDGE_CURVE('',#4809,#4809,#4811,.T.);
#4809 = VERTEX_POINT('',#4810);
#4810 = CARTESIAN_POINT('',(108.61,-143.81,0.));
#4811 = CIRCLE('',#4812,0.2);
#4812 = AXIS2_PLACEMENT_3D('',#4813,#4814,#4815);
#4813 = CARTESIAN_POINT('',(108.61,-143.61,0.));
#4814 = DIRECTION('',(-0.,0.,-1.));
#4815 = DIRECTION('',(-0.,-1.,0.));
#4816 = FACE_BOUND('',#4817,.F.);
#4817 = EDGE_LOOP('',(#4818));
#4818 = ORIENTED_EDGE('',*,*,#4819,.T.);
#4819 = EDGE_CURVE('',#4820,#4820,#4822,.T.);
#4820 = VERTEX_POINT('',#4821);
#4821 = CARTESIAN_POINT('',(109.,-142.02,0.));
#4822 = CIRCLE('',#4823,0.15);
#4823 = AXIS2_PLACEMENT_3D('',#4824,#4825,#4826);
#4824 = CARTESIAN_POINT('',(109.,-141.87,0.));
#4825 = DIRECTION('',(-0.,0.,-1.));
#4826 = DIRECTION('',(-0.,-1.,0.));
#4827 = FACE_BOUND('',#4828,.F.);
#4828 = EDGE_LOOP('',(#4829));
#4829 = ORIENTED_EDGE('',*,*,#4830,.T.);
#4830 = EDGE_CURVE('',#4831,#4831,#4833,.T.);
#4831 = VERTEX_POINT('',#4832);
#4832 = CARTESIAN_POINT('',(108.61,-134.81,0.));
#4833 = CIRCLE('',#4834,0.2);
#4834 = AXIS2_PLACEMENT_3D('',#4835,#4836,#4837);
#4835 = CARTESIAN_POINT('',(108.61,-134.61,0.));
#4836 = DIRECTION('',(-0.,0.,-1.));
#4837 = DIRECTION('',(-0.,-1.,0.));
#4838 = FACE_BOUND('',#4839,.F.);
#4839 = EDGE_LOOP('',(#4840));
#4840 = ORIENTED_EDGE('',*,*,#4841,.T.);
#4841 = EDGE_CURVE('',#4842,#4842,#4844,.T.);
#4842 = VERTEX_POINT('',#4843);
#4843 = CARTESIAN_POINT('',(109.,-133.02,0.));
#4844 = CIRCLE('',#4845,0.15);
#4845 = AXIS2_PLACEMENT_3D('',#4846,#4847,#4848);
#4846 = CARTESIAN_POINT('',(109.,-132.87,0.));
#4847 = DIRECTION('',(-0.,0.,-1.));
#4848 = DIRECTION('',(-0.,-1.,0.));
#4849 = FACE_BOUND('',#4850,.F.);
#4850 = EDGE_LOOP('',(#4851));
#4851 = ORIENTED_EDGE('',*,*,#4852,.T.);
#4852 = EDGE_CURVE('',#4853,#4853,#4855,.T.);
#4853 = VERTEX_POINT('',#4854);
#4854 = CARTESIAN_POINT('',(123.61,-143.81,0.));
#4855 = CIRCLE('',#4856,0.2);
#4856 = AXIS2_PLACEMENT_3D('',#4857,#4858,#4859);
#4857 = CARTESIAN_POINT('',(123.61,-143.61,0.));
#4858 = DIRECTION('',(-0.,0.,-1.));
#4859 = DIRECTION('',(-0.,-1.,0.));
#4860 = FACE_BOUND('',#4861,.F.);
#4861 = EDGE_LOOP('',(#4862));
#4862 = ORIENTED_EDGE('',*,*,#4863,.T.);
#4863 = EDGE_CURVE('',#4864,#4864,#4866,.T.);
#4864 = VERTEX_POINT('',#4865);
#4865 = CARTESIAN_POINT('',(123.61,-134.81,0.));
#4866 = CIRCLE('',#4867,0.2);
#4867 = AXIS2_PLACEMENT_3D('',#4868,#4869,#4870);
#4868 = CARTESIAN_POINT('',(123.61,-134.61,0.));
#4869 = DIRECTION('',(-0.,0.,-1.));
#4870 = DIRECTION('',(-0.,-1.,0.));
#4871 = FACE_BOUND('',#4872,.F.);
#4872 = EDGE_LOOP('',(#4873));
#4873 = ORIENTED_EDGE('',*,*,#4874,.T.);
#4874 = EDGE_CURVE('',#4875,#4875,#4877,.T.);
#4875 = VERTEX_POINT('',#4876);
#4876 = CARTESIAN_POINT('',(124.,-160.02,0.));
#4877 = CIRCLE('',#4878,0.15);
#4878 = AXIS2_PLACEMENT_3D('',#4879,#4880,#4881);
#4879 = CARTESIAN_POINT('',(124.,-159.87,0.));
#4880 = DIRECTION('',(-0.,0.,-1.));
#4881 = DIRECTION('',(-0.,-1.,0.));
#4882 = FACE_BOUND('',#4883,.F.);
#4883 = EDGE_LOOP('',(#4884));
#4884 = ORIENTED_EDGE('',*,*,#4885,.T.);
#4885 = EDGE_CURVE('',#4886,#4886,#4888,.T.);
#4886 = VERTEX_POINT('',#4887);
#4887 = CARTESIAN_POINT('',(124.,-151.02,0.));
#4888 = CIRCLE('',#4889,0.15);
#4889 = AXIS2_PLACEMENT_3D('',#4890,#4891,#4892);
#4890 = CARTESIAN_POINT('',(124.,-150.87,0.));
#4891 = DIRECTION('',(-0.,0.,-1.));
#4892 = DIRECTION('',(-0.,-1.,0.));
#4893 = FACE_BOUND('',#4894,.F.);
#4894 = EDGE_LOOP('',(#4895));
#4895 = ORIENTED_EDGE('',*,*,#4896,.T.);
#4896 = EDGE_CURVE('',#4897,#4897,#4899,.T.);
#4897 = VERTEX_POINT('',#4898);
#4898 = CARTESIAN_POINT('',(138.61,-161.81,0.));
#4899 = CIRCLE('',#4900,0.2);
#4900 = AXIS2_PLACEMENT_3D('',#4901,#4902,#4903);
#4901 = CARTESIAN_POINT('',(138.61,-161.61,0.));
#4902 = DIRECTION('',(-0.,0.,-1.));
#4903 = DIRECTION('',(-0.,-1.,0.));
#4904 = FACE_BOUND('',#4905,.F.);
#4905 = EDGE_LOOP('',(#4906));
#4906 = ORIENTED_EDGE('',*,*,#4907,.T.);
#4907 = EDGE_CURVE('',#4908,#4908,#4910,.T.);
#4908 = VERTEX_POINT('',#4909);
#4909 = CARTESIAN_POINT('',(139.,-160.02,0.));
#4910 = CIRCLE('',#4911,0.15);
#4911 = AXIS2_PLACEMENT_3D('',#4912,#4913,#4914);
#4912 = CARTESIAN_POINT('',(139.,-159.87,0.));
#4913 = DIRECTION('',(-0.,0.,-1.));
#4914 = DIRECTION('',(-0.,-1.,0.));
#4915 = FACE_BOUND('',#4916,.F.);
#4916 = EDGE_LOOP('',(#4917));
#4917 = ORIENTED_EDGE('',*,*,#4918,.T.);
#4918 = EDGE_CURVE('',#4919,#4919,#4921,.T.);
#4919 = VERTEX_POINT('',#4920);
#4920 = CARTESIAN_POINT('',(138.61,-152.81,0.));
#4921 = CIRCLE('',#4922,0.2);
#4922 = AXIS2_PLACEMENT_3D('',#4923,#4924,#4925);
#4923 = CARTESIAN_POINT('',(138.61,-152.61,0.));
#4924 = DIRECTION('',(-0.,0.,-1.));
#4925 = DIRECTION('',(-0.,-1.,0.));
#4926 = FACE_BOUND('',#4927,.F.);
#4927 = EDGE_LOOP('',(#4928));
#4928 = ORIENTED_EDGE('',*,*,#4929,.T.);
#4929 = EDGE_CURVE('',#4930,#4930,#4932,.T.);
#4930 = VERTEX_POINT('',#4931);
#4931 = CARTESIAN_POINT('',(139.,-151.02,0.));
#4932 = CIRCLE('',#4933,0.15);
#4933 = AXIS2_PLACEMENT_3D('',#4934,#4935,#4936);
#4934 = CARTESIAN_POINT('',(139.,-150.87,0.));
#4935 = DIRECTION('',(-0.,0.,-1.));
#4936 = DIRECTION('',(-0.,-1.,0.));
#4937 = FACE_BOUND('',#4938,.F.);
#4938 = EDGE_LOOP('',(#4939));
#4939 = ORIENTED_EDGE('',*,*,#4940,.T.);
#4940 = EDGE_CURVE('',#4941,#4941,#4943,.T.);
#4941 = VERTEX_POINT('',#4942);
#4942 = CARTESIAN_POINT('',(124.,-142.02,0.));
#4943 = CIRCLE('',#4944,0.15);
#4944 = AXIS2_PLACEMENT_3D('',#4945,#4946,#4947);
#4945 = CARTESIAN_POINT('',(124.,-141.87,0.));
#4946 = DIRECTION('',(-0.,0.,-1.));
#4947 = DIRECTION('',(-0.,-1.,0.));
#4948 = FACE_BOUND('',#4949,.F.);
#4949 = EDGE_LOOP('',(#4950));
#4950 = ORIENTED_EDGE('',*,*,#4951,.T.);
#4951 = EDGE_CURVE('',#4952,#4952,#4954,.T.);
#4952 = VERTEX_POINT('',#4953);
#4953 = CARTESIAN_POINT('',(124.,-133.02,0.));
#4954 = CIRCLE('',#4955,0.15);
#4955 = AXIS2_PLACEMENT_3D('',#4956,#4957,#4958);
#4956 = CARTESIAN_POINT('',(124.,-132.87,0.));
#4957 = DIRECTION('',(-0.,0.,-1.));
#4958 = DIRECTION('',(-0.,-1.,0.));
#4959 = FACE_BOUND('',#4960,.F.);
#4960 = EDGE_LOOP('',(#4961));
#4961 = ORIENTED_EDGE('',*,*,#4962,.T.);
#4962 = EDGE_CURVE('',#4963,#4963,#4965,.T.);
#4963 = VERTEX_POINT('',#4964);
#4964 = CARTESIAN_POINT('',(138.61,-143.81,0.));
#4965 = CIRCLE('',#4966,0.2);
#4966 = AXIS2_PLACEMENT_3D('',#4967,#4968,#4969);
#4967 = CARTESIAN_POINT('',(138.61,-143.61,0.));
#4968 = DIRECTION('',(-0.,0.,-1.));
#4969 = DIRECTION('',(-0.,-1.,0.));
#4970 = FACE_BOUND('',#4971,.F.);
#4971 = EDGE_LOOP('',(#4972));
#4972 = ORIENTED_EDGE('',*,*,#4973,.T.);
#4973 = EDGE_CURVE('',#4974,#4974,#4976,.T.);
#4974 = VERTEX_POINT('',#4975);
#4975 = CARTESIAN_POINT('',(139.,-142.02,0.));
#4976 = CIRCLE('',#4977,0.15);
#4977 = AXIS2_PLACEMENT_3D('',#4978,#4979,#4980);
#4978 = CARTESIAN_POINT('',(139.,-141.87,0.));
#4979 = DIRECTION('',(-0.,0.,-1.));
#4980 = DIRECTION('',(-0.,-1.,0.));
#4981 = FACE_BOUND('',#4982,.F.);
#4982 = EDGE_LOOP('',(#4983));
#4983 = ORIENTED_EDGE('',*,*,#4984,.T.);
#4984 = EDGE_CURVE('',#4985,#4985,#4987,.T.);
#4985 = VERTEX_POINT('',#4986);
#4986 = CARTESIAN_POINT('',(138.61,-134.81,0.));
#4987 = CIRCLE('',#4988,0.2);
#4988 = AXIS2_PLACEMENT_3D('',#4989,#4990,#4991);
#4989 = CARTESIAN_POINT('',(138.61,-134.61,0.));
#4990 = DIRECTION('',(-0.,0.,-1.));
#4991 = DIRECTION('',(-0.,-1.,0.));
#4992 = FACE_BOUND('',#4993,.F.);
#4993 = EDGE_LOOP('',(#4994));
#4994 = ORIENTED_EDGE('',*,*,#4995,.T.);
#4995 = EDGE_CURVE('',#4996,#4996,#4998,.T.);
#4996 = VERTEX_POINT('',#4997);
#4997 = CARTESIAN_POINT('',(139.,-133.02,0.));
#4998 = CIRCLE('',#4999,0.15);
#4999 = AXIS2_PLACEMENT_3D('',#5000,#5001,#5002);
#5000 = CARTESIAN_POINT('',(139.,-132.87,0.));
#5001 = DIRECTION('',(-0.,0.,-1.));
#5002 = DIRECTION('',(-0.,-1.,0.));
#5003 = FACE_BOUND('',#5004,.F.);
#5004 = EDGE_LOOP('',(#5005));
#5005 = ORIENTED_EDGE('',*,*,#5006,.T.);
#5006 = EDGE_CURVE('',#5007,#5007,#5009,.T.);
#5007 = VERTEX_POINT('',#5008);
#5008 = CARTESIAN_POINT('',(107.36,-124.31,0.));
#5009 = CIRCLE('',#5010,0.2);
#5010 = AXIS2_PLACEMENT_3D('',#5011,#5012,#5013);
#5011 = CARTESIAN_POINT('',(107.36,-124.11,0.));
#5012 = DIRECTION('',(-0.,0.,-1.));
#5013 = DIRECTION('',(-0.,-1.,0.));
#5014 = FACE_BOUND('',#5015,.F.);
#5015 = EDGE_LOOP('',(#5016));
#5016 = ORIENTED_EDGE('',*,*,#5017,.T.);
#5017 = EDGE_CURVE('',#5018,#5018,#5020,.T.);
#5018 = VERTEX_POINT('',#5019);
#5019 = CARTESIAN_POINT('',(107.75,-122.52,0.));
#5020 = CIRCLE('',#5021,0.15);
#5021 = AXIS2_PLACEMENT_3D('',#5022,#5023,#5024);
#5022 = CARTESIAN_POINT('',(107.75,-122.37,0.));
#5023 = DIRECTION('',(-0.,0.,-1.));
#5024 = DIRECTION('',(-0.,-1.,0.));
#5025 = FACE_BOUND('',#5026,.F.);
#5026 = EDGE_LOOP('',(#5027));
#5027 = ORIENTED_EDGE('',*,*,#5028,.T.);
#5028 = EDGE_CURVE('',#5029,#5029,#5031,.T.);
#5029 = VERTEX_POINT('',#5030);
#5030 = CARTESIAN_POINT('',(123.72,-126.495,0.));
#5031 = CIRCLE('',#5032,0.15);
#5032 = AXIS2_PLACEMENT_3D('',#5033,#5034,#5035);
#5033 = CARTESIAN_POINT('',(123.72,-126.345,0.));
#5034 = DIRECTION('',(-0.,0.,-1.));
#5035 = DIRECTION('',(-0.,-1.,0.));
#5036 = FACE_BOUND('',#5037,.F.);
#5037 = EDGE_LOOP('',(#5038));
#5038 = ORIENTED_EDGE('',*,*,#5039,.T.);
#5039 = EDGE_CURVE('',#5040,#5040,#5042,.T.);
#5040 = VERTEX_POINT('',#5041);
#5041 = CARTESIAN_POINT('',(116.595,-119.37,0.));
#5042 = CIRCLE('',#5043,0.15);
#5043 = AXIS2_PLACEMENT_3D('',#5044,#5045,#5046);
#5044 = CARTESIAN_POINT('',(116.595,-119.22,0.));
#5045 = DIRECTION('',(-0.,0.,-1.));
#5046 = DIRECTION('',(-0.,-1.,0.));
#5047 = FACE_BOUND('',#5048,.F.);
#5048 = EDGE_LOOP('',(#5049));
#5049 = ORIENTED_EDGE('',*,*,#5050,.T.);
#5050 = EDGE_CURVE('',#5051,#5051,#5053,.T.);
#5051 = VERTEX_POINT('',#5052);
#5052 = CARTESIAN_POINT('',(116.875,-118.05,0.));
#5053 = CIRCLE('',#5054,0.15);
#5054 = AXIS2_PLACEMENT_3D('',#5055,#5056,#5057);
#5055 = CARTESIAN_POINT('',(116.875,-117.9,0.));
#5056 = DIRECTION('',(-0.,0.,-1.));
#5057 = DIRECTION('',(-0.,-1.,0.));
#5058 = FACE_BOUND('',#5059,.F.);
#5059 = EDGE_LOOP('',(#5060));
#5060 = ORIENTED_EDGE('',*,*,#5061,.T.);
#5061 = EDGE_CURVE('',#5062,#5062,#5064,.T.);
#5062 = VERTEX_POINT('',#5063);
#5063 = CARTESIAN_POINT('',(123.61,-119.31,0.));
#5064 = CIRCLE('',#5065,0.2);
#5065 = AXIS2_PLACEMENT_3D('',#5066,#5067,#5068);
#5066 = CARTESIAN_POINT('',(123.61,-119.11,0.));
#5067 = DIRECTION('',(-0.,0.,-1.));
#5068 = DIRECTION('',(-0.,-1.,0.));
#5069 = FACE_BOUND('',#5070,.F.);
#5070 = EDGE_LOOP('',(#5071));
#5071 = ORIENTED_EDGE('',*,*,#5072,.T.);
#5072 = EDGE_CURVE('',#5073,#5073,#5075,.T.);
#5073 = VERTEX_POINT('',#5074);
#5074 = CARTESIAN_POINT('',(107.36,-114.31,0.));
#5075 = CIRCLE('',#5076,0.2);
#5076 = AXIS2_PLACEMENT_3D('',#5077,#5078,#5079);
#5077 = CARTESIAN_POINT('',(107.36,-114.11,0.));
#5078 = DIRECTION('',(-0.,0.,-1.));
#5079 = DIRECTION('',(-0.,-1.,0.));
#5080 = FACE_BOUND('',#5081,.F.);
#5081 = EDGE_LOOP('',(#5082));
#5082 = ORIENTED_EDGE('',*,*,#5083,.T.);
#5083 = EDGE_CURVE('',#5084,#5084,#5086,.T.);
#5084 = VERTEX_POINT('',#5085);
#5085 = CARTESIAN_POINT('',(107.75,-112.52,0.));
#5086 = CIRCLE('',#5087,0.15);
#5087 = AXIS2_PLACEMENT_3D('',#5088,#5089,#5090);
#5088 = CARTESIAN_POINT('',(107.75,-112.37,0.));
#5089 = DIRECTION('',(-0.,0.,-1.));
#5090 = DIRECTION('',(-0.,-1.,0.));
#5091 = FACE_BOUND('',#5092,.F.);
#5092 = EDGE_LOOP('',(#5093));
#5093 = ORIENTED_EDGE('',*,*,#5094,.T.);
#5094 = EDGE_CURVE('',#5095,#5095,#5097,.T.);
#5095 = VERTEX_POINT('',#5096);
#5096 = CARTESIAN_POINT('',(108.72,-104.87,0.));
#5097 = CIRCLE('',#5098,0.15);
#5098 = AXIS2_PLACEMENT_3D('',#5099,#5100,#5101);
#5099 = CARTESIAN_POINT('',(108.72,-104.72,0.));
#5100 = DIRECTION('',(-0.,0.,-1.));
#5101 = DIRECTION('',(-0.,-1.,0.));
#5102 = FACE_BOUND('',#5103,.F.);
#5103 = EDGE_LOOP('',(#5104));
#5104 = ORIENTED_EDGE('',*,*,#5105,.T.);
#5105 = EDGE_CURVE('',#5106,#5106,#5108,.T.);
#5106 = VERTEX_POINT('',#5107);
#5107 = CARTESIAN_POINT('',(109.,-103.55,0.));
#5108 = CIRCLE('',#5109,0.15);
#5109 = AXIS2_PLACEMENT_3D('',#5110,#5111,#5112);
#5110 = CARTESIAN_POINT('',(109.,-103.4,0.));
#5111 = DIRECTION('',(-0.,0.,-1.));
#5112 = DIRECTION('',(-0.,-1.,0.));
#5113 = FACE_BOUND('',#5114,.F.);
#5114 = EDGE_LOOP('',(#5115));
#5115 = ORIENTED_EDGE('',*,*,#5116,.T.);
#5116 = EDGE_CURVE('',#5117,#5117,#5119,.T.);
#5117 = VERTEX_POINT('',#5118);
#5118 = CARTESIAN_POINT('',(123.72,-112.245,0.));
#5119 = CIRCLE('',#5120,0.15);
#5120 = AXIS2_PLACEMENT_3D('',#5121,#5122,#5123);
#5121 = CARTESIAN_POINT('',(123.72,-112.095,0.));
#5122 = DIRECTION('',(-0.,0.,-1.));
#5123 = DIRECTION('',(-0.,-1.,0.));
#5124 = FACE_BOUND('',#5125,.F.);
#5125 = EDGE_LOOP('',(#5126));
#5126 = ORIENTED_EDGE('',*,*,#5127,.T.);
#5127 = EDGE_CURVE('',#5128,#5128,#5130,.T.);
#5128 = VERTEX_POINT('',#5129);
#5129 = CARTESIAN_POINT('',(123.72,-104.87,0.));
#5130 = CIRCLE('',#5131,0.15);
#5131 = AXIS2_PLACEMENT_3D('',#5132,#5133,#5134);
#5132 = CARTESIAN_POINT('',(123.72,-104.72,0.));
#5133 = DIRECTION('',(-0.,0.,-1.));
#5134 = DIRECTION('',(-0.,-1.,0.));
#5135 = FACE_BOUND('',#5136,.F.);
#5136 = EDGE_LOOP('',(#5137));
#5137 = ORIENTED_EDGE('',*,*,#5138,.T.);
#5138 = EDGE_CURVE('',#5139,#5139,#5141,.T.);
#5139 = VERTEX_POINT('',#5140);
#5140 = CARTESIAN_POINT('',(124.,-125.175,0.));
#5141 = CIRCLE('',#5142,0.15);
#5142 = AXIS2_PLACEMENT_3D('',#5143,#5144,#5145);
#5143 = CARTESIAN_POINT('',(124.,-125.025,0.));
#5144 = DIRECTION('',(-0.,0.,-1.));
#5145 = DIRECTION('',(-0.,-1.,0.));
#5146 = FACE_BOUND('',#5147,.F.);
#5147 = EDGE_LOOP('',(#5148));
#5148 = ORIENTED_EDGE('',*,*,#5149,.T.);
#5149 = EDGE_CURVE('',#5150,#5150,#5152,.T.);
#5150 = VERTEX_POINT('',#5151);
#5151 = CARTESIAN_POINT('',(130.845,-119.37,0.));
#5152 = CIRCLE('',#5153,0.15);
#5153 = AXIS2_PLACEMENT_3D('',#5154,#5155,#5156);
#5154 = CARTESIAN_POINT('',(130.845,-119.22,0.));
#5155 = DIRECTION('',(-0.,0.,-1.));
#5156 = DIRECTION('',(-0.,-1.,0.));
#5157 = FACE_BOUND('',#5158,.F.);
#5158 = EDGE_LOOP('',(#5159));
#5159 = ORIENTED_EDGE('',*,*,#5160,.T.);
#5160 = EDGE_CURVE('',#5161,#5161,#5163,.T.);
#5161 = VERTEX_POINT('',#5162);
#5162 = CARTESIAN_POINT('',(131.125,-118.05,0.));
#5163 = CIRCLE('',#5164,0.15);
#5164 = AXIS2_PLACEMENT_3D('',#5165,#5166,#5167);
#5165 = CARTESIAN_POINT('',(131.125,-117.9,0.));
#5166 = DIRECTION('',(-0.,0.,-1.));
#5167 = DIRECTION('',(-0.,-1.,0.));
#5168 = FACE_BOUND('',#5169,.F.);
#5169 = EDGE_LOOP('',(#5170));
#5170 = ORIENTED_EDGE('',*,*,#5171,.T.);
#5171 = EDGE_CURVE('',#5172,#5172,#5174,.T.);
#5172 = VERTEX_POINT('',#5173);
#5173 = CARTESIAN_POINT('',(139.86,-124.31,0.));
#5174 = CIRCLE('',#5175,0.2);
#5175 = AXIS2_PLACEMENT_3D('',#5176,#5177,#5178);
#5176 = CARTESIAN_POINT('',(139.86,-124.11,0.));
#5177 = DIRECTION('',(-0.,0.,-1.));
#5178 = DIRECTION('',(-0.,-1.,0.));
#5179 = FACE_BOUND('',#5180,.F.);
#5180 = EDGE_LOOP('',(#5181));
#5181 = ORIENTED_EDGE('',*,*,#5182,.T.);
#5182 = EDGE_CURVE('',#5183,#5183,#5185,.T.);
#5183 = VERTEX_POINT('',#5184);
#5184 = CARTESIAN_POINT('',(140.25,-122.52,0.));
#5185 = CIRCLE('',#5186,0.15);
#5186 = AXIS2_PLACEMENT_3D('',#5187,#5188,#5189);
#5187 = CARTESIAN_POINT('',(140.25,-122.37,0.));
#5188 = DIRECTION('',(-0.,0.,-1.));
#5189 = DIRECTION('',(-0.,-1.,0.));
#5190 = FACE_BOUND('',#5191,.F.);
#5191 = EDGE_LOOP('',(#5192));
#5192 = ORIENTED_EDGE('',*,*,#5193,.T.);
#5193 = EDGE_CURVE('',#5194,#5194,#5196,.T.);
#5194 = VERTEX_POINT('',#5195);
#5195 = CARTESIAN_POINT('',(124.,-117.52,0.));
#5196 = CIRCLE('',#5197,0.15);
#5197 = AXIS2_PLACEMENT_3D('',#5198,#5199,#5200);
#5198 = CARTESIAN_POINT('',(124.,-117.37,0.));
#5199 = DIRECTION('',(-0.,0.,-1.));
#5200 = DIRECTION('',(-0.,-1.,0.));
#5201 = FACE_BOUND('',#5202,.F.);
#5202 = EDGE_LOOP('',(#5203));
#5203 = ORIENTED_EDGE('',*,*,#5204,.T.);
#5204 = EDGE_CURVE('',#5205,#5205,#5207,.T.);
#5205 = VERTEX_POINT('',#5206);
#5206 = CARTESIAN_POINT('',(124.,-110.925,0.));
#5207 = CIRCLE('',#5208,0.15);
#5208 = AXIS2_PLACEMENT_3D('',#5209,#5210,#5211);
#5209 = CARTESIAN_POINT('',(124.,-110.775,0.));
#5210 = DIRECTION('',(-0.,0.,-1.));
#5211 = DIRECTION('',(-0.,-1.,0.));
#5212 = FACE_BOUND('',#5213,.F.);
#5213 = EDGE_LOOP('',(#5214));
#5214 = ORIENTED_EDGE('',*,*,#5215,.T.);
#5215 = EDGE_CURVE('',#5216,#5216,#5218,.T.);
#5216 = VERTEX_POINT('',#5217);
#5217 = CARTESIAN_POINT('',(124.,-103.55,0.));
#5218 = CIRCLE('',#5219,0.15);
#5219 = AXIS2_PLACEMENT_3D('',#5220,#5221,#5222);
#5220 = CARTESIAN_POINT('',(124.,-103.4,0.));
#5221 = DIRECTION('',(-0.,0.,-1.));
#5222 = DIRECTION('',(-0.,-1.,0.));
#5223 = FACE_BOUND('',#5224,.F.);
#5224 = EDGE_LOOP('',(#5225));
#5225 = ORIENTED_EDGE('',*,*,#5226,.T.);
#5226 = EDGE_CURVE('',#5227,#5227,#5229,.T.);
#5227 = VERTEX_POINT('',#5228);
#5228 = CARTESIAN_POINT('',(139.86,-114.31,0.));
#5229 = CIRCLE('',#5230,0.2);
#5230 = AXIS2_PLACEMENT_3D('',#5231,#5232,#5233);
#5231 = CARTESIAN_POINT('',(139.86,-114.11,0.));
#5232 = DIRECTION('',(-0.,0.,-1.));
#5233 = DIRECTION('',(-0.,-1.,0.));
#5234 = FACE_BOUND('',#5235,.F.);
#5235 = EDGE_LOOP('',(#5236));
#5236 = ORIENTED_EDGE('',*,*,#5237,.T.);
#5237 = EDGE_CURVE('',#5238,#5238,#5240,.T.);
#5238 = VERTEX_POINT('',#5239);
#5239 = CARTESIAN_POINT('',(140.25,-112.52,0.));
#5240 = CIRCLE('',#5241,0.15);
#5241 = AXIS2_PLACEMENT_3D('',#5242,#5243,#5244);
#5242 = CARTESIAN_POINT('',(140.25,-112.37,0.));
#5243 = DIRECTION('',(-0.,0.,-1.));
#5244 = DIRECTION('',(-0.,-1.,0.));
#5245 = FACE_BOUND('',#5246,.F.);
#5246 = EDGE_LOOP('',(#5247));
#5247 = ORIENTED_EDGE('',*,*,#5248,.T.);
#5248 = EDGE_CURVE('',#5249,#5249,#5251,.T.);
#5249 = VERTEX_POINT('',#5250);
#5250 = CARTESIAN_POINT('',(138.72,-104.87,0.));
#5251 = CIRCLE('',#5252,0.15);
#5252 = AXIS2_PLACEMENT_3D('',#5253,#5254,#5255);
#5253 = CARTESIAN_POINT('',(138.72,-104.72,0.));
#5254 = DIRECTION('',(-0.,0.,-1.));
#5255 = DIRECTION('',(-0.,-1.,0.));
#5256 = FACE_BOUND('',#5257,.F.);
#5257 = EDGE_LOOP('',(#5258));
#5258 = ORIENTED_EDGE('',*,*,#5259,.T.);
#5259 = EDGE_CURVE('',#5260,#5260,#5262,.T.);
#5260 = VERTEX_POINT('',#5261);
#5261 = CARTESIAN_POINT('',(139.,-103.55,0.));
#5262 = CIRCLE('',#5263,0.15);
#5263 = AXIS2_PLACEMENT_3D('',#5264,#5265,#5266);
#5264 = CARTESIAN_POINT('',(139.,-103.4,0.));
#5265 = DIRECTION('',(-0.,0.,-1.));
#5266 = DIRECTION('',(-0.,-1.,0.));
#5267 = PLANE('',#5268);
#5268 = AXIS2_PLACEMENT_3D('',#5269,#5270,#5271);
#5269 = CARTESIAN_POINT('',(0.,0.,0.));
#5270 = DIRECTION('',(0.,0.,1.));
#5271 = DIRECTION('',(1.,0.,-0.));
#5272 = ADVANCED_FACE('',(#5273,#5319,#5330,#5341,#5352,#5363,#5374,
    #5385,#5396,#5407,#5418,#5429,#5440,#5451,#5462,#5473,#5484,#5495,
    #5506,#5517,#5528,#5539,#5550,#5561,#5572,#5583,#5594,#5605,#5616,
    #5627,#5638,#5649,#5660,#5671,#5682,#5693,#5704,#5715,#5726,#5737,
    #5748,#5759,#5770,#5781,#5792,#5803,#5814,#5825,#5836),#5847,.T.);
#5273 = FACE_BOUND('',#5274,.T.);
#5274 = EDGE_LOOP('',(#5275,#5276,#5277,#5286,#5294,#5303,#5311,#5318));
#5275 = ORIENTED_EDGE('',*,*,#4602,.F.);
#5276 = ORIENTED_EDGE('',*,*,#4644,.F.);
#5277 = ORIENTED_EDGE('',*,*,#5278,.F.);
#5278 = EDGE_CURVE('',#5279,#4637,#5281,.T.);
#5279 = VERTEX_POINT('',#5280);
#5280 = CARTESIAN_POINT('',(100.,-102.,1.51));
#5281 = CIRCLE('',#5282,1.99999850585);
#5282 = AXIS2_PLACEMENT_3D('',#5283,#5284,#5285);
#5283 = CARTESIAN_POINT('',(101.99999850585,-101.9999985058,1.51));
#5284 = DIRECTION('',(0.,0.,-1.));
#5285 = DIRECTION('',(-1.,-7.470757491648E-07,-0.));
#5286 = ORIENTED_EDGE('',*,*,#5287,.F.);
#5287 = EDGE_CURVE('',#5288,#5279,#5290,.T.);
#5288 = VERTEX_POINT('',#5289);
#5289 = CARTESIAN_POINT('',(100.,-166.,1.51));
#5290 = LINE('',#5291,#5292);
#5291 = CARTESIAN_POINT('',(100.,-166.,1.51));
#5292 = VECTOR('',#5293,1.);
#5293 = DIRECTION('',(0.,1.,0.));
#5294 = ORIENTED_EDGE('',*,*,#5295,.F.);
#5295 = EDGE_CURVE('',#5296,#5288,#5298,.T.);
#5296 = VERTEX_POINT('',#5297);
#5297 = CARTESIAN_POINT('',(102.,-168.,1.51));
#5298 = CIRCLE('',#5299,1.99999850585);
#5299 = AXIS2_PLACEMENT_3D('',#5300,#5301,#5302);
#5300 = CARTESIAN_POINT('',(101.99999850585,-166.0000014941,1.51));
#5301 = DIRECTION('',(0.,0.,-1.));
#5302 = DIRECTION('',(7.470757349539E-07,-1.,0.));
#5303 = ORIENTED_EDGE('',*,*,#5304,.F.);
#5304 = EDGE_CURVE('',#5305,#5296,#5307,.T.);
#5305 = VERTEX_POINT('',#5306);
#5306 = CARTESIAN_POINT('',(146.,-168.,1.51));
#5307 = LINE('',#5308,#5309);
#5308 = CARTESIAN_POINT('',(146.,-168.,1.51));
#5309 = VECTOR('',#5310,1.);
#5310 = DIRECTION('',(-1.,0.,0.));
#5311 = ORIENTED_EDGE('',*,*,#5312,.F.);
#5312 = EDGE_CURVE('',#4667,#5305,#5313,.T.);
#5313 = CIRCLE('',#5314,1.99999850585);
#5314 = AXIS2_PLACEMENT_3D('',#5315,#5316,#5317);
#5315 = CARTESIAN_POINT('',(146.00000149415,-166.0000014941,1.51));
#5316 = DIRECTION('',(0.,0.,-1.));
#5317 = DIRECTION('',(1.,7.47075720743E-07,0.));
#5318 = ORIENTED_EDGE('',*,*,#4666,.F.);
#5319 = FACE_BOUND('',#5320,.T.);
#5320 = EDGE_LOOP('',(#5321));
#5321 = ORIENTED_EDGE('',*,*,#5322,.T.);
#5322 = EDGE_CURVE('',#5323,#5323,#5325,.T.);
#5323 = VERTEX_POINT('',#5324);
#5324 = CARTESIAN_POINT('',(108.61,-161.81,1.51));
#5325 = CIRCLE('',#5326,0.2);
#5326 = AXIS2_PLACEMENT_3D('',#5327,#5328,#5329);
#5327 = CARTESIAN_POINT('',(108.61,-161.61,1.51));
#5328 = DIRECTION('',(-0.,0.,-1.));
#5329 = DIRECTION('',(-0.,-1.,0.));
#5330 = FACE_BOUND('',#5331,.T.);
#5331 = EDGE_LOOP('',(#5332));
#5332 = ORIENTED_EDGE('',*,*,#5333,.T.);
#5333 = EDGE_CURVE('',#5334,#5334,#5336,.T.);
#5334 = VERTEX_POINT('',#5335);
#5335 = CARTESIAN_POINT('',(109.,-160.02,1.51));
#5336 = CIRCLE('',#5337,0.15);
#5337 = AXIS2_PLACEMENT_3D('',#5338,#5339,#5340);
#5338 = CARTESIAN_POINT('',(109.,-159.87,1.51));
#5339 = DIRECTION('',(-0.,0.,-1.));
#5340 = DIRECTION('',(-0.,-1.,0.));
#5341 = FACE_BOUND('',#5342,.T.);
#5342 = EDGE_LOOP('',(#5343));
#5343 = ORIENTED_EDGE('',*,*,#5344,.T.);
#5344 = EDGE_CURVE('',#5345,#5345,#5347,.T.);
#5345 = VERTEX_POINT('',#5346);
#5346 = CARTESIAN_POINT('',(108.61,-152.81,1.51));
#5347 = CIRCLE('',#5348,0.2);
#5348 = AXIS2_PLACEMENT_3D('',#5349,#5350,#5351);
#5349 = CARTESIAN_POINT('',(108.61,-152.61,1.51));
#5350 = DIRECTION('',(-0.,0.,-1.));
#5351 = DIRECTION('',(-0.,-1.,0.));
#5352 = FACE_BOUND('',#5353,.T.);
#5353 = EDGE_LOOP('',(#5354));
#5354 = ORIENTED_EDGE('',*,*,#5355,.T.);
#5355 = EDGE_CURVE('',#5356,#5356,#5358,.T.);
#5356 = VERTEX_POINT('',#5357);
#5357 = CARTESIAN_POINT('',(109.,-151.02,1.51));
#5358 = CIRCLE('',#5359,0.15);
#5359 = AXIS2_PLACEMENT_3D('',#5360,#5361,#5362);
#5360 = CARTESIAN_POINT('',(109.,-150.87,1.51));
#5361 = DIRECTION('',(-0.,0.,-1.));
#5362 = DIRECTION('',(-0.,-1.,0.));
#5363 = FACE_BOUND('',#5364,.T.);
#5364 = EDGE_LOOP('',(#5365));
#5365 = ORIENTED_EDGE('',*,*,#5366,.T.);
#5366 = EDGE_CURVE('',#5367,#5367,#5369,.T.);
#5367 = VERTEX_POINT('',#5368);
#5368 = CARTESIAN_POINT('',(123.61,-161.81,1.51));
#5369 = CIRCLE('',#5370,0.2);
#5370 = AXIS2_PLACEMENT_3D('',#5371,#5372,#5373);
#5371 = CARTESIAN_POINT('',(123.61,-161.61,1.51));
#5372 = DIRECTION('',(-0.,0.,-1.));
#5373 = DIRECTION('',(-0.,-1.,0.));
#5374 = FACE_BOUND('',#5375,.T.);
#5375 = EDGE_LOOP('',(#5376));
#5376 = ORIENTED_EDGE('',*,*,#5377,.T.);
#5377 = EDGE_CURVE('',#5378,#5378,#5380,.T.);
#5378 = VERTEX_POINT('',#5379);
#5379 = CARTESIAN_POINT('',(123.61,-152.81,1.51));
#5380 = CIRCLE('',#5381,0.2);
#5381 = AXIS2_PLACEMENT_3D('',#5382,#5383,#5384);
#5382 = CARTESIAN_POINT('',(123.61,-152.61,1.51));
#5383 = DIRECTION('',(-0.,0.,-1.));
#5384 = DIRECTION('',(-0.,-1.,0.));
#5385 = FACE_BOUND('',#5386,.T.);
#5386 = EDGE_LOOP('',(#5387));
#5387 = ORIENTED_EDGE('',*,*,#5388,.T.);
#5388 = EDGE_CURVE('',#5389,#5389,#5391,.T.);
#5389 = VERTEX_POINT('',#5390);
#5390 = CARTESIAN_POINT('',(108.61,-143.81,1.51));
#5391 = CIRCLE('',#5392,0.2);
#5392 = AXIS2_PLACEMENT_3D('',#5393,#5394,#5395);
#5393 = CARTESIAN_POINT('',(108.61,-143.61,1.51));
#5394 = DIRECTION('',(-0.,0.,-1.));
#5395 = DIRECTION('',(-0.,-1.,0.));
#5396 = FACE_BOUND('',#5397,.T.);
#5397 = EDGE_LOOP('',(#5398));
#5398 = ORIENTED_EDGE('',*,*,#5399,.T.);
#5399 = EDGE_CURVE('',#5400,#5400,#5402,.T.);
#5400 = VERTEX_POINT('',#5401);
#5401 = CARTESIAN_POINT('',(109.,-142.02,1.51));
#5402 = CIRCLE('',#5403,0.15);
#5403 = AXIS2_PLACEMENT_3D('',#5404,#5405,#5406);
#5404 = CARTESIAN_POINT('',(109.,-141.87,1.51));
#5405 = DIRECTION('',(-0.,0.,-1.));
#5406 = DIRECTION('',(-0.,-1.,0.));
#5407 = FACE_BOUND('',#5408,.T.);
#5408 = EDGE_LOOP('',(#5409));
#5409 = ORIENTED_EDGE('',*,*,#5410,.T.);
#5410 = EDGE_CURVE('',#5411,#5411,#5413,.T.);
#5411 = VERTEX_POINT('',#5412);
#5412 = CARTESIAN_POINT('',(108.61,-134.81,1.51));
#5413 = CIRCLE('',#5414,0.2);
#5414 = AXIS2_PLACEMENT_3D('',#5415,#5416,#5417);
#5415 = CARTESIAN_POINT('',(108.61,-134.61,1.51));
#5416 = DIRECTION('',(-0.,0.,-1.));
#5417 = DIRECTION('',(-0.,-1.,0.));
#5418 = FACE_BOUND('',#5419,.T.);
#5419 = EDGE_LOOP('',(#5420));
#5420 = ORIENTED_EDGE('',*,*,#5421,.T.);
#5421 = EDGE_CURVE('',#5422,#5422,#5424,.T.);
#5422 = VERTEX_POINT('',#5423);
#5423 = CARTESIAN_POINT('',(109.,-133.02,1.51));
#5424 = CIRCLE('',#5425,0.15);
#5425 = AXIS2_PLACEMENT_3D('',#5426,#5427,#5428);
#5426 = CARTESIAN_POINT('',(109.,-132.87,1.51));
#5427 = DIRECTION('',(-0.,0.,-1.));
#5428 = DIRECTION('',(-0.,-1.,0.));
#5429 = FACE_BOUND('',#5430,.T.);
#5430 = EDGE_LOOP('',(#5431));
#5431 = ORIENTED_EDGE('',*,*,#5432,.T.);
#5432 = EDGE_CURVE('',#5433,#5433,#5435,.T.);
#5433 = VERTEX_POINT('',#5434);
#5434 = CARTESIAN_POINT('',(123.61,-143.81,1.51));
#5435 = CIRCLE('',#5436,0.2);
#5436 = AXIS2_PLACEMENT_3D('',#5437,#5438,#5439);
#5437 = CARTESIAN_POINT('',(123.61,-143.61,1.51));
#5438 = DIRECTION('',(-0.,0.,-1.));
#5439 = DIRECTION('',(-0.,-1.,0.));
#5440 = FACE_BOUND('',#5441,.T.);
#5441 = EDGE_LOOP('',(#5442));
#5442 = ORIENTED_EDGE('',*,*,#5443,.T.);
#5443 = EDGE_CURVE('',#5444,#5444,#5446,.T.);
#5444 = VERTEX_POINT('',#5445);
#5445 = CARTESIAN_POINT('',(123.61,-134.81,1.51));
#5446 = CIRCLE('',#5447,0.2);
#5447 = AXIS2_PLACEMENT_3D('',#5448,#5449,#5450);
#5448 = CARTESIAN_POINT('',(123.61,-134.61,1.51));
#5449 = DIRECTION('',(-0.,0.,-1.));
#5450 = DIRECTION('',(-0.,-1.,0.));
#5451 = FACE_BOUND('',#5452,.T.);
#5452 = EDGE_LOOP('',(#5453));
#5453 = ORIENTED_EDGE('',*,*,#5454,.T.);
#5454 = EDGE_CURVE('',#5455,#5455,#5457,.T.);
#5455 = VERTEX_POINT('',#5456);
#5456 = CARTESIAN_POINT('',(124.,-160.02,1.51));
#5457 = CIRCLE('',#5458,0.15);
#5458 = AXIS2_PLACEMENT_3D('',#5459,#5460,#5461);
#5459 = CARTESIAN_POINT('',(124.,-159.87,1.51));
#5460 = DIRECTION('',(-0.,0.,-1.));
#5461 = DIRECTION('',(-0.,-1.,0.));
#5462 = FACE_BOUND('',#5463,.T.);
#5463 = EDGE_LOOP('',(#5464));
#5464 = ORIENTED_EDGE('',*,*,#5465,.T.);
#5465 = EDGE_CURVE('',#5466,#5466,#5468,.T.);
#5466 = VERTEX_POINT('',#5467);
#5467 = CARTESIAN_POINT('',(124.,-151.02,1.51));
#5468 = CIRCLE('',#5469,0.15);
#5469 = AXIS2_PLACEMENT_3D('',#5470,#5471,#5472);
#5470 = CARTESIAN_POINT('',(124.,-150.87,1.51));
#5471 = DIRECTION('',(-0.,0.,-1.));
#5472 = DIRECTION('',(-0.,-1.,0.));
#5473 = FACE_BOUND('',#5474,.T.);
#5474 = EDGE_LOOP('',(#5475));
#5475 = ORIENTED_EDGE('',*,*,#5476,.T.);
#5476 = EDGE_CURVE('',#5477,#5477,#5479,.T.);
#5477 = VERTEX_POINT('',#5478);
#5478 = CARTESIAN_POINT('',(138.61,-161.81,1.51));
#5479 = CIRCLE('',#5480,0.2);
#5480 = AXIS2_PLACEMENT_3D('',#5481,#5482,#5483);
#5481 = CARTESIAN_POINT('',(138.61,-161.61,1.51));
#5482 = DIRECTION('',(-0.,0.,-1.));
#5483 = DIRECTION('',(-0.,-1.,0.));
#5484 = FACE_BOUND('',#5485,.T.);
#5485 = EDGE_LOOP('',(#5486));
#5486 = ORIENTED_EDGE('',*,*,#5487,.T.);
#5487 = EDGE_CURVE('',#5488,#5488,#5490,.T.);
#5488 = VERTEX_POINT('',#5489);
#5489 = CARTESIAN_POINT('',(139.,-160.02,1.51));
#5490 = CIRCLE('',#5491,0.15);
#5491 = AXIS2_PLACEMENT_3D('',#5492,#5493,#5494);
#5492 = CARTESIAN_POINT('',(139.,-159.87,1.51));
#5493 = DIRECTION('',(-0.,0.,-1.));
#5494 = DIRECTION('',(-0.,-1.,0.));
#5495 = FACE_BOUND('',#5496,.T.);
#5496 = EDGE_LOOP('',(#5497));
#5497 = ORIENTED_EDGE('',*,*,#5498,.T.);
#5498 = EDGE_CURVE('',#5499,#5499,#5501,.T.);
#5499 = VERTEX_POINT('',#5500);
#5500 = CARTESIAN_POINT('',(138.61,-152.81,1.51));
#5501 = CIRCLE('',#5502,0.2);
#5502 = AXIS2_PLACEMENT_3D('',#5503,#5504,#5505);
#5503 = CARTESIAN_POINT('',(138.61,-152.61,1.51));
#5504 = DIRECTION('',(-0.,0.,-1.));
#5505 = DIRECTION('',(-0.,-1.,0.));
#5506 = FACE_BOUND('',#5507,.T.);
#5507 = EDGE_LOOP('',(#5508));
#5508 = ORIENTED_EDGE('',*,*,#5509,.T.);
#5509 = EDGE_CURVE('',#5510,#5510,#5512,.T.);
#5510 = VERTEX_POINT('',#5511);
#5511 = CARTESIAN_POINT('',(139.,-151.02,1.51));
#5512 = CIRCLE('',#5513,0.15);
#5513 = AXIS2_PLACEMENT_3D('',#5514,#5515,#5516);
#5514 = CARTESIAN_POINT('',(139.,-150.87,1.51));
#5515 = DIRECTION('',(-0.,0.,-1.));
#5516 = DIRECTION('',(-0.,-1.,0.));
#5517 = FACE_BOUND('',#5518,.T.);
#5518 = EDGE_LOOP('',(#5519));
#5519 = ORIENTED_EDGE('',*,*,#5520,.T.);
#5520 = EDGE_CURVE('',#5521,#5521,#5523,.T.);
#5521 = VERTEX_POINT('',#5522);
#5522 = CARTESIAN_POINT('',(124.,-142.02,1.51));
#5523 = CIRCLE('',#5524,0.15);
#5524 = AXIS2_PLACEMENT_3D('',#5525,#5526,#5527);
#5525 = CARTESIAN_POINT('',(124.,-141.87,1.51));
#5526 = DIRECTION('',(-0.,0.,-1.));
#5527 = DIRECTION('',(-0.,-1.,0.));
#5528 = FACE_BOUND('',#5529,.T.);
#5529 = EDGE_LOOP('',(#5530));
#5530 = ORIENTED_EDGE('',*,*,#5531,.T.);
#5531 = EDGE_CURVE('',#5532,#5532,#5534,.T.);
#5532 = VERTEX_POINT('',#5533);
#5533 = CARTESIAN_POINT('',(124.,-133.02,1.51));
#5534 = CIRCLE('',#5535,0.15);
#5535 = AXIS2_PLACEMENT_3D('',#5536,#5537,#5538);
#5536 = CARTESIAN_POINT('',(124.,-132.87,1.51));
#5537 = DIRECTION('',(-0.,0.,-1.));
#5538 = DIRECTION('',(-0.,-1.,0.));
#5539 = FACE_BOUND('',#5540,.T.);
#5540 = EDGE_LOOP('',(#5541));
#5541 = ORIENTED_EDGE('',*,*,#5542,.T.);
#5542 = EDGE_CURVE('',#5543,#5543,#5545,.T.);
#5543 = VERTEX_POINT('',#5544);
#5544 = CARTESIAN_POINT('',(138.61,-143.81,1.51));
#5545 = CIRCLE('',#5546,0.2);
#5546 = AXIS2_PLACEMENT_3D('',#5547,#5548,#5549);
#5547 = CARTESIAN_POINT('',(138.61,-143.61,1.51));
#5548 = DIRECTION('',(-0.,0.,-1.));
#5549 = DIRECTION('',(-0.,-1.,0.));
#5550 = FACE_BOUND('',#5551,.T.);
#5551 = EDGE_LOOP('',(#5552));
#5552 = ORIENTED_EDGE('',*,*,#5553,.T.);
#5553 = EDGE_CURVE('',#5554,#5554,#5556,.T.);
#5554 = VERTEX_POINT('',#5555);
#5555 = CARTESIAN_POINT('',(139.,-142.02,1.51));
#5556 = CIRCLE('',#5557,0.15);
#5557 = AXIS2_PLACEMENT_3D('',#5558,#5559,#5560);
#5558 = CARTESIAN_POINT('',(139.,-141.87,1.51));
#5559 = DIRECTION('',(-0.,0.,-1.));
#5560 = DIRECTION('',(-0.,-1.,0.));
#5561 = FACE_BOUND('',#5562,.T.);
#5562 = EDGE_LOOP('',(#5563));
#5563 = ORIENTED_EDGE('',*,*,#5564,.T.);
#5564 = EDGE_CURVE('',#5565,#5565,#5567,.T.);
#5565 = VERTEX_POINT('',#5566);
#5566 = CARTESIAN_POINT('',(138.61,-134.81,1.51));
#5567 = CIRCLE('',#5568,0.2);
#5568 = AXIS2_PLACEMENT_3D('',#5569,#5570,#5571);
#5569 = CARTESIAN_POINT('',(138.61,-134.61,1.51));
#5570 = DIRECTION('',(-0.,0.,-1.));
#5571 = DIRECTION('',(-0.,-1.,0.));
#5572 = FACE_BOUND('',#5573,.T.);
#5573 = EDGE_LOOP('',(#5574));
#5574 = ORIENTED_EDGE('',*,*,#5575,.T.);
#5575 = EDGE_CURVE('',#5576,#5576,#5578,.T.);
#5576 = VERTEX_POINT('',#5577);
#5577 = CARTESIAN_POINT('',(139.,-133.02,1.51));
#5578 = CIRCLE('',#5579,0.15);
#5579 = AXIS2_PLACEMENT_3D('',#5580,#5581,#5582);
#5580 = CARTESIAN_POINT('',(139.,-132.87,1.51));
#5581 = DIRECTION('',(-0.,0.,-1.));
#5582 = DIRECTION('',(-0.,-1.,0.));
#5583 = FACE_BOUND('',#5584,.T.);
#5584 = EDGE_LOOP('',(#5585));
#5585 = ORIENTED_EDGE('',*,*,#5586,.T.);
#5586 = EDGE_CURVE('',#5587,#5587,#5589,.T.);
#5587 = VERTEX_POINT('',#5588);
#5588 = CARTESIAN_POINT('',(107.36,-124.31,1.51));
#5589 = CIRCLE('',#5590,0.2);
#5590 = AXIS2_PLACEMENT_3D('',#5591,#5592,#5593);
#5591 = CARTESIAN_POINT('',(107.36,-124.11,1.51));
#5592 = DIRECTION('',(-0.,0.,-1.));
#5593 = DIRECTION('',(-0.,-1.,0.));
#5594 = FACE_BOUND('',#5595,.T.);
#5595 = EDGE_LOOP('',(#5596));
#5596 = ORIENTED_EDGE('',*,*,#5597,.T.);
#5597 = EDGE_CURVE('',#5598,#5598,#5600,.T.);
#5598 = VERTEX_POINT('',#5599);
#5599 = CARTESIAN_POINT('',(107.75,-122.52,1.51));
#5600 = CIRCLE('',#5601,0.15);
#5601 = AXIS2_PLACEMENT_3D('',#5602,#5603,#5604);
#5602 = CARTESIAN_POINT('',(107.75,-122.37,1.51));
#5603 = DIRECTION('',(-0.,0.,-1.));
#5604 = DIRECTION('',(-0.,-1.,0.));
#5605 = FACE_BOUND('',#5606,.T.);
#5606 = EDGE_LOOP('',(#5607));
#5607 = ORIENTED_EDGE('',*,*,#5608,.T.);
#5608 = EDGE_CURVE('',#5609,#5609,#5611,.T.);
#5609 = VERTEX_POINT('',#5610);
#5610 = CARTESIAN_POINT('',(123.72,-126.495,1.51));
#5611 = CIRCLE('',#5612,0.15);
#5612 = AXIS2_PLACEMENT_3D('',#5613,#5614,#5615);
#5613 = CARTESIAN_POINT('',(123.72,-126.345,1.51));
#5614 = DIRECTION('',(-0.,0.,-1.));
#5615 = DIRECTION('',(-0.,-1.,0.));
#5616 = FACE_BOUND('',#5617,.T.);
#5617 = EDGE_LOOP('',(#5618));
#5618 = ORIENTED_EDGE('',*,*,#5619,.T.);
#5619 = EDGE_CURVE('',#5620,#5620,#5622,.T.);
#5620 = VERTEX_POINT('',#5621);
#5621 = CARTESIAN_POINT('',(116.595,-119.37,1.51));
#5622 = CIRCLE('',#5623,0.15);
#5623 = AXIS2_PLACEMENT_3D('',#5624,#5625,#5626);
#5624 = CARTESIAN_POINT('',(116.595,-119.22,1.51));
#5625 = DIRECTION('',(-0.,0.,-1.));
#5626 = DIRECTION('',(-0.,-1.,0.));
#5627 = FACE_BOUND('',#5628,.T.);
#5628 = EDGE_LOOP('',(#5629));
#5629 = ORIENTED_EDGE('',*,*,#5630,.T.);
#5630 = EDGE_CURVE('',#5631,#5631,#5633,.T.);
#5631 = VERTEX_POINT('',#5632);
#5632 = CARTESIAN_POINT('',(116.875,-118.05,1.51));
#5633 = CIRCLE('',#5634,0.15);
#5634 = AXIS2_PLACEMENT_3D('',#5635,#5636,#5637);
#5635 = CARTESIAN_POINT('',(116.875,-117.9,1.51));
#5636 = DIRECTION('',(-0.,0.,-1.));
#5637 = DIRECTION('',(-0.,-1.,0.));
#5638 = FACE_BOUND('',#5639,.T.);
#5639 = EDGE_LOOP('',(#5640));
#5640 = ORIENTED_EDGE('',*,*,#5641,.T.);
#5641 = EDGE_CURVE('',#5642,#5642,#5644,.T.);
#5642 = VERTEX_POINT('',#5643);
#5643 = CARTESIAN_POINT('',(123.61,-119.31,1.51));
#5644 = CIRCLE('',#5645,0.2);
#5645 = AXIS2_PLACEMENT_3D('',#5646,#5647,#5648);
#5646 = CARTESIAN_POINT('',(123.61,-119.11,1.51));
#5647 = DIRECTION('',(-0.,0.,-1.));
#5648 = DIRECTION('',(-0.,-1.,0.));
#5649 = FACE_BOUND('',#5650,.T.);
#5650 = EDGE_LOOP('',(#5651));
#5651 = ORIENTED_EDGE('',*,*,#5652,.T.);
#5652 = EDGE_CURVE('',#5653,#5653,#5655,.T.);
#5653 = VERTEX_POINT('',#5654);
#5654 = CARTESIAN_POINT('',(107.36,-114.31,1.51));
#5655 = CIRCLE('',#5656,0.2);
#5656 = AXIS2_PLACEMENT_3D('',#5657,#5658,#5659);
#5657 = CARTESIAN_POINT('',(107.36,-114.11,1.51));
#5658 = DIRECTION('',(-0.,0.,-1.));
#5659 = DIRECTION('',(-0.,-1.,0.));
#5660 = FACE_BOUND('',#5661,.T.);
#5661 = EDGE_LOOP('',(#5662));
#5662 = ORIENTED_EDGE('',*,*,#5663,.T.);
#5663 = EDGE_CURVE('',#5664,#5664,#5666,.T.);
#5664 = VERTEX_POINT('',#5665);
#5665 = CARTESIAN_POINT('',(107.75,-112.52,1.51));
#5666 = CIRCLE('',#5667,0.15);
#5667 = AXIS2_PLACEMENT_3D('',#5668,#5669,#5670);
#5668 = CARTESIAN_POINT('',(107.75,-112.37,1.51));
#5669 = DIRECTION('',(-0.,0.,-1.));
#5670 = DIRECTION('',(-0.,-1.,0.));
#5671 = FACE_BOUND('',#5672,.T.);
#5672 = EDGE_LOOP('',(#5673));
#5673 = ORIENTED_EDGE('',*,*,#5674,.T.);
#5674 = EDGE_CURVE('',#5675,#5675,#5677,.T.);
#5675 = VERTEX_POINT('',#5676);
#5676 = CARTESIAN_POINT('',(108.72,-104.87,1.51));
#5677 = CIRCLE('',#5678,0.15);
#5678 = AXIS2_PLACEMENT_3D('',#5679,#5680,#5681);
#5679 = CARTESIAN_POINT('',(108.72,-104.72,1.51));
#5680 = DIRECTION('',(-0.,0.,-1.));
#5681 = DIRECTION('',(-0.,-1.,0.));
#5682 = FACE_BOUND('',#5683,.T.);
#5683 = EDGE_LOOP('',(#5684));
#5684 = ORIENTED_EDGE('',*,*,#5685,.T.);
#5685 = EDGE_CURVE('',#5686,#5686,#5688,.T.);
#5686 = VERTEX_POINT('',#5687);
#5687 = CARTESIAN_POINT('',(109.,-103.55,1.51));
#5688 = CIRCLE('',#5689,0.15);
#5689 = AXIS2_PLACEMENT_3D('',#5690,#5691,#5692);
#5690 = CARTESIAN_POINT('',(109.,-103.4,1.51));
#5691 = DIRECTION('',(-0.,0.,-1.));
#5692 = DIRECTION('',(-0.,-1.,0.));
#5693 = FACE_BOUND('',#5694,.T.);
#5694 = EDGE_LOOP('',(#5695));
#5695 = ORIENTED_EDGE('',*,*,#5696,.T.);
#5696 = EDGE_CURVE('',#5697,#5697,#5699,.T.);
#5697 = VERTEX_POINT('',#5698);
#5698 = CARTESIAN_POINT('',(123.72,-112.245,1.51));
#5699 = CIRCLE('',#5700,0.15);
#5700 = AXIS2_PLACEMENT_3D('',#5701,#5702,#5703);
#5701 = CARTESIAN_POINT('',(123.72,-112.095,1.51));
#5702 = DIRECTION('',(-0.,0.,-1.));
#5703 = DIRECTION('',(-0.,-1.,0.));
#5704 = FACE_BOUND('',#5705,.T.);
#5705 = EDGE_LOOP('',(#5706));
#5706 = ORIENTED_EDGE('',*,*,#5707,.T.);
#5707 = EDGE_CURVE('',#5708,#5708,#5710,.T.);
#5708 = VERTEX_POINT('',#5709);
#5709 = CARTESIAN_POINT('',(123.72,-104.87,1.51));
#5710 = CIRCLE('',#5711,0.15);
#5711 = AXIS2_PLACEMENT_3D('',#5712,#5713,#5714);
#5712 = CARTESIAN_POINT('',(123.72,-104.72,1.51));
#5713 = DIRECTION('',(-0.,0.,-1.));
#5714 = DIRECTION('',(-0.,-1.,0.));
#5715 = FACE_BOUND('',#5716,.T.);
#5716 = EDGE_LOOP('',(#5717));
#5717 = ORIENTED_EDGE('',*,*,#5718,.T.);
#5718 = EDGE_CURVE('',#5719,#5719,#5721,.T.);
#5719 = VERTEX_POINT('',#5720);
#5720 = CARTESIAN_POINT('',(124.,-125.175,1.51));
#5721 = CIRCLE('',#5722,0.15);
#5722 = AXIS2_PLACEMENT_3D('',#5723,#5724,#5725);
#5723 = CARTESIAN_POINT('',(124.,-125.025,1.51));
#5724 = DIRECTION('',(-0.,0.,-1.));
#5725 = DIRECTION('',(-0.,-1.,0.));
#5726 = FACE_BOUND('',#5727,.T.);
#5727 = EDGE_LOOP('',(#5728));
#5728 = ORIENTED_EDGE('',*,*,#5729,.T.);
#5729 = EDGE_CURVE('',#5730,#5730,#5732,.T.);
#5730 = VERTEX_POINT('',#5731);
#5731 = CARTESIAN_POINT('',(130.845,-119.37,1.51));
#5732 = CIRCLE('',#5733,0.15);
#5733 = AXIS2_PLACEMENT_3D('',#5734,#5735,#5736);
#5734 = CARTESIAN_POINT('',(130.845,-119.22,1.51));
#5735 = DIRECTION('',(-0.,0.,-1.));
#5736 = DIRECTION('',(-0.,-1.,0.));
#5737 = FACE_BOUND('',#5738,.T.);
#5738 = EDGE_LOOP('',(#5739));
#5739 = ORIENTED_EDGE('',*,*,#5740,.T.);
#5740 = EDGE_CURVE('',#5741,#5741,#5743,.T.);
#5741 = VERTEX_POINT('',#5742);
#5742 = CARTESIAN_POINT('',(131.125,-118.05,1.51));
#5743 = CIRCLE('',#5744,0.15);
#5744 = AXIS2_PLACEMENT_3D('',#5745,#5746,#5747);
#5745 = CARTESIAN_POINT('',(131.125,-117.9,1.51));
#5746 = DIRECTION('',(-0.,0.,-1.));
#5747 = DIRECTION('',(-0.,-1.,0.));
#5748 = FACE_BOUND('',#5749,.T.);
#5749 = EDGE_LOOP('',(#5750));
#5750 = ORIENTED_EDGE('',*,*,#5751,.T.);
#5751 = EDGE_CURVE('',#5752,#5752,#5754,.T.);
#5752 = VERTEX_POINT('',#5753);
#5753 = CARTESIAN_POINT('',(139.86,-124.31,1.51));
#5754 = CIRCLE('',#5755,0.2);
#5755 = AXIS2_PLACEMENT_3D('',#5756,#5757,#5758);
#5756 = CARTESIAN_POINT('',(139.86,-124.11,1.51));
#5757 = DIRECTION('',(-0.,0.,-1.));
#5758 = DIRECTION('',(-0.,-1.,0.));
#5759 = FACE_BOUND('',#5760,.T.);
#5760 = EDGE_LOOP('',(#5761));
#5761 = ORIENTED_EDGE('',*,*,#5762,.T.);
#5762 = EDGE_CURVE('',#5763,#5763,#5765,.T.);
#5763 = VERTEX_POINT('',#5764);
#5764 = CARTESIAN_POINT('',(140.25,-122.52,1.51));
#5765 = CIRCLE('',#5766,0.15);
#5766 = AXIS2_PLACEMENT_3D('',#5767,#5768,#5769);
#5767 = CARTESIAN_POINT('',(140.25,-122.37,1.51));
#5768 = DIRECTION('',(-0.,0.,-1.));
#5769 = DIRECTION('',(-0.,-1.,0.));
#5770 = FACE_BOUND('',#5771,.T.);
#5771 = EDGE_LOOP('',(#5772));
#5772 = ORIENTED_EDGE('',*,*,#5773,.T.);
#5773 = EDGE_CURVE('',#5774,#5774,#5776,.T.);
#5774 = VERTEX_POINT('',#5775);
#5775 = CARTESIAN_POINT('',(124.,-117.52,1.51));
#5776 = CIRCLE('',#5777,0.15);
#5777 = AXIS2_PLACEMENT_3D('',#5778,#5779,#5780);
#5778 = CARTESIAN_POINT('',(124.,-117.37,1.51));
#5779 = DIRECTION('',(-0.,0.,-1.));
#5780 = DIRECTION('',(-0.,-1.,0.));
#5781 = FACE_BOUND('',#5782,.T.);
#5782 = EDGE_LOOP('',(#5783));
#5783 = ORIENTED_EDGE('',*,*,#5784,.T.);
#5784 = EDGE_CURVE('',#5785,#5785,#5787,.T.);
#5785 = VERTEX_POINT('',#5786);
#5786 = CARTESIAN_POINT('',(124.,-110.925,1.51));
#5787 = CIRCLE('',#5788,0.15);
#5788 = AXIS2_PLACEMENT_3D('',#5789,#5790,#5791);
#5789 = CARTESIAN_POINT('',(124.,-110.775,1.51));
#5790 = DIRECTION('',(-0.,0.,-1.));
#5791 = DIRECTION('',(-0.,-1.,0.));
#5792 = FACE_BOUND('',#5793,.T.);
#5793 = EDGE_LOOP('',(#5794));
#5794 = ORIENTED_EDGE('',*,*,#5795,.T.);
#5795 = EDGE_CURVE('',#5796,#5796,#5798,.T.);
#5796 = VERTEX_POINT('',#5797);
#5797 = CARTESIAN_POINT('',(124.,-103.55,1.51));
#5798 = CIRCLE('',#5799,0.15);
#5799 = AXIS2_PLACEMENT_3D('',#5800,#5801,#5802);
#5800 = CARTESIAN_POINT('',(124.,-103.4,1.51));
#5801 = DIRECTION('',(-0.,0.,-1.));
#5802 = DIRECTION('',(-0.,-1.,0.));
#5803 = FACE_BOUND('',#5804,.T.);
#5804 = EDGE_LOOP('',(#5805));
#5805 = ORIENTED_EDGE('',*,*,#5806,.T.);
#5806 = EDGE_CURVE('',#5807,#5807,#5809,.T.);
#5807 = VERTEX_POINT('',#5808);
#5808 = CARTESIAN_POINT('',(139.86,-114.31,1.51));
#5809 = CIRCLE('',#5810,0.2);
#5810 = AXIS2_PLACEMENT_3D('',#5811,#5812,#5813);
#5811 = CARTESIAN_POINT('',(139.86,-114.11,1.51));
#5812 = DIRECTION('',(-0.,0.,-1.));
#5813 = DIRECTION('',(-0.,-1.,0.));
#5814 = FACE_BOUND('',#5815,.T.);
#5815 = EDGE_LOOP('',(#5816));
#5816 = ORIENTED_EDGE('',*,*,#5817,.T.);
#5817 = EDGE_CURVE('',#5818,#5818,#5820,.T.);
#5818 = VERTEX_POINT('',#5819);
#5819 = CARTESIAN_POINT('',(140.25,-112.52,1.51));
#5820 = CIRCLE('',#5821,0.15);
#5821 = AXIS2_PLACEMENT_3D('',#5822,#5823,#5824);
#5822 = CARTESIAN_POINT('',(140.25,-112.37,1.51));
#5823 = DIRECTION('',(-0.,0.,-1.));
#5824 = DIRECTION('',(-0.,-1.,0.));
#5825 = FACE_BOUND('',#5826,.T.);
#5826 = EDGE_LOOP('',(#5827));
#5827 = ORIENTED_EDGE('',*,*,#5828,.T.);
#5828 = EDGE_CURVE('',#5829,#5829,#5831,.T.);
#5829 = VERTEX_POINT('',#5830);
#5830 = CARTESIAN_POINT('',(138.72,-104.87,1.51));
#5831 = CIRCLE('',#5832,0.15);
#5832 = AXIS2_PLACEMENT_3D('',#5833,#5834,#5835);
#5833 = CARTESIAN_POINT('',(138.72,-104.72,1.51));
#5834 = DIRECTION('',(-0.,0.,-1.));
#5835 = DIRECTION('',(-0.,-1.,0.));
#5836 = FACE_BOUND('',#5837,.T.);
#5837 = EDGE_LOOP('',(#5838));
#5838 = ORIENTED_EDGE('',*,*,#5839,.T.);
#5839 = EDGE_CURVE('',#5840,#5840,#5842,.T.);
#5840 = VERTEX_POINT('',#5841);
#5841 = CARTESIAN_POINT('',(139.,-103.55,1.51));
#5842 = CIRCLE('',#5843,0.15);
#5843 = AXIS2_PLACEMENT_3D('',#5844,#5845,#5846);
#5844 = CARTESIAN_POINT('',(139.,-103.4,1.51));
#5845 = DIRECTION('',(-0.,0.,-1.));
#5846 = DIRECTION('',(-0.,-1.,0.));
#5847 = PLANE('',#5848);
#5848 = AXIS2_PLACEMENT_3D('',#5849,#5850,#5851);
#5849 = CARTESIAN_POINT('',(0.,0.,1.51));
#5850 = DIRECTION('',(0.,0.,1.));
#5851 = DIRECTION('',(1.,0.,-0.));
#5852 = ADVANCED_FACE('',(#5853),#5864,.T.);
#5853 = FACE_BOUND('',#5854,.T.);
#5854 = EDGE_LOOP('',(#5855,#5861,#5862,#5863));
#5855 = ORIENTED_EDGE('',*,*,#5856,.T.);
#5856 = EDGE_CURVE('',#4699,#5279,#5857,.T.);
#5857 = LINE('',#5858,#5859);
#5858 = CARTESIAN_POINT('',(100.,-102.,0.));
#5859 = VECTOR('',#5860,1.);
#5860 = DIRECTION('',(0.,0.,1.));
#5861 = ORIENTED_EDGE('',*,*,#5278,.T.);
#5862 = ORIENTED_EDGE('',*,*,#4634,.F.);
#5863 = ORIENTED_EDGE('',*,*,#4698,.F.);
#5864 = CYLINDRICAL_SURFACE('',#5865,1.99999850585);
#5865 = AXIS2_PLACEMENT_3D('',#5866,#5867,#5868);
#5866 = CARTESIAN_POINT('',(101.99999850585,-101.9999985058,0.));
#5867 = DIRECTION('',(0.,0.,-1.));
#5868 = DIRECTION('',(-1.,-7.470757491648E-07,-0.));
#5869 = ADVANCED_FACE('',(#5870),#5881,.T.);
#5870 = FACE_BOUND('',#5871,.T.);
#5871 = EDGE_LOOP('',(#5872,#5873,#5874,#5880));
#5872 = ORIENTED_EDGE('',*,*,#4674,.T.);
#5873 = ORIENTED_EDGE('',*,*,#5312,.T.);
#5874 = ORIENTED_EDGE('',*,*,#5875,.F.);
#5875 = EDGE_CURVE('',#4725,#5305,#5876,.T.);
#5876 = LINE('',#5877,#5878);
#5877 = CARTESIAN_POINT('',(146.,-168.,0.));
#5878 = VECTOR('',#5879,1.);
#5879 = DIRECTION('',(0.,0.,1.));
#5880 = ORIENTED_EDGE('',*,*,#4732,.F.);
#5881 = CYLINDRICAL_SURFACE('',#5882,1.99999850585);
#5882 = AXIS2_PLACEMENT_3D('',#5883,#5884,#5885);
#5883 = CARTESIAN_POINT('',(146.00000149415,-166.0000014941,0.));
#5884 = DIRECTION('',(0.,0.,-1.));
#5885 = DIRECTION('',(1.,7.47075720743E-07,0.));
#5886 = ADVANCED_FACE('',(#5887),#5898,.T.);
#5887 = FACE_BOUND('',#5888,.T.);
#5888 = EDGE_LOOP('',(#5889,#5895,#5896,#5897));
#5889 = ORIENTED_EDGE('',*,*,#5890,.T.);
#5890 = EDGE_CURVE('',#4708,#5288,#5891,.T.);
#5891 = LINE('',#5892,#5893);
#5892 = CARTESIAN_POINT('',(100.,-166.,0.));
#5893 = VECTOR('',#5894,1.);
#5894 = DIRECTION('',(0.,0.,1.));
#5895 = ORIENTED_EDGE('',*,*,#5287,.T.);
#5896 = ORIENTED_EDGE('',*,*,#5856,.F.);
#5897 = ORIENTED_EDGE('',*,*,#4707,.F.);
#5898 = PLANE('',#5899);
#5899 = AXIS2_PLACEMENT_3D('',#5900,#5901,#5902);
#5900 = CARTESIAN_POINT('',(100.,-166.,0.));
#5901 = DIRECTION('',(-1.,0.,0.));
#5902 = DIRECTION('',(0.,1.,0.));
#5903 = ADVANCED_FACE('',(#5904),#5915,.T.);
#5904 = FACE_BOUND('',#5905,.T.);
#5905 = EDGE_LOOP('',(#5906,#5907,#5908,#5914));
#5906 = ORIENTED_EDGE('',*,*,#5875,.T.);
#5907 = ORIENTED_EDGE('',*,*,#5304,.T.);
#5908 = ORIENTED_EDGE('',*,*,#5909,.F.);
#5909 = EDGE_CURVE('',#4716,#5296,#5910,.T.);
#5910 = LINE('',#5911,#5912);
#5911 = CARTESIAN_POINT('',(102.,-168.,0.));
#5912 = VECTOR('',#5913,1.);
#5913 = DIRECTION('',(0.,0.,1.));
#5914 = ORIENTED_EDGE('',*,*,#4724,.F.);
#5915 = PLANE('',#5916);
#5916 = AXIS2_PLACEMENT_3D('',#5917,#5918,#5919);
#5917 = CARTESIAN_POINT('',(146.,-168.,0.));
#5918 = DIRECTION('',(0.,-1.,0.));
#5919 = DIRECTION('',(-1.,0.,0.));
#5920 = ADVANCED_FACE('',(#5921),#5927,.T.);
#5921 = FACE_BOUND('',#5922,.T.);
#5922 = EDGE_LOOP('',(#5923,#5924,#5925,#5926));
#5923 = ORIENTED_EDGE('',*,*,#5909,.T.);
#5924 = ORIENTED_EDGE('',*,*,#5295,.T.);
#5925 = ORIENTED_EDGE('',*,*,#5890,.F.);
#5926 = ORIENTED_EDGE('',*,*,#4715,.F.);
#5927 = CYLINDRICAL_SURFACE('',#5928,1.99999850585);
#5928 = AXIS2_PLACEMENT_3D('',#5929,#5930,#5931);
#5929 = CARTESIAN_POINT('',(101.99999850585,-166.0000014941,0.));
#5930 = DIRECTION('',(0.,0.,-1.));
#5931 = DIRECTION('',(7.470757349539E-07,-1.,0.));
#5932 = ADVANCED_FACE('',(#5933),#5944,.F.);
#5933 = FACE_BOUND('',#5934,.T.);
#5934 = EDGE_LOOP('',(#5935,#5936,#5942,#5943));
#5935 = ORIENTED_EDGE('',*,*,#4742,.T.);
#5936 = ORIENTED_EDGE('',*,*,#5937,.T.);
#5937 = EDGE_CURVE('',#4743,#5323,#5938,.T.);
#5938 = LINE('',#5939,#5940);
#5939 = CARTESIAN_POINT('',(108.61,-161.81,-4.6E-02));
#5940 = VECTOR('',#5941,1.);
#5941 = DIRECTION('',(0.,0.,1.));
#5942 = ORIENTED_EDGE('',*,*,#5322,.F.);
#5943 = ORIENTED_EDGE('',*,*,#5937,.F.);
#5944 = CYLINDRICAL_SURFACE('',#5945,0.2);
#5945 = AXIS2_PLACEMENT_3D('',#5946,#5947,#5948);
#5946 = CARTESIAN_POINT('',(108.61,-161.61,-4.6E-02));
#5947 = DIRECTION('',(-0.,-0.,-1.));
#5948 = DIRECTION('',(-0.,-1.,0.));
#5949 = ADVANCED_FACE('',(#5950),#5961,.F.);
#5950 = FACE_BOUND('',#5951,.T.);
#5951 = EDGE_LOOP('',(#5952,#5953,#5959,#5960));
#5952 = ORIENTED_EDGE('',*,*,#4753,.T.);
#5953 = ORIENTED_EDGE('',*,*,#5954,.T.);
#5954 = EDGE_CURVE('',#4754,#5334,#5955,.T.);
#5955 = LINE('',#5956,#5957);
#5956 = CARTESIAN_POINT('',(109.,-160.02,-4.6E-02));
#5957 = VECTOR('',#5958,1.);
#5958 = DIRECTION('',(0.,0.,1.));
#5959 = ORIENTED_EDGE('',*,*,#5333,.F.);
#5960 = ORIENTED_EDGE('',*,*,#5954,.F.);
#5961 = CYLINDRICAL_SURFACE('',#5962,0.15);
#5962 = AXIS2_PLACEMENT_3D('',#5963,#5964,#5965);
#5963 = CARTESIAN_POINT('',(109.,-159.87,-4.6E-02));
#5964 = DIRECTION('',(-0.,-0.,-1.));
#5965 = DIRECTION('',(-0.,-1.,0.));
#5966 = ADVANCED_FACE('',(#5967),#5978,.F.);
#5967 = FACE_BOUND('',#5968,.T.);
#5968 = EDGE_LOOP('',(#5969,#5970,#5976,#5977));
#5969 = ORIENTED_EDGE('',*,*,#4764,.T.);
#5970 = ORIENTED_EDGE('',*,*,#5971,.T.);
#5971 = EDGE_CURVE('',#4765,#5345,#5972,.T.);
#5972 = LINE('',#5973,#5974);
#5973 = CARTESIAN_POINT('',(108.61,-152.81,-4.6E-02));
#5974 = VECTOR('',#5975,1.);
#5975 = DIRECTION('',(0.,0.,1.));
#5976 = ORIENTED_EDGE('',*,*,#5344,.F.);
#5977 = ORIENTED_EDGE('',*,*,#5971,.F.);
#5978 = CYLINDRICAL_SURFACE('',#5979,0.2);
#5979 = AXIS2_PLACEMENT_3D('',#5980,#5981,#5982);
#5980 = CARTESIAN_POINT('',(108.61,-152.61,-4.6E-02));
#5981 = DIRECTION('',(-0.,-0.,-1.));
#5982 = DIRECTION('',(-0.,-1.,0.));
#5983 = ADVANCED_FACE('',(#5984),#5995,.F.);
#5984 = FACE_BOUND('',#5985,.T.);
#5985 = EDGE_LOOP('',(#5986,#5987,#5993,#5994));
#5986 = ORIENTED_EDGE('',*,*,#4775,.T.);
#5987 = ORIENTED_EDGE('',*,*,#5988,.T.);
#5988 = EDGE_CURVE('',#4776,#5356,#5989,.T.);
#5989 = LINE('',#5990,#5991);
#5990 = CARTESIAN_POINT('',(109.,-151.02,-4.6E-02));
#5991 = VECTOR('',#5992,1.);
#5992 = DIRECTION('',(0.,0.,1.));
#5993 = ORIENTED_EDGE('',*,*,#5355,.F.);
#5994 = ORIENTED_EDGE('',*,*,#5988,.F.);
#5995 = CYLINDRICAL_SURFACE('',#5996,0.15);
#5996 = AXIS2_PLACEMENT_3D('',#5997,#5998,#5999);
#5997 = CARTESIAN_POINT('',(109.,-150.87,-4.6E-02));
#5998 = DIRECTION('',(-0.,-0.,-1.));
#5999 = DIRECTION('',(-0.,-1.,0.));
#6000 = ADVANCED_FACE('',(#6001),#6012,.F.);
#6001 = FACE_BOUND('',#6002,.T.);
#6002 = EDGE_LOOP('',(#6003,#6004,#6010,#6011));
#6003 = ORIENTED_EDGE('',*,*,#4786,.T.);
#6004 = ORIENTED_EDGE('',*,*,#6005,.T.);
#6005 = EDGE_CURVE('',#4787,#5367,#6006,.T.);
#6006 = LINE('',#6007,#6008);
#6007 = CARTESIAN_POINT('',(123.61,-161.81,-4.6E-02));
#6008 = VECTOR('',#6009,1.);
#6009 = DIRECTION('',(0.,0.,1.));
#6010 = ORIENTED_EDGE('',*,*,#5366,.F.);
#6011 = ORIENTED_EDGE('',*,*,#6005,.F.);
#6012 = CYLINDRICAL_SURFACE('',#6013,0.2);
#6013 = AXIS2_PLACEMENT_3D('',#6014,#6015,#6016);
#6014 = CARTESIAN_POINT('',(123.61,-161.61,-4.6E-02));
#6015 = DIRECTION('',(-0.,-0.,-1.));
#6016 = DIRECTION('',(-0.,-1.,0.));
#6017 = ADVANCED_FACE('',(#6018),#6029,.F.);
#6018 = FACE_BOUND('',#6019,.T.);
#6019 = EDGE_LOOP('',(#6020,#6021,#6027,#6028));
#6020 = ORIENTED_EDGE('',*,*,#4797,.T.);
#6021 = ORIENTED_EDGE('',*,*,#6022,.T.);
#6022 = EDGE_CURVE('',#4798,#5378,#6023,.T.);
#6023 = LINE('',#6024,#6025);
#6024 = CARTESIAN_POINT('',(123.61,-152.81,-4.6E-02));
#6025 = VECTOR('',#6026,1.);
#6026 = DIRECTION('',(0.,0.,1.));
#6027 = ORIENTED_EDGE('',*,*,#5377,.F.);
#6028 = ORIENTED_EDGE('',*,*,#6022,.F.);
#6029 = CYLINDRICAL_SURFACE('',#6030,0.2);
#6030 = AXIS2_PLACEMENT_3D('',#6031,#6032,#6033);
#6031 = CARTESIAN_POINT('',(123.61,-152.61,-4.6E-02));
#6032 = DIRECTION('',(-0.,-0.,-1.));
#6033 = DIRECTION('',(-0.,-1.,0.));
#6034 = ADVANCED_FACE('',(#6035),#6046,.F.);
#6035 = FACE_BOUND('',#6036,.T.);
#6036 = EDGE_LOOP('',(#6037,#6038,#6044,#6045));
#6037 = ORIENTED_EDGE('',*,*,#4808,.T.);
#6038 = ORIENTED_EDGE('',*,*,#6039,.T.);
#6039 = EDGE_CURVE('',#4809,#5389,#6040,.T.);
#6040 = LINE('',#6041,#6042);
#6041 = CARTESIAN_POINT('',(108.61,-143.81,-4.6E-02));
#6042 = VECTOR('',#6043,1.);
#6043 = DIRECTION('',(0.,0.,1.));
#6044 = ORIENTED_EDGE('',*,*,#5388,.F.);
#6045 = ORIENTED_EDGE('',*,*,#6039,.F.);
#6046 = CYLINDRICAL_SURFACE('',#6047,0.2);
#6047 = AXIS2_PLACEMENT_3D('',#6048,#6049,#6050);
#6048 = CARTESIAN_POINT('',(108.61,-143.61,-4.6E-02));
#6049 = DIRECTION('',(-0.,-0.,-1.));
#6050 = DIRECTION('',(-0.,-1.,0.));
#6051 = ADVANCED_FACE('',(#6052),#6063,.F.);
#6052 = FACE_BOUND('',#6053,.T.);
#6053 = EDGE_LOOP('',(#6054,#6055,#6061,#6062));
#6054 = ORIENTED_EDGE('',*,*,#4819,.T.);
#6055 = ORIENTED_EDGE('',*,*,#6056,.T.);
#6056 = EDGE_CURVE('',#4820,#5400,#6057,.T.);
#6057 = LINE('',#6058,#6059);
#6058 = CARTESIAN_POINT('',(109.,-142.02,-4.6E-02));
#6059 = VECTOR('',#6060,1.);
#6060 = DIRECTION('',(0.,0.,1.));
#6061 = ORIENTED_EDGE('',*,*,#5399,.F.);
#6062 = ORIENTED_EDGE('',*,*,#6056,.F.);
#6063 = CYLINDRICAL_SURFACE('',#6064,0.15);
#6064 = AXIS2_PLACEMENT_3D('',#6065,#6066,#6067);
#6065 = CARTESIAN_POINT('',(109.,-141.87,-4.6E-02));
#6066 = DIRECTION('',(-0.,-0.,-1.));
#6067 = DIRECTION('',(-0.,-1.,0.));
#6068 = ADVANCED_FACE('',(#6069),#6080,.F.);
#6069 = FACE_BOUND('',#6070,.T.);
#6070 = EDGE_LOOP('',(#6071,#6072,#6078,#6079));
#6071 = ORIENTED_EDGE('',*,*,#4830,.T.);
#6072 = ORIENTED_EDGE('',*,*,#6073,.T.);
#6073 = EDGE_CURVE('',#4831,#5411,#6074,.T.);
#6074 = LINE('',#6075,#6076);
#6075 = CARTESIAN_POINT('',(108.61,-134.81,-4.6E-02));
#6076 = VECTOR('',#6077,1.);
#6077 = DIRECTION('',(0.,0.,1.));
#6078 = ORIENTED_EDGE('',*,*,#5410,.F.);
#6079 = ORIENTED_EDGE('',*,*,#6073,.F.);
#6080 = CYLINDRICAL_SURFACE('',#6081,0.2);
#6081 = AXIS2_PLACEMENT_3D('',#6082,#6083,#6084);
#6082 = CARTESIAN_POINT('',(108.61,-134.61,-4.6E-02));
#6083 = DIRECTION('',(-0.,-0.,-1.));
#6084 = DIRECTION('',(-0.,-1.,0.));
#6085 = ADVANCED_FACE('',(#6086),#6097,.F.);
#6086 = FACE_BOUND('',#6087,.T.);
#6087 = EDGE_LOOP('',(#6088,#6089,#6095,#6096));
#6088 = ORIENTED_EDGE('',*,*,#4841,.T.);
#6089 = ORIENTED_EDGE('',*,*,#6090,.T.);
#6090 = EDGE_CURVE('',#4842,#5422,#6091,.T.);
#6091 = LINE('',#6092,#6093);
#6092 = CARTESIAN_POINT('',(109.,-133.02,-4.6E-02));
#6093 = VECTOR('',#6094,1.);
#6094 = DIRECTION('',(0.,0.,1.));
#6095 = ORIENTED_EDGE('',*,*,#5421,.F.);
#6096 = ORIENTED_EDGE('',*,*,#6090,.F.);
#6097 = CYLINDRICAL_SURFACE('',#6098,0.15);
#6098 = AXIS2_PLACEMENT_3D('',#6099,#6100,#6101);
#6099 = CARTESIAN_POINT('',(109.,-132.87,-4.6E-02));
#6100 = DIRECTION('',(-0.,-0.,-1.));
#6101 = DIRECTION('',(-0.,-1.,0.));
#6102 = ADVANCED_FACE('',(#6103),#6114,.F.);
#6103 = FACE_BOUND('',#6104,.T.);
#6104 = EDGE_LOOP('',(#6105,#6106,#6112,#6113));
#6105 = ORIENTED_EDGE('',*,*,#4852,.T.);
#6106 = ORIENTED_EDGE('',*,*,#6107,.T.);
#6107 = EDGE_CURVE('',#4853,#5433,#6108,.T.);
#6108 = LINE('',#6109,#6110);
#6109 = CARTESIAN_POINT('',(123.61,-143.81,-4.6E-02));
#6110 = VECTOR('',#6111,1.);
#6111 = DIRECTION('',(0.,0.,1.));
#6112 = ORIENTED_EDGE('',*,*,#5432,.F.);
#6113 = ORIENTED_EDGE('',*,*,#6107,.F.);
#6114 = CYLINDRICAL_SURFACE('',#6115,0.2);
#6115 = AXIS2_PLACEMENT_3D('',#6116,#6117,#6118);
#6116 = CARTESIAN_POINT('',(123.61,-143.61,-4.6E-02));
#6117 = DIRECTION('',(-0.,-0.,-1.));
#6118 = DIRECTION('',(-0.,-1.,0.));
#6119 = ADVANCED_FACE('',(#6120),#6131,.F.);
#6120 = FACE_BOUND('',#6121,.T.);
#6121 = EDGE_LOOP('',(#6122,#6123,#6129,#6130));
#6122 = ORIENTED_EDGE('',*,*,#4863,.T.);
#6123 = ORIENTED_EDGE('',*,*,#6124,.T.);
#6124 = EDGE_CURVE('',#4864,#5444,#6125,.T.);
#6125 = LINE('',#6126,#6127);
#6126 = CARTESIAN_POINT('',(123.61,-134.81,-4.6E-02));
#6127 = VECTOR('',#6128,1.);
#6128 = DIRECTION('',(0.,0.,1.));
#6129 = ORIENTED_EDGE('',*,*,#5443,.F.);
#6130 = ORIENTED_EDGE('',*,*,#6124,.F.);
#6131 = CYLINDRICAL_SURFACE('',#6132,0.2);
#6132 = AXIS2_PLACEMENT_3D('',#6133,#6134,#6135);
#6133 = CARTESIAN_POINT('',(123.61,-134.61,-4.6E-02));
#6134 = DIRECTION('',(-0.,-0.,-1.));
#6135 = DIRECTION('',(-0.,-1.,0.));
#6136 = ADVANCED_FACE('',(#6137),#6148,.F.);
#6137 = FACE_BOUND('',#6138,.T.);
#6138 = EDGE_LOOP('',(#6139,#6140,#6146,#6147));
#6139 = ORIENTED_EDGE('',*,*,#4874,.T.);
#6140 = ORIENTED_EDGE('',*,*,#6141,.T.);
#6141 = EDGE_CURVE('',#4875,#5455,#6142,.T.);
#6142 = LINE('',#6143,#6144);
#6143 = CARTESIAN_POINT('',(124.,-160.02,-4.6E-02));
#6144 = VECTOR('',#6145,1.);
#6145 = DIRECTION('',(0.,0.,1.));
#6146 = ORIENTED_EDGE('',*,*,#5454,.F.);
#6147 = ORIENTED_EDGE('',*,*,#6141,.F.);
#6148 = CYLINDRICAL_SURFACE('',#6149,0.15);
#6149 = AXIS2_PLACEMENT_3D('',#6150,#6151,#6152);
#6150 = CARTESIAN_POINT('',(124.,-159.87,-4.6E-02));
#6151 = DIRECTION('',(-0.,-0.,-1.));
#6152 = DIRECTION('',(-0.,-1.,0.));
#6153 = ADVANCED_FACE('',(#6154),#6165,.F.);
#6154 = FACE_BOUND('',#6155,.T.);
#6155 = EDGE_LOOP('',(#6156,#6157,#6163,#6164));
#6156 = ORIENTED_EDGE('',*,*,#4885,.T.);
#6157 = ORIENTED_EDGE('',*,*,#6158,.T.);
#6158 = EDGE_CURVE('',#4886,#5466,#6159,.T.);
#6159 = LINE('',#6160,#6161);
#6160 = CARTESIAN_POINT('',(124.,-151.02,-4.6E-02));
#6161 = VECTOR('',#6162,1.);
#6162 = DIRECTION('',(0.,0.,1.));
#6163 = ORIENTED_EDGE('',*,*,#5465,.F.);
#6164 = ORIENTED_EDGE('',*,*,#6158,.F.);
#6165 = CYLINDRICAL_SURFACE('',#6166,0.15);
#6166 = AXIS2_PLACEMENT_3D('',#6167,#6168,#6169);
#6167 = CARTESIAN_POINT('',(124.,-150.87,-4.6E-02));
#6168 = DIRECTION('',(-0.,-0.,-1.));
#6169 = DIRECTION('',(-0.,-1.,0.));
#6170 = ADVANCED_FACE('',(#6171),#6182,.F.);
#6171 = FACE_BOUND('',#6172,.T.);
#6172 = EDGE_LOOP('',(#6173,#6174,#6180,#6181));
#6173 = ORIENTED_EDGE('',*,*,#4896,.T.);
#6174 = ORIENTED_EDGE('',*,*,#6175,.T.);
#6175 = EDGE_CURVE('',#4897,#5477,#6176,.T.);
#6176 = LINE('',#6177,#6178);
#6177 = CARTESIAN_POINT('',(138.61,-161.81,-4.6E-02));
#6178 = VECTOR('',#6179,1.);
#6179 = DIRECTION('',(0.,0.,1.));
#6180 = ORIENTED_EDGE('',*,*,#5476,.F.);
#6181 = ORIENTED_EDGE('',*,*,#6175,.F.);
#6182 = CYLINDRICAL_SURFACE('',#6183,0.2);
#6183 = AXIS2_PLACEMENT_3D('',#6184,#6185,#6186);
#6184 = CARTESIAN_POINT('',(138.61,-161.61,-4.6E-02));
#6185 = DIRECTION('',(-0.,-0.,-1.));
#6186 = DIRECTION('',(-0.,-1.,0.));
#6187 = ADVANCED_FACE('',(#6188),#6199,.F.);
#6188 = FACE_BOUND('',#6189,.T.);
#6189 = EDGE_LOOP('',(#6190,#6191,#6197,#6198));
#6190 = ORIENTED_EDGE('',*,*,#4907,.T.);
#6191 = ORIENTED_EDGE('',*,*,#6192,.T.);
#6192 = EDGE_CURVE('',#4908,#5488,#6193,.T.);
#6193 = LINE('',#6194,#6195);
#6194 = CARTESIAN_POINT('',(139.,-160.02,-4.6E-02));
#6195 = VECTOR('',#6196,1.);
#6196 = DIRECTION('',(0.,0.,1.));
#6197 = ORIENTED_EDGE('',*,*,#5487,.F.);
#6198 = ORIENTED_EDGE('',*,*,#6192,.F.);
#6199 = CYLINDRICAL_SURFACE('',#6200,0.15);
#6200 = AXIS2_PLACEMENT_3D('',#6201,#6202,#6203);
#6201 = CARTESIAN_POINT('',(139.,-159.87,-4.6E-02));
#6202 = DIRECTION('',(-0.,-0.,-1.));
#6203 = DIRECTION('',(-0.,-1.,0.));
#6204 = ADVANCED_FACE('',(#6205),#6216,.F.);
#6205 = FACE_BOUND('',#6206,.T.);
#6206 = EDGE_LOOP('',(#6207,#6208,#6214,#6215));
#6207 = ORIENTED_EDGE('',*,*,#4918,.T.);
#6208 = ORIENTED_EDGE('',*,*,#6209,.T.);
#6209 = EDGE_CURVE('',#4919,#5499,#6210,.T.);
#6210 = LINE('',#6211,#6212);
#6211 = CARTESIAN_POINT('',(138.61,-152.81,-4.6E-02));
#6212 = VECTOR('',#6213,1.);
#6213 = DIRECTION('',(0.,0.,1.));
#6214 = ORIENTED_EDGE('',*,*,#5498,.F.);
#6215 = ORIENTED_EDGE('',*,*,#6209,.F.);
#6216 = CYLINDRICAL_SURFACE('',#6217,0.2);
#6217 = AXIS2_PLACEMENT_3D('',#6218,#6219,#6220);
#6218 = CARTESIAN_POINT('',(138.61,-152.61,-4.6E-02));
#6219 = DIRECTION('',(-0.,-0.,-1.));
#6220 = DIRECTION('',(-0.,-1.,0.));
#6221 = ADVANCED_FACE('',(#6222),#6233,.F.);
#6222 = FACE_BOUND('',#6223,.T.);
#6223 = EDGE_LOOP('',(#6224,#6225,#6231,#6232));
#6224 = ORIENTED_EDGE('',*,*,#4929,.T.);
#6225 = ORIENTED_EDGE('',*,*,#6226,.T.);
#6226 = EDGE_CURVE('',#4930,#5510,#6227,.T.);
#6227 = LINE('',#6228,#6229);
#6228 = CARTESIAN_POINT('',(139.,-151.02,-4.6E-02));
#6229 = VECTOR('',#6230,1.);
#6230 = DIRECTION('',(0.,0.,1.));
#6231 = ORIENTED_EDGE('',*,*,#5509,.F.);
#6232 = ORIENTED_EDGE('',*,*,#6226,.F.);
#6233 = CYLINDRICAL_SURFACE('',#6234,0.15);
#6234 = AXIS2_PLACEMENT_3D('',#6235,#6236,#6237);
#6235 = CARTESIAN_POINT('',(139.,-150.87,-4.6E-02));
#6236 = DIRECTION('',(-0.,-0.,-1.));
#6237 = DIRECTION('',(-0.,-1.,0.));
#6238 = ADVANCED_FACE('',(#6239),#6250,.F.);
#6239 = FACE_BOUND('',#6240,.T.);
#6240 = EDGE_LOOP('',(#6241,#6242,#6248,#6249));
#6241 = ORIENTED_EDGE('',*,*,#4940,.T.);
#6242 = ORIENTED_EDGE('',*,*,#6243,.T.);
#6243 = EDGE_CURVE('',#4941,#5521,#6244,.T.);
#6244 = LINE('',#6245,#6246);
#6245 = CARTESIAN_POINT('',(124.,-142.02,-4.6E-02));
#6246 = VECTOR('',#6247,1.);
#6247 = DIRECTION('',(0.,0.,1.));
#6248 = ORIENTED_EDGE('',*,*,#5520,.F.);
#6249 = ORIENTED_EDGE('',*,*,#6243,.F.);
#6250 = CYLINDRICAL_SURFACE('',#6251,0.15);
#6251 = AXIS2_PLACEMENT_3D('',#6252,#6253,#6254);
#6252 = CARTESIAN_POINT('',(124.,-141.87,-4.6E-02));
#6253 = DIRECTION('',(-0.,-0.,-1.));
#6254 = DIRECTION('',(-0.,-1.,0.));
#6255 = ADVANCED_FACE('',(#6256),#6267,.F.);
#6256 = FACE_BOUND('',#6257,.T.);
#6257 = EDGE_LOOP('',(#6258,#6259,#6265,#6266));
#6258 = ORIENTED_EDGE('',*,*,#4951,.T.);
#6259 = ORIENTED_EDGE('',*,*,#6260,.T.);
#6260 = EDGE_CURVE('',#4952,#5532,#6261,.T.);
#6261 = LINE('',#6262,#6263);
#6262 = CARTESIAN_POINT('',(124.,-133.02,-4.6E-02));
#6263 = VECTOR('',#6264,1.);
#6264 = DIRECTION('',(0.,0.,1.));
#6265 = ORIENTED_EDGE('',*,*,#5531,.F.);
#6266 = ORIENTED_EDGE('',*,*,#6260,.F.);
#6267 = CYLINDRICAL_SURFACE('',#6268,0.15);
#6268 = AXIS2_PLACEMENT_3D('',#6269,#6270,#6271);
#6269 = CARTESIAN_POINT('',(124.,-132.87,-4.6E-02));
#6270 = DIRECTION('',(-0.,-0.,-1.));
#6271 = DIRECTION('',(-0.,-1.,0.));
#6272 = ADVANCED_FACE('',(#6273),#6284,.F.);
#6273 = FACE_BOUND('',#6274,.T.);
#6274 = EDGE_LOOP('',(#6275,#6276,#6282,#6283));
#6275 = ORIENTED_EDGE('',*,*,#4962,.T.);
#6276 = ORIENTED_EDGE('',*,*,#6277,.T.);
#6277 = EDGE_CURVE('',#4963,#5543,#6278,.T.);
#6278 = LINE('',#6279,#6280);
#6279 = CARTESIAN_POINT('',(138.61,-143.81,-4.6E-02));
#6280 = VECTOR('',#6281,1.);
#6281 = DIRECTION('',(0.,0.,1.));
#6282 = ORIENTED_EDGE('',*,*,#5542,.F.);
#6283 = ORIENTED_EDGE('',*,*,#6277,.F.);
#6284 = CYLINDRICAL_SURFACE('',#6285,0.2);
#6285 = AXIS2_PLACEMENT_3D('',#6286,#6287,#6288);
#6286 = CARTESIAN_POINT('',(138.61,-143.61,-4.6E-02));
#6287 = DIRECTION('',(-0.,-0.,-1.));
#6288 = DIRECTION('',(-0.,-1.,0.));
#6289 = ADVANCED_FACE('',(#6290),#6301,.F.);
#6290 = FACE_BOUND('',#6291,.T.);
#6291 = EDGE_LOOP('',(#6292,#6293,#6299,#6300));
#6292 = ORIENTED_EDGE('',*,*,#4973,.T.);
#6293 = ORIENTED_EDGE('',*,*,#6294,.T.);
#6294 = EDGE_CURVE('',#4974,#5554,#6295,.T.);
#6295 = LINE('',#6296,#6297);
#6296 = CARTESIAN_POINT('',(139.,-142.02,-4.6E-02));
#6297 = VECTOR('',#6298,1.);
#6298 = DIRECTION('',(0.,0.,1.));
#6299 = ORIENTED_EDGE('',*,*,#5553,.F.);
#6300 = ORIENTED_EDGE('',*,*,#6294,.F.);
#6301 = CYLINDRICAL_SURFACE('',#6302,0.15);
#6302 = AXIS2_PLACEMENT_3D('',#6303,#6304,#6305);
#6303 = CARTESIAN_POINT('',(139.,-141.87,-4.6E-02));
#6304 = DIRECTION('',(-0.,-0.,-1.));
#6305 = DIRECTION('',(-0.,-1.,0.));
#6306 = ADVANCED_FACE('',(#6307),#6318,.F.);
#6307 = FACE_BOUND('',#6308,.T.);
#6308 = EDGE_LOOP('',(#6309,#6310,#6316,#6317));
#6309 = ORIENTED_EDGE('',*,*,#4984,.T.);
#6310 = ORIENTED_EDGE('',*,*,#6311,.T.);
#6311 = EDGE_CURVE('',#4985,#5565,#6312,.T.);
#6312 = LINE('',#6313,#6314);
#6313 = CARTESIAN_POINT('',(138.61,-134.81,-4.6E-02));
#6314 = VECTOR('',#6315,1.);
#6315 = DIRECTION('',(0.,0.,1.));
#6316 = ORIENTED_EDGE('',*,*,#5564,.F.);
#6317 = ORIENTED_EDGE('',*,*,#6311,.F.);
#6318 = CYLINDRICAL_SURFACE('',#6319,0.2);
#6319 = AXIS2_PLACEMENT_3D('',#6320,#6321,#6322);
#6320 = CARTESIAN_POINT('',(138.61,-134.61,-4.6E-02));
#6321 = DIRECTION('',(-0.,-0.,-1.));
#6322 = DIRECTION('',(-0.,-1.,0.));
#6323 = ADVANCED_FACE('',(#6324),#6335,.F.);
#6324 = FACE_BOUND('',#6325,.T.);
#6325 = EDGE_LOOP('',(#6326,#6327,#6333,#6334));
#6326 = ORIENTED_EDGE('',*,*,#4995,.T.);
#6327 = ORIENTED_EDGE('',*,*,#6328,.T.);
#6328 = EDGE_CURVE('',#4996,#5576,#6329,.T.);
#6329 = LINE('',#6330,#6331);
#6330 = CARTESIAN_POINT('',(139.,-133.02,-4.6E-02));
#6331 = VECTOR('',#6332,1.);
#6332 = DIRECTION('',(0.,0.,1.));
#6333 = ORIENTED_EDGE('',*,*,#5575,.F.);
#6334 = ORIENTED_EDGE('',*,*,#6328,.F.);
#6335 = CYLINDRICAL_SURFACE('',#6336,0.15);
#6336 = AXIS2_PLACEMENT_3D('',#6337,#6338,#6339);
#6337 = CARTESIAN_POINT('',(139.,-132.87,-4.6E-02));
#6338 = DIRECTION('',(-0.,-0.,-1.));
#6339 = DIRECTION('',(-0.,-1.,0.));
#6340 = ADVANCED_FACE('',(#6341),#6352,.F.);
#6341 = FACE_BOUND('',#6342,.T.);
#6342 = EDGE_LOOP('',(#6343,#6344,#6350,#6351));
#6343 = ORIENTED_EDGE('',*,*,#5006,.T.);
#6344 = ORIENTED_EDGE('',*,*,#6345,.T.);
#6345 = EDGE_CURVE('',#5007,#5587,#6346,.T.);
#6346 = LINE('',#6347,#6348);
#6347 = CARTESIAN_POINT('',(107.36,-124.31,-4.6E-02));
#6348 = VECTOR('',#6349,1.);
#6349 = DIRECTION('',(0.,0.,1.));
#6350 = ORIENTED_EDGE('',*,*,#5586,.F.);
#6351 = ORIENTED_EDGE('',*,*,#6345,.F.);
#6352 = CYLINDRICAL_SURFACE('',#6353,0.2);
#6353 = AXIS2_PLACEMENT_3D('',#6354,#6355,#6356);
#6354 = CARTESIAN_POINT('',(107.36,-124.11,-4.6E-02));
#6355 = DIRECTION('',(-0.,-0.,-1.));
#6356 = DIRECTION('',(-0.,-1.,0.));
#6357 = ADVANCED_FACE('',(#6358),#6369,.F.);
#6358 = FACE_BOUND('',#6359,.T.);
#6359 = EDGE_LOOP('',(#6360,#6361,#6367,#6368));
#6360 = ORIENTED_EDGE('',*,*,#5017,.T.);
#6361 = ORIENTED_EDGE('',*,*,#6362,.T.);
#6362 = EDGE_CURVE('',#5018,#5598,#6363,.T.);
#6363 = LINE('',#6364,#6365);
#6364 = CARTESIAN_POINT('',(107.75,-122.52,-4.6E-02));
#6365 = VECTOR('',#6366,1.);
#6366 = DIRECTION('',(0.,0.,1.));
#6367 = ORIENTED_EDGE('',*,*,#5597,.F.);
#6368 = ORIENTED_EDGE('',*,*,#6362,.F.);
#6369 = CYLINDRICAL_SURFACE('',#6370,0.15);
#6370 = AXIS2_PLACEMENT_3D('',#6371,#6372,#6373);
#6371 = CARTESIAN_POINT('',(107.75,-122.37,-4.6E-02));
#6372 = DIRECTION('',(-0.,-0.,-1.));
#6373 = DIRECTION('',(-0.,-1.,0.));
#6374 = ADVANCED_FACE('',(#6375),#6386,.F.);
#6375 = FACE_BOUND('',#6376,.T.);
#6376 = EDGE_LOOP('',(#6377,#6378,#6384,#6385));
#6377 = ORIENTED_EDGE('',*,*,#5028,.T.);
#6378 = ORIENTED_EDGE('',*,*,#6379,.T.);
#6379 = EDGE_CURVE('',#5029,#5609,#6380,.T.);
#6380 = LINE('',#6381,#6382);
#6381 = CARTESIAN_POINT('',(123.72,-126.495,-4.6E-02));
#6382 = VECTOR('',#6383,1.);
#6383 = DIRECTION('',(0.,0.,1.));
#6384 = ORIENTED_EDGE('',*,*,#5608,.F.);
#6385 = ORIENTED_EDGE('',*,*,#6379,.F.);
#6386 = CYLINDRICAL_SURFACE('',#6387,0.15);
#6387 = AXIS2_PLACEMENT_3D('',#6388,#6389,#6390);
#6388 = CARTESIAN_POINT('',(123.72,-126.345,-4.6E-02));
#6389 = DIRECTION('',(-0.,-0.,-1.));
#6390 = DIRECTION('',(-0.,-1.,0.));
#6391 = ADVANCED_FACE('',(#6392),#6403,.F.);
#6392 = FACE_BOUND('',#6393,.T.);
#6393 = EDGE_LOOP('',(#6394,#6395,#6401,#6402));
#6394 = ORIENTED_EDGE('',*,*,#5039,.T.);
#6395 = ORIENTED_EDGE('',*,*,#6396,.T.);
#6396 = EDGE_CURVE('',#5040,#5620,#6397,.T.);
#6397 = LINE('',#6398,#6399);
#6398 = CARTESIAN_POINT('',(116.595,-119.37,-4.6E-02));
#6399 = VECTOR('',#6400,1.);
#6400 = DIRECTION('',(0.,0.,1.));
#6401 = ORIENTED_EDGE('',*,*,#5619,.F.);
#6402 = ORIENTED_EDGE('',*,*,#6396,.F.);
#6403 = CYLINDRICAL_SURFACE('',#6404,0.15);
#6404 = AXIS2_PLACEMENT_3D('',#6405,#6406,#6407);
#6405 = CARTESIAN_POINT('',(116.595,-119.22,-4.6E-02));
#6406 = DIRECTION('',(-0.,-0.,-1.));
#6407 = DIRECTION('',(-0.,-1.,0.));
#6408 = ADVANCED_FACE('',(#6409),#6420,.F.);
#6409 = FACE_BOUND('',#6410,.T.);
#6410 = EDGE_LOOP('',(#6411,#6412,#6418,#6419));
#6411 = ORIENTED_EDGE('',*,*,#5050,.T.);
#6412 = ORIENTED_EDGE('',*,*,#6413,.T.);
#6413 = EDGE_CURVE('',#5051,#5631,#6414,.T.);
#6414 = LINE('',#6415,#6416);
#6415 = CARTESIAN_POINT('',(116.875,-118.05,-4.6E-02));
#6416 = VECTOR('',#6417,1.);
#6417 = DIRECTION('',(0.,0.,1.));
#6418 = ORIENTED_EDGE('',*,*,#5630,.F.);
#6419 = ORIENTED_EDGE('',*,*,#6413,.F.);
#6420 = CYLINDRICAL_SURFACE('',#6421,0.15);
#6421 = AXIS2_PLACEMENT_3D('',#6422,#6423,#6424);
#6422 = CARTESIAN_POINT('',(116.875,-117.9,-4.6E-02));
#6423 = DIRECTION('',(-0.,-0.,-1.));
#6424 = DIRECTION('',(-0.,-1.,0.));
#6425 = ADVANCED_FACE('',(#6426),#6437,.F.);
#6426 = FACE_BOUND('',#6427,.T.);
#6427 = EDGE_LOOP('',(#6428,#6429,#6435,#6436));
#6428 = ORIENTED_EDGE('',*,*,#5061,.T.);
#6429 = ORIENTED_EDGE('',*,*,#6430,.T.);
#6430 = EDGE_CURVE('',#5062,#5642,#6431,.T.);
#6431 = LINE('',#6432,#6433);
#6432 = CARTESIAN_POINT('',(123.61,-119.31,-4.6E-02));
#6433 = VECTOR('',#6434,1.);
#6434 = DIRECTION('',(0.,0.,1.));
#6435 = ORIENTED_EDGE('',*,*,#5641,.F.);
#6436 = ORIENTED_EDGE('',*,*,#6430,.F.);
#6437 = CYLINDRICAL_SURFACE('',#6438,0.2);
#6438 = AXIS2_PLACEMENT_3D('',#6439,#6440,#6441);
#6439 = CARTESIAN_POINT('',(123.61,-119.11,-4.6E-02));
#6440 = DIRECTION('',(-0.,-0.,-1.));
#6441 = DIRECTION('',(-0.,-1.,0.));
#6442 = ADVANCED_FACE('',(#6443),#6454,.F.);
#6443 = FACE_BOUND('',#6444,.T.);
#6444 = EDGE_LOOP('',(#6445,#6446,#6452,#6453));
#6445 = ORIENTED_EDGE('',*,*,#5072,.T.);
#6446 = ORIENTED_EDGE('',*,*,#6447,.T.);
#6447 = EDGE_CURVE('',#5073,#5653,#6448,.T.);
#6448 = LINE('',#6449,#6450);
#6449 = CARTESIAN_POINT('',(107.36,-114.31,-4.6E-02));
#6450 = VECTOR('',#6451,1.);
#6451 = DIRECTION('',(0.,0.,1.));
#6452 = ORIENTED_EDGE('',*,*,#5652,.F.);
#6453 = ORIENTED_EDGE('',*,*,#6447,.F.);
#6454 = CYLINDRICAL_SURFACE('',#6455,0.2);
#6455 = AXIS2_PLACEMENT_3D('',#6456,#6457,#6458);
#6456 = CARTESIAN_POINT('',(107.36,-114.11,-4.6E-02));
#6457 = DIRECTION('',(-0.,-0.,-1.));
#6458 = DIRECTION('',(-0.,-1.,0.));
#6459 = ADVANCED_FACE('',(#6460),#6471,.F.);
#6460 = FACE_BOUND('',#6461,.T.);
#6461 = EDGE_LOOP('',(#6462,#6463,#6469,#6470));
#6462 = ORIENTED_EDGE('',*,*,#5083,.T.);
#6463 = ORIENTED_EDGE('',*,*,#6464,.T.);
#6464 = EDGE_CURVE('',#5084,#5664,#6465,.T.);
#6465 = LINE('',#6466,#6467);
#6466 = CARTESIAN_POINT('',(107.75,-112.52,-4.6E-02));
#6467 = VECTOR('',#6468,1.);
#6468 = DIRECTION('',(0.,0.,1.));
#6469 = ORIENTED_EDGE('',*,*,#5663,.F.);
#6470 = ORIENTED_EDGE('',*,*,#6464,.F.);
#6471 = CYLINDRICAL_SURFACE('',#6472,0.15);
#6472 = AXIS2_PLACEMENT_3D('',#6473,#6474,#6475);
#6473 = CARTESIAN_POINT('',(107.75,-112.37,-4.6E-02));
#6474 = DIRECTION('',(-0.,-0.,-1.));
#6475 = DIRECTION('',(-0.,-1.,0.));
#6476 = ADVANCED_FACE('',(#6477),#6488,.F.);
#6477 = FACE_BOUND('',#6478,.T.);
#6478 = EDGE_LOOP('',(#6479,#6480,#6486,#6487));
#6479 = ORIENTED_EDGE('',*,*,#5094,.T.);
#6480 = ORIENTED_EDGE('',*,*,#6481,.T.);
#6481 = EDGE_CURVE('',#5095,#5675,#6482,.T.);
#6482 = LINE('',#6483,#6484);
#6483 = CARTESIAN_POINT('',(108.72,-104.87,-4.6E-02));
#6484 = VECTOR('',#6485,1.);
#6485 = DIRECTION('',(0.,0.,1.));
#6486 = ORIENTED_EDGE('',*,*,#5674,.F.);
#6487 = ORIENTED_EDGE('',*,*,#6481,.F.);
#6488 = CYLINDRICAL_SURFACE('',#6489,0.15);
#6489 = AXIS2_PLACEMENT_3D('',#6490,#6491,#6492);
#6490 = CARTESIAN_POINT('',(108.72,-104.72,-4.6E-02));
#6491 = DIRECTION('',(-0.,-0.,-1.));
#6492 = DIRECTION('',(-0.,-1.,0.));
#6493 = ADVANCED_FACE('',(#6494),#6505,.F.);
#6494 = FACE_BOUND('',#6495,.T.);
#6495 = EDGE_LOOP('',(#6496,#6497,#6503,#6504));
#6496 = ORIENTED_EDGE('',*,*,#5105,.T.);
#6497 = ORIENTED_EDGE('',*,*,#6498,.T.);
#6498 = EDGE_CURVE('',#5106,#5686,#6499,.T.);
#6499 = LINE('',#6500,#6501);
#6500 = CARTESIAN_POINT('',(109.,-103.55,-4.6E-02));
#6501 = VECTOR('',#6502,1.);
#6502 = DIRECTION('',(0.,0.,1.));
#6503 = ORIENTED_EDGE('',*,*,#5685,.F.);
#6504 = ORIENTED_EDGE('',*,*,#6498,.F.);
#6505 = CYLINDRICAL_SURFACE('',#6506,0.15);
#6506 = AXIS2_PLACEMENT_3D('',#6507,#6508,#6509);
#6507 = CARTESIAN_POINT('',(109.,-103.4,-4.6E-02));
#6508 = DIRECTION('',(-0.,-0.,-1.));
#6509 = DIRECTION('',(-0.,-1.,0.));
#6510 = ADVANCED_FACE('',(#6511),#6522,.F.);
#6511 = FACE_BOUND('',#6512,.T.);
#6512 = EDGE_LOOP('',(#6513,#6514,#6520,#6521));
#6513 = ORIENTED_EDGE('',*,*,#5116,.T.);
#6514 = ORIENTED_EDGE('',*,*,#6515,.T.);
#6515 = EDGE_CURVE('',#5117,#5697,#6516,.T.);
#6516 = LINE('',#6517,#6518);
#6517 = CARTESIAN_POINT('',(123.72,-112.245,-4.6E-02));
#6518 = VECTOR('',#6519,1.);
#6519 = DIRECTION('',(0.,0.,1.));
#6520 = ORIENTED_EDGE('',*,*,#5696,.F.);
#6521 = ORIENTED_EDGE('',*,*,#6515,.F.);
#6522 = CYLINDRICAL_SURFACE('',#6523,0.15);
#6523 = AXIS2_PLACEMENT_3D('',#6524,#6525,#6526);
#6524 = CARTESIAN_POINT('',(123.72,-112.095,-4.6E-02));
#6525 = DIRECTION('',(-0.,-0.,-1.));
#6526 = DIRECTION('',(-0.,-1.,0.));
#6527 = ADVANCED_FACE('',(#6528),#6539,.F.);
#6528 = FACE_BOUND('',#6529,.T.);
#6529 = EDGE_LOOP('',(#6530,#6531,#6537,#6538));
#6530 = ORIENTED_EDGE('',*,*,#5127,.T.);
#6531 = ORIENTED_EDGE('',*,*,#6532,.T.);
#6532 = EDGE_CURVE('',#5128,#5708,#6533,.T.);
#6533 = LINE('',#6534,#6535);
#6534 = CARTESIAN_POINT('',(123.72,-104.87,-4.6E-02));
#6535 = VECTOR('',#6536,1.);
#6536 = DIRECTION('',(0.,0.,1.));
#6537 = ORIENTED_EDGE('',*,*,#5707,.F.);
#6538 = ORIENTED_EDGE('',*,*,#6532,.F.);
#6539 = CYLINDRICAL_SURFACE('',#6540,0.15);
#6540 = AXIS2_PLACEMENT_3D('',#6541,#6542,#6543);
#6541 = CARTESIAN_POINT('',(123.72,-104.72,-4.6E-02));
#6542 = DIRECTION('',(-0.,-0.,-1.));
#6543 = DIRECTION('',(-0.,-1.,0.));
#6544 = ADVANCED_FACE('',(#6545),#6556,.F.);
#6545 = FACE_BOUND('',#6546,.T.);
#6546 = EDGE_LOOP('',(#6547,#6548,#6554,#6555));
#6547 = ORIENTED_EDGE('',*,*,#5138,.T.);
#6548 = ORIENTED_EDGE('',*,*,#6549,.T.);
#6549 = EDGE_CURVE('',#5139,#5719,#6550,.T.);
#6550 = LINE('',#6551,#6552);
#6551 = CARTESIAN_POINT('',(124.,-125.175,-4.6E-02));
#6552 = VECTOR('',#6553,1.);
#6553 = DIRECTION('',(0.,0.,1.));
#6554 = ORIENTED_EDGE('',*,*,#5718,.F.);
#6555 = ORIENTED_EDGE('',*,*,#6549,.F.);
#6556 = CYLINDRICAL_SURFACE('',#6557,0.15);
#6557 = AXIS2_PLACEMENT_3D('',#6558,#6559,#6560);
#6558 = CARTESIAN_POINT('',(124.,-125.025,-4.6E-02));
#6559 = DIRECTION('',(-0.,-0.,-1.));
#6560 = DIRECTION('',(-0.,-1.,0.));
#6561 = ADVANCED_FACE('',(#6562),#6573,.F.);
#6562 = FACE_BOUND('',#6563,.T.);
#6563 = EDGE_LOOP('',(#6564,#6565,#6571,#6572));
#6564 = ORIENTED_EDGE('',*,*,#5149,.T.);
#6565 = ORIENTED_EDGE('',*,*,#6566,.T.);
#6566 = EDGE_CURVE('',#5150,#5730,#6567,.T.);
#6567 = LINE('',#6568,#6569);
#6568 = CARTESIAN_POINT('',(130.845,-119.37,-4.6E-02));
#6569 = VECTOR('',#6570,1.);
#6570 = DIRECTION('',(0.,0.,1.));
#6571 = ORIENTED_EDGE('',*,*,#5729,.F.);
#6572 = ORIENTED_EDGE('',*,*,#6566,.F.);
#6573 = CYLINDRICAL_SURFACE('',#6574,0.15);
#6574 = AXIS2_PLACEMENT_3D('',#6575,#6576,#6577);
#6575 = CARTESIAN_POINT('',(130.845,-119.22,-4.6E-02));
#6576 = DIRECTION('',(-0.,-0.,-1.));
#6577 = DIRECTION('',(-0.,-1.,0.));
#6578 = ADVANCED_FACE('',(#6579),#6590,.F.);
#6579 = FACE_BOUND('',#6580,.T.);
#6580 = EDGE_LOOP('',(#6581,#6582,#6588,#6589));
#6581 = ORIENTED_EDGE('',*,*,#5160,.T.);
#6582 = ORIENTED_EDGE('',*,*,#6583,.T.);
#6583 = EDGE_CURVE('',#5161,#5741,#6584,.T.);
#6584 = LINE('',#6585,#6586);
#6585 = CARTESIAN_POINT('',(131.125,-118.05,-4.6E-02));
#6586 = VECTOR('',#6587,1.);
#6587 = DIRECTION('',(0.,0.,1.));
#6588 = ORIENTED_EDGE('',*,*,#5740,.F.);
#6589 = ORIENTED_EDGE('',*,*,#6583,.F.);
#6590 = CYLINDRICAL_SURFACE('',#6591,0.15);
#6591 = AXIS2_PLACEMENT_3D('',#6592,#6593,#6594);
#6592 = CARTESIAN_POINT('',(131.125,-117.9,-4.6E-02));
#6593 = DIRECTION('',(-0.,-0.,-1.));
#6594 = DIRECTION('',(-0.,-1.,0.));
#6595 = ADVANCED_FACE('',(#6596),#6607,.F.);
#6596 = FACE_BOUND('',#6597,.T.);
#6597 = EDGE_LOOP('',(#6598,#6599,#6605,#6606));
#6598 = ORIENTED_EDGE('',*,*,#5171,.T.);
#6599 = ORIENTED_EDGE('',*,*,#6600,.T.);
#6600 = EDGE_CURVE('',#5172,#5752,#6601,.T.);
#6601 = LINE('',#6602,#6603);
#6602 = CARTESIAN_POINT('',(139.86,-124.31,-4.6E-02));
#6603 = VECTOR('',#6604,1.);
#6604 = DIRECTION('',(0.,0.,1.));
#6605 = ORIENTED_EDGE('',*,*,#5751,.F.);
#6606 = ORIENTED_EDGE('',*,*,#6600,.F.);
#6607 = CYLINDRICAL_SURFACE('',#6608,0.2);
#6608 = AXIS2_PLACEMENT_3D('',#6609,#6610,#6611);
#6609 = CARTESIAN_POINT('',(139.86,-124.11,-4.6E-02));
#6610 = DIRECTION('',(-0.,-0.,-1.));
#6611 = DIRECTION('',(-0.,-1.,0.));
#6612 = ADVANCED_FACE('',(#6613),#6624,.F.);
#6613 = FACE_BOUND('',#6614,.T.);
#6614 = EDGE_LOOP('',(#6615,#6616,#6622,#6623));
#6615 = ORIENTED_EDGE('',*,*,#5182,.T.);
#6616 = ORIENTED_EDGE('',*,*,#6617,.T.);
#6617 = EDGE_CURVE('',#5183,#5763,#6618,.T.);
#6618 = LINE('',#6619,#6620);
#6619 = CARTESIAN_POINT('',(140.25,-122.52,-4.6E-02));
#6620 = VECTOR('',#6621,1.);
#6621 = DIRECTION('',(0.,0.,1.));
#6622 = ORIENTED_EDGE('',*,*,#5762,.F.);
#6623 = ORIENTED_EDGE('',*,*,#6617,.F.);
#6624 = CYLINDRICAL_SURFACE('',#6625,0.15);
#6625 = AXIS2_PLACEMENT_3D('',#6626,#6627,#6628);
#6626 = CARTESIAN_POINT('',(140.25,-122.37,-4.6E-02));
#6627 = DIRECTION('',(-0.,-0.,-1.));
#6628 = DIRECTION('',(-0.,-1.,0.));
#6629 = ADVANCED_FACE('',(#6630),#6641,.F.);
#6630 = FACE_BOUND('',#6631,.T.);
#6631 = EDGE_LOOP('',(#6632,#6633,#6639,#6640));
#6632 = ORIENTED_EDGE('',*,*,#5193,.T.);
#6633 = ORIENTED_EDGE('',*,*,#6634,.T.);
#6634 = EDGE_CURVE('',#5194,#5774,#6635,.T.);
#6635 = LINE('',#6636,#6637);
#6636 = CARTESIAN_POINT('',(124.,-117.52,-4.6E-02));
#6637 = VECTOR('',#6638,1.);
#6638 = DIRECTION('',(0.,0.,1.));
#6639 = ORIENTED_EDGE('',*,*,#5773,.F.);
#6640 = ORIENTED_EDGE('',*,*,#6634,.F.);
#6641 = CYLINDRICAL_SURFACE('',#6642,0.15);
#6642 = AXIS2_PLACEMENT_3D('',#6643,#6644,#6645);
#6643 = CARTESIAN_POINT('',(124.,-117.37,-4.6E-02));
#6644 = DIRECTION('',(-0.,-0.,-1.));
#6645 = DIRECTION('',(-0.,-1.,0.));
#6646 = ADVANCED_FACE('',(#6647),#6658,.F.);
#6647 = FACE_BOUND('',#6648,.T.);
#6648 = EDGE_LOOP('',(#6649,#6650,#6656,#6657));
#6649 = ORIENTED_EDGE('',*,*,#5204,.T.);
#6650 = ORIENTED_EDGE('',*,*,#6651,.T.);
#6651 = EDGE_CURVE('',#5205,#5785,#6652,.T.);
#6652 = LINE('',#6653,#6654);
#6653 = CARTESIAN_POINT('',(124.,-110.925,-4.6E-02));
#6654 = VECTOR('',#6655,1.);
#6655 = DIRECTION('',(0.,0.,1.));
#6656 = ORIENTED_EDGE('',*,*,#5784,.F.);
#6657 = ORIENTED_EDGE('',*,*,#6651,.F.);
#6658 = CYLINDRICAL_SURFACE('',#6659,0.15);
#6659 = AXIS2_PLACEMENT_3D('',#6660,#6661,#6662);
#6660 = CARTESIAN_POINT('',(124.,-110.775,-4.6E-02));
#6661 = DIRECTION('',(-0.,-0.,-1.));
#6662 = DIRECTION('',(-0.,-1.,0.));
#6663 = ADVANCED_FACE('',(#6664),#6675,.F.);
#6664 = FACE_BOUND('',#6665,.T.);
#6665 = EDGE_LOOP('',(#6666,#6667,#6673,#6674));
#6666 = ORIENTED_EDGE('',*,*,#5215,.T.);
#6667 = ORIENTED_EDGE('',*,*,#6668,.T.);
#6668 = EDGE_CURVE('',#5216,#5796,#6669,.T.);
#6669 = LINE('',#6670,#6671);
#6670 = CARTESIAN_POINT('',(124.,-103.55,-4.6E-02));
#6671 = VECTOR('',#6672,1.);
#6672 = DIRECTION('',(0.,0.,1.));
#6673 = ORIENTED_EDGE('',*,*,#5795,.F.);
#6674 = ORIENTED_EDGE('',*,*,#6668,.F.);
#6675 = CYLINDRICAL_SURFACE('',#6676,0.15);
#6676 = AXIS2_PLACEMENT_3D('',#6677,#6678,#6679);
#6677 = CARTESIAN_POINT('',(124.,-103.4,-4.6E-02));
#6678 = DIRECTION('',(-0.,-0.,-1.));
#6679 = DIRECTION('',(-0.,-1.,0.));
#6680 = ADVANCED_FACE('',(#6681),#6692,.F.);
#6681 = FACE_BOUND('',#6682,.T.);
#6682 = EDGE_LOOP('',(#6683,#6684,#6690,#6691));
#6683 = ORIENTED_EDGE('',*,*,#5226,.T.);
#6684 = ORIENTED_EDGE('',*,*,#6685,.T.);
#6685 = EDGE_CURVE('',#5227,#5807,#6686,.T.);
#6686 = LINE('',#6687,#6688);
#6687 = CARTESIAN_POINT('',(139.86,-114.31,-4.6E-02));
#6688 = VECTOR('',#6689,1.);
#6689 = DIRECTION('',(0.,0.,1.));
#6690 = ORIENTED_EDGE('',*,*,#5806,.F.);
#6691 = ORIENTED_EDGE('',*,*,#6685,.F.);
#6692 = CYLINDRICAL_SURFACE('',#6693,0.2);
#6693 = AXIS2_PLACEMENT_3D('',#6694,#6695,#6696);
#6694 = CARTESIAN_POINT('',(139.86,-114.11,-4.6E-02));
#6695 = DIRECTION('',(-0.,-0.,-1.));
#6696 = DIRECTION('',(-0.,-1.,0.));
#6697 = ADVANCED_FACE('',(#6698),#6709,.F.);
#6698 = FACE_BOUND('',#6699,.T.);
#6699 = EDGE_LOOP('',(#6700,#6701,#6707,#6708));
#6700 = ORIENTED_EDGE('',*,*,#5237,.T.);
#6701 = ORIENTED_EDGE('',*,*,#6702,.T.);
#6702 = EDGE_CURVE('',#5238,#5818,#6703,.T.);
#6703 = LINE('',#6704,#6705);
#6704 = CARTESIAN_POINT('',(140.25,-112.52,-4.6E-02));
#6705 = VECTOR('',#6706,1.);
#6706 = DIRECTION('',(0.,0.,1.));
#6707 = ORIENTED_EDGE('',*,*,#5817,.F.);
#6708 = ORIENTED_EDGE('',*,*,#6702,.F.);
#6709 = CYLINDRICAL_SURFACE('',#6710,0.15);
#6710 = AXIS2_PLACEMENT_3D('',#6711,#6712,#6713);
#6711 = CARTESIAN_POINT('',(140.25,-112.37,-4.6E-02));
#6712 = DIRECTION('',(-0.,-0.,-1.));
#6713 = DIRECTION('',(-0.,-1.,0.));
#6714 = ADVANCED_FACE('',(#6715),#6726,.F.);
#6715 = FACE_BOUND('',#6716,.T.);
#6716 = EDGE_LOOP('',(#6717,#6718,#6724,#6725));
#6717 = ORIENTED_EDGE('',*,*,#5248,.T.);
#6718 = ORIENTED_EDGE('',*,*,#6719,.T.);
#6719 = EDGE_CURVE('',#5249,#5829,#6720,.T.);
#6720 = LINE('',#6721,#6722);
#6721 = CARTESIAN_POINT('',(138.72,-104.87,-4.6E-02));
#6722 = VECTOR('',#6723,1.);
#6723 = DIRECTION('',(0.,0.,1.));
#6724 = ORIENTED_EDGE('',*,*,#5828,.F.);
#6725 = ORIENTED_EDGE('',*,*,#6719,.F.);
#6726 = CYLINDRICAL_SURFACE('',#6727,0.15);
#6727 = AXIS2_PLACEMENT_3D('',#6728,#6729,#6730);
#6728 = CARTESIAN_POINT('',(138.72,-104.72,-4.6E-02));
#6729 = DIRECTION('',(-0.,-0.,-1.));
#6730 = DIRECTION('',(-0.,-1.,0.));
#6731 = ADVANCED_FACE('',(#6732),#6743,.F.);
#6732 = FACE_BOUND('',#6733,.T.);
#6733 = EDGE_LOOP('',(#6734,#6735,#6741,#6742));
#6734 = ORIENTED_EDGE('',*,*,#5259,.T.);
#6735 = ORIENTED_EDGE('',*,*,#6736,.T.);
#6736 = EDGE_CURVE('',#5260,#5840,#6737,.T.);
#6737 = LINE('',#6738,#6739);
#6738 = CARTESIAN_POINT('',(139.,-103.55,-4.6E-02));
#6739 = VECTOR('',#6740,1.);
#6740 = DIRECTION('',(0.,0.,1.));
#6741 = ORIENTED_EDGE('',*,*,#5839,.F.);
#6742 = ORIENTED_EDGE('',*,*,#6736,.F.);
#6743 = CYLINDRICAL_SURFACE('',#6744,0.15);
#6744 = AXIS2_PLACEMENT_3D('',#6745,#6746,#6747);
#6745 = CARTESIAN_POINT('',(139.,-103.4,-4.6E-02));
#6746 = DIRECTION('',(-0.,-0.,-1.));
#6747 = DIRECTION('',(-0.,-1.,0.));
#6748 = ( GEOMETRIC_REPRESENTATION_CONTEXT(3) 
GLOBAL_UNCERTAINTY_ASSIGNED_CONTEXT((#6752)) 
GLOBAL_UNIT_ASSIGNED_CONTEXT((#6749,#6750,#6751)) REPRESENTATION_CONTEXT
('Context #1','3D Context with UNIT and UNCERTAINTY') );
#6749 = ( LENGTH_UNIT() NAMED_UNIT(*) SI_UNIT(.MILLI.,.METRE.) );
#6750 = ( NAMED_UNIT(*) PLANE_ANGLE_UNIT() SI_UNIT($,.RADIAN.) );
#6751 = ( NAMED_UNIT(*) SI_UNIT($,.STERADIAN.) SOLID_ANGLE_UNIT() );
#6752 = UNCERTAINTY_MEASURE_WITH_UNIT(LENGTH_MEASURE(1.E-07),#6749,
  'distance_accuracy_value','confusion accuracy');
#6753 = CONTEXT_DEPENDENT_SHAPE_REPRESENTATION(#6754,#6756);
#6754 = ( REPRESENTATION_RELATIONSHIP('','',#4585,#10) 
REPRESENTATION_RELATIONSHIP_WITH_TRANSFORMATION(#6755) 
SHAPE_REPRESENTATION_RELATIONSHIP() );
#6755 = ITEM_DEFINED_TRANSFORMATION('','',#11,#43);
#6756 = PRODUCT_DEFINITION_SHAPE('Placement','Placement of an item',
  #6757);
#6757 = NEXT_ASSEMBLY_USAGE_OCCURRENCE('8','=>[0:1:1:5]','',#5,#4580,$);
#6758 = PRODUCT_RELATED_PRODUCT_CATEGORY('part',$,(#4582));
#6759 = MECHANICAL_DESIGN_GEOMETRIC_PRESENTATION_REPRESENTATION('',(
    #6760),#6748);
#6760 = STYLED_ITEM('color',(#6761),#4586);
#6761 = PRESENTATION_STYLE_ASSIGNMENT((#6762));
#6762 = SURFACE_STYLE_USAGE(.BOTH.,#6763);
#6763 = SURFACE_SIDE_STYLE('',(#6764));
#6764 = SURFACE_STYLE_FILL_AREA(#6765);
#6765 = FILL_AREA_STYLE('',(#6766));
#6766 = FILL_AREA_STYLE_COLOUR('',#6767);
#6767 = COLOUR_RGB('',0.313304153717,0.484529207832,0.410020903123);
ENDSEC;
END-ISO-10303-21;
